time,phase,dx,dy,dz,dist,reached
0.0,finger_close,nan,nan,nan,nan,False
0.001,finger_close,nan,nan,nan,nan,False
0.002,finger_close,nan,nan,nan,nan,False
0.003,finger_close,nan,nan,nan,nan,False
0.004,finger_close,nan,nan,nan,nan,False
0.005,finger_close,nan,nan,nan,nan,False
0.006,finger_close,nan,nan,nan,nan,False
0.007,finger_close,nan,nan,nan,nan,False
0.008,finger_close,nan,nan,nan,nan,False
0.009000000000000001,finger_close,nan,nan,nan,nan,False
0.010000000000000002,finger_close,nan,nan,nan,nan,False
0.011000000000000003,finger_close,nan,nan,nan,nan,False
0.012000000000000004,finger_close,nan,nan,nan,nan,False
0.013000000000000005,finger_close,nan,nan,nan,nan,False
0.014000000000000005,finger_close,nan,nan,nan,nan,False
0.015000000000000006,finger_close,nan,nan,nan,nan,False
0.016000000000000007,finger_close,nan,nan,nan,nan,False
0.017000000000000008,finger_close,nan,nan,nan,nan,False
0.01800000000000001,finger_close,nan,nan,nan,nan,False
0.01900000000000001,finger_close,nan,nan,nan,nan,False
0.02000000000000001,finger_close,nan,nan,nan,nan,False
0.02100000000000001,finger_close,nan,nan,nan,nan,False
0.022000000000000013,finger_close,nan,nan,nan,nan,False
0.023000000000000013,finger_close,nan,nan,nan,nan,False
0.024000000000000014,finger_close,nan,nan,nan,nan,False
0.025000000000000015,finger_close,nan,nan,nan,nan,False
0.026000000000000016,finger_close,nan,nan,nan,nan,False
0.027000000000000017,finger_close,nan,nan,nan,nan,False
0.028000000000000018,finger_close,nan,nan,nan,nan,False
0.02900000000000002,finger_close,nan,nan,nan,nan,False
0.03000000000000002,finger_close,nan,nan,nan,nan,False
0.03100000000000002,finger_close,nan,nan,nan,nan,False
0.03200000000000002,finger_close,nan,nan,nan,nan,False
0.03300000000000002,finger_close,nan,nan,nan,nan,False
0.03400000000000002,finger_close,nan,nan,nan,nan,False
0.035000000000000024,finger_close,nan,nan,nan,nan,False
0.036000000000000025,finger_close,nan,nan,nan,nan,False
0.037000000000000026,finger_close,nan,nan,nan,nan,False
0.03800000000000003,finger_close,nan,nan,nan,nan,False
0.03900000000000003,finger_close,nan,nan,nan,nan,False
0.04000000000000003,finger_close,nan,nan,nan,nan,False
0.04100000000000003,finger_close,nan,nan,nan,nan,False
0.04200000000000003,finger_close,nan,nan,nan,nan,False
0.04300000000000003,finger_close,nan,nan,nan,nan,False
0.04400000000000003,finger_close,nan,nan,nan,nan,False
0.04500000000000003,finger_close,nan,nan,nan,nan,False
0.046000000000000034,finger_close,nan,nan,nan,nan,False
0.047000000000000035,finger_close,nan,nan,nan,nan,False
0.048000000000000036,finger_close,nan,nan,nan,nan,False
0.04900000000000004,finger_close,nan,nan,nan,nan,False
0.05000000000000004,finger_close,nan,nan,nan,nan,False
0.05100000000000004,finger_close,nan,nan,nan,nan,False
0.05200000000000004,finger_close,nan,nan,nan,nan,False
0.05300000000000004,finger_close,nan,nan,nan,nan,False
0.05400000000000004,finger_close,nan,nan,nan,nan,False
0.05500000000000004,finger_close,nan,nan,nan,nan,False
0.05600000000000004,finger_close,nan,nan,nan,nan,False
0.057000000000000044,finger_close,nan,nan,nan,nan,False
0.058000000000000045,finger_close,nan,nan,nan,nan,False
0.059000000000000045,finger_close,nan,nan,nan,nan,False
0.060000000000000046,finger_close,nan,nan,nan,nan,False
0.06100000000000005,finger_close,nan,nan,nan,nan,False
0.06200000000000005,finger_close,nan,nan,nan,nan,False
0.06300000000000004,finger_close,nan,nan,nan,nan,False
0.06400000000000004,finger_close,nan,nan,nan,nan,False
0.06500000000000004,finger_close,nan,nan,nan,nan,False
0.06600000000000004,finger_close,nan,nan,nan,nan,False
0.06700000000000005,finger_close,nan,nan,nan,nan,False
0.06800000000000005,finger_close,nan,nan,nan,nan,False
0.06900000000000005,finger_close,nan,nan,nan,nan,False
0.07000000000000005,finger_close,nan,nan,nan,nan,False
0.07100000000000005,finger_close,nan,nan,nan,nan,False
0.07200000000000005,finger_close,nan,nan,nan,nan,False
0.07300000000000005,finger_close,nan,nan,nan,nan,False
0.07400000000000005,finger_close,nan,nan,nan,nan,False
0.07500000000000005,finger_close,nan,nan,nan,nan,False
0.07600000000000005,finger_close,nan,nan,nan,nan,False
0.07700000000000005,finger_close,nan,nan,nan,nan,False
0.07800000000000006,finger_close,nan,nan,nan,nan,False
0.07900000000000006,finger_close,nan,nan,nan,nan,False
0.08000000000000006,finger_close,nan,nan,nan,nan,False
0.08100000000000006,finger_close,nan,nan,nan,nan,False
0.08200000000000006,finger_close,nan,nan,nan,nan,False
0.08300000000000006,finger_close,nan,nan,nan,nan,False
0.08400000000000006,finger_close,nan,nan,nan,nan,False
0.08500000000000006,finger_close,nan,nan,nan,nan,False
0.08600000000000006,finger_close,nan,nan,nan,nan,False
0.08700000000000006,finger_close,nan,nan,nan,nan,False
0.08800000000000006,finger_close,nan,nan,nan,nan,False
0.08900000000000007,finger_close,nan,nan,nan,nan,False
0.09000000000000007,finger_close,nan,nan,nan,nan,False
0.09100000000000007,finger_close,nan,nan,nan,nan,False
0.09200000000000007,finger_close,nan,nan,nan,nan,False
0.09300000000000007,finger_close,nan,nan,nan,nan,False
0.09400000000000007,finger_close,nan,nan,nan,nan,False
0.09500000000000007,finger_close,nan,nan,nan,nan,False
0.09600000000000007,finger_close,nan,nan,nan,nan,False
0.09700000000000007,finger_close,nan,nan,nan,nan,False
0.09800000000000007,finger_close,nan,nan,nan,nan,False
0.09900000000000007,finger_close,nan,nan,nan,nan,False
0.10000000000000007,finger_close,nan,nan,nan,nan,False
0.10100000000000008,finger_close,nan,nan,nan,nan,False
0.10200000000000008,finger_close,nan,nan,nan,nan,False
0.10300000000000008,finger_close,nan,nan,nan,nan,False
0.10400000000000008,finger_close,nan,nan,nan,nan,False
0.10500000000000008,finger_close,nan,nan,nan,nan,False
0.10600000000000008,finger_close,nan,nan,nan,nan,False
0.10700000000000008,finger_close,nan,nan,nan,nan,False
0.10800000000000008,finger_close,nan,nan,nan,nan,False
0.10900000000000008,finger_close,nan,nan,nan,nan,False
0.11000000000000008,finger_close,nan,nan,nan,nan,False
0.11100000000000008,finger_close,nan,nan,nan,nan,False
0.11200000000000009,finger_close,nan,nan,nan,nan,False
0.11300000000000009,finger_close,nan,nan,nan,nan,False
0.11400000000000009,finger_close,nan,nan,nan,nan,False
0.11500000000000009,finger_close,nan,nan,nan,nan,False
0.11600000000000009,finger_close,nan,nan,nan,nan,False
0.11700000000000009,finger_close,nan,nan,nan,nan,False
0.11800000000000009,finger_close,nan,nan,nan,nan,False
0.11900000000000009,finger_close,nan,nan,nan,nan,False
0.12000000000000009,finger_close,nan,nan,nan,nan,False
0.1210000000000001,finger_close,nan,nan,nan,nan,False
0.1220000000000001,finger_close,nan,nan,nan,nan,False
0.1230000000000001,finger_close,nan,nan,nan,nan,False
0.1240000000000001,finger_close,nan,nan,nan,nan,False
0.12500000000000008,finger_close,nan,nan,nan,nan,False
0.12600000000000008,finger_close,nan,nan,nan,nan,False
0.12700000000000009,finger_close,nan,nan,nan,nan,False
0.12800000000000009,finger_close,nan,nan,nan,nan,False
0.1290000000000001,finger_close,nan,nan,nan,nan,False
0.1300000000000001,finger_close,nan,nan,nan,nan,False
0.1310000000000001,finger_close,nan,nan,nan,nan,False
0.1320000000000001,finger_close,nan,nan,nan,nan,False
0.1330000000000001,finger_close,nan,nan,nan,nan,False
0.1340000000000001,finger_close,nan,nan,nan,nan,False
0.1350000000000001,finger_close,nan,nan,nan,nan,False
0.1360000000000001,finger_close,nan,nan,nan,nan,False
0.1370000000000001,finger_close,nan,nan,nan,nan,False
0.1380000000000001,finger_close,nan,nan,nan,nan,False
0.1390000000000001,finger_close,nan,nan,nan,nan,False
0.1400000000000001,finger_close,nan,nan,nan,nan,False
0.1410000000000001,finger_close,nan,nan,nan,nan,False
0.1420000000000001,finger_close,nan,nan,nan,nan,False
0.1430000000000001,finger_close,nan,nan,nan,nan,False
0.1440000000000001,finger_close,nan,nan,nan,nan,False
0.1450000000000001,finger_close,nan,nan,nan,nan,False
0.1460000000000001,finger_close,nan,nan,nan,nan,False
0.1470000000000001,finger_close,nan,nan,nan,nan,False
0.1480000000000001,finger_close,nan,nan,nan,nan,False
0.1490000000000001,finger_close,nan,nan,nan,nan,False
0.1500000000000001,finger_close,nan,nan,nan,nan,False
0.1510000000000001,finger_close,nan,nan,nan,nan,False
0.1520000000000001,finger_close,nan,nan,nan,nan,False
0.1530000000000001,finger_close,nan,nan,nan,nan,False
0.1540000000000001,finger_close,nan,nan,nan,nan,False
0.1550000000000001,finger_close,nan,nan,nan,nan,False
0.1560000000000001,finger_close,nan,nan,nan,nan,False
0.1570000000000001,finger_close,nan,nan,nan,nan,False
0.1580000000000001,finger_close,nan,nan,nan,nan,False
0.1590000000000001,finger_close,nan,nan,nan,nan,False
0.16000000000000011,finger_close,nan,nan,nan,nan,False
0.16100000000000012,finger_close,nan,nan,nan,nan,False
0.16200000000000012,finger_close,nan,nan,nan,nan,False
0.16300000000000012,finger_close,nan,nan,nan,nan,False
0.16400000000000012,finger_close,nan,nan,nan,nan,False
0.16500000000000012,finger_close,nan,nan,nan,nan,False
0.16600000000000012,finger_close,nan,nan,nan,nan,False
0.16700000000000012,finger_close,nan,nan,nan,nan,False
0.16800000000000012,finger_close,nan,nan,nan,nan,False
0.16900000000000012,finger_close,nan,nan,nan,nan,False
0.17000000000000012,finger_close,nan,nan,nan,nan,False
0.17100000000000012,finger_close,nan,nan,nan,nan,False
0.17200000000000013,finger_close,nan,nan,nan,nan,False
0.17300000000000013,finger_close,nan,nan,nan,nan,False
0.17400000000000013,finger_close,nan,nan,nan,nan,False
0.17500000000000013,finger_close,nan,nan,nan,nan,False
0.17600000000000013,finger_close,nan,nan,nan,nan,False
0.17700000000000013,finger_close,nan,nan,nan,nan,False
0.17800000000000013,finger_close,nan,nan,nan,nan,False
0.17900000000000013,finger_close,nan,nan,nan,nan,False
0.18000000000000013,finger_close,nan,nan,nan,nan,False
0.18100000000000013,finger_close,nan,nan,nan,nan,False
0.18200000000000013,finger_close,nan,nan,nan,nan,False
0.18300000000000013,finger_close,nan,nan,nan,nan,False
0.18400000000000014,finger_close,nan,nan,nan,nan,False
0.18500000000000014,finger_close,nan,nan,nan,nan,False
0.18600000000000014,finger_close,nan,nan,nan,nan,False
0.18700000000000014,finger_close,nan,nan,nan,nan,False
0.18800000000000014,finger_close,nan,nan,nan,nan,False
0.18900000000000014,finger_close,nan,nan,nan,nan,False
0.19000000000000014,finger_close,nan,nan,nan,nan,False
0.19100000000000014,finger_close,nan,nan,nan,nan,False
0.19200000000000014,finger_close,nan,nan,nan,nan,False
0.19300000000000014,finger_close,nan,nan,nan,nan,False
0.19400000000000014,finger_close,nan,nan,nan,nan,False
0.19500000000000015,finger_close,nan,nan,nan,nan,False
0.19600000000000015,finger_close,nan,nan,nan,nan,False
0.19700000000000015,finger_close,nan,nan,nan,nan,False
0.19800000000000015,finger_close,nan,nan,nan,nan,False
0.19900000000000015,finger_close,nan,nan,nan,nan,False
0.20000000000000015,finger_close,nan,nan,nan,nan,False
0.20100000000000015,finger_close,nan,nan,nan,nan,False
0.20200000000000015,finger_close,nan,nan,nan,nan,False
0.20300000000000015,finger_close,nan,nan,nan,nan,False
0.20400000000000015,finger_close,nan,nan,nan,nan,False
0.20500000000000015,finger_close,nan,nan,nan,nan,False
0.20600000000000016,finger_close,nan,nan,nan,nan,False
0.20700000000000016,finger_close,nan,nan,nan,nan,False
0.20800000000000016,finger_close,nan,nan,nan,nan,False
0.20900000000000016,finger_close,nan,nan,nan,nan,False
0.21000000000000016,finger_close,nan,nan,nan,nan,False
0.21100000000000016,finger_close,nan,nan,nan,nan,False
0.21200000000000016,finger_close,nan,nan,nan,nan,False
0.21300000000000016,finger_close,nan,nan,nan,nan,False
0.21400000000000016,finger_close,nan,nan,nan,nan,False
0.21500000000000016,finger_close,nan,nan,nan,nan,False
0.21600000000000016,finger_close,nan,nan,nan,nan,False
0.21700000000000016,finger_close,nan,nan,nan,nan,False
0.21800000000000017,finger_close,nan,nan,nan,nan,False
0.21900000000000017,finger_close,nan,nan,nan,nan,False
0.22000000000000017,finger_close,nan,nan,nan,nan,False
0.22100000000000017,finger_close,nan,nan,nan,nan,False
0.22200000000000017,finger_close,nan,nan,nan,nan,False
0.22300000000000017,finger_close,nan,nan,nan,nan,False
0.22400000000000017,finger_close,nan,nan,nan,nan,False
0.22500000000000017,finger_close,nan,nan,nan,nan,False
0.22600000000000017,finger_close,nan,nan,nan,nan,False
0.22700000000000017,finger_close,nan,nan,nan,nan,False
0.22800000000000017,finger_close,nan,nan,nan,nan,False
0.22900000000000018,finger_close,nan,nan,nan,nan,False
0.23000000000000018,finger_close,nan,nan,nan,nan,False
0.23100000000000018,finger_close,nan,nan,nan,nan,False
0.23200000000000018,finger_close,nan,nan,nan,nan,False
0.23300000000000018,finger_close,nan,nan,nan,nan,False
0.23400000000000018,finger_close,nan,nan,nan,nan,False
0.23500000000000018,finger_close,nan,nan,nan,nan,False
0.23600000000000018,finger_close,nan,nan,nan,nan,False
0.23700000000000018,finger_close,nan,nan,nan,nan,False
0.23800000000000018,finger_close,nan,nan,nan,nan,False
0.23900000000000018,finger_close,nan,nan,nan,nan,False
0.24000000000000019,finger_close,nan,nan,nan,nan,False
0.2410000000000002,finger_close,nan,nan,nan,nan,False
0.2420000000000002,finger_close,nan,nan,nan,nan,False
0.2430000000000002,finger_close,nan,nan,nan,nan,False
0.2440000000000002,finger_close,nan,nan,nan,nan,False
0.2450000000000002,finger_close,nan,nan,nan,nan,False
0.2460000000000002,finger_close,nan,nan,nan,nan,False
0.2470000000000002,finger_close,nan,nan,nan,nan,False
0.2480000000000002,finger_close,nan,nan,nan,nan,False
0.2490000000000002,finger_close,nan,nan,nan,nan,False
0.25000000000000017,finger_close,nan,nan,nan,nan,False
0.25100000000000017,finger_close,nan,nan,nan,nan,False
0.25200000000000017,finger_close,nan,nan,nan,nan,False
0.25300000000000017,finger_close,nan,nan,nan,nan,False
0.25400000000000017,finger_close,nan,nan,nan,nan,False
0.25500000000000017,finger_close,nan,nan,nan,nan,False
0.25600000000000017,finger_close,nan,nan,nan,nan,False
0.2570000000000002,finger_close,nan,nan,nan,nan,False
0.2580000000000002,finger_close,nan,nan,nan,nan,False
0.2590000000000002,finger_close,nan,nan,nan,nan,False
0.2600000000000002,finger_close,nan,nan,nan,nan,False
0.2610000000000002,finger_close,nan,nan,nan,nan,False
0.2620000000000002,finger_close,nan,nan,nan,nan,False
0.2630000000000002,finger_close,nan,nan,nan,nan,False
0.2640000000000002,finger_close,nan,nan,nan,nan,False
0.2650000000000002,finger_close,nan,nan,nan,nan,False
0.2660000000000002,finger_close,nan,nan,nan,nan,False
0.2670000000000002,finger_close,nan,nan,nan,nan,False
0.2680000000000002,finger_close,nan,nan,nan,nan,False
0.2690000000000002,finger_close,nan,nan,nan,nan,False
0.2700000000000002,finger_close,nan,nan,nan,nan,False
0.2710000000000002,finger_close,nan,nan,nan,nan,False
0.2720000000000002,finger_close,nan,nan,nan,nan,False
0.2730000000000002,finger_close,nan,nan,nan,nan,False
0.2740000000000002,finger_close,nan,nan,nan,nan,False
0.2750000000000002,finger_close,nan,nan,nan,nan,False
0.2760000000000002,finger_close,nan,nan,nan,nan,False
0.2770000000000002,finger_close,nan,nan,nan,nan,False
0.2780000000000002,finger_close,nan,nan,nan,nan,False
0.2790000000000002,finger_close,nan,nan,nan,nan,False
0.2800000000000002,finger_close,nan,nan,nan,nan,False
0.2810000000000002,finger_close,nan,nan,nan,nan,False
0.2820000000000002,finger_close,nan,nan,nan,nan,False
0.2830000000000002,finger_close,nan,nan,nan,nan,False
0.2840000000000002,finger_close,nan,nan,nan,nan,False
0.2850000000000002,finger_close,nan,nan,nan,nan,False
0.2860000000000002,finger_close,nan,nan,nan,nan,False
0.2870000000000002,finger_close,nan,nan,nan,nan,False
0.2880000000000002,finger_close,nan,nan,nan,nan,False
0.2890000000000002,finger_close,nan,nan,nan,nan,False
0.2900000000000002,finger_close,nan,nan,nan,nan,False
0.2910000000000002,finger_close,nan,nan,nan,nan,False
0.2920000000000002,finger_close,nan,nan,nan,nan,False
0.2930000000000002,finger_close,nan,nan,nan,nan,False
0.2940000000000002,finger_close,nan,nan,nan,nan,False
0.2950000000000002,finger_close,nan,nan,nan,nan,False
0.2960000000000002,finger_close,nan,nan,nan,nan,False
0.2970000000000002,finger_close,nan,nan,nan,nan,False
0.2980000000000002,finger_close,nan,nan,nan,nan,False
0.2990000000000002,finger_close,nan,nan,nan,nan,False
0.3000000000000002,finger_close,nan,nan,nan,nan,False
0.3010000000000002,finger_close,nan,nan,nan,nan,False
0.3020000000000002,finger_close,nan,nan,nan,nan,False
0.3030000000000002,finger_close,nan,nan,nan,nan,False
0.3040000000000002,finger_close,nan,nan,nan,nan,False
0.3050000000000002,finger_close,nan,nan,nan,nan,False
0.3060000000000002,finger_close,nan,nan,nan,nan,False
0.3070000000000002,finger_close,nan,nan,nan,nan,False
0.3080000000000002,finger_close,nan,nan,nan,nan,False
0.3090000000000002,finger_close,nan,nan,nan,nan,False
0.3100000000000002,finger_close,nan,nan,nan,nan,False
0.3110000000000002,finger_close,nan,nan,nan,nan,False
0.3120000000000002,finger_close,nan,nan,nan,nan,False
0.3130000000000002,finger_close,nan,nan,nan,nan,False
0.3140000000000002,finger_close,nan,nan,nan,nan,False
0.3150000000000002,finger_close,nan,nan,nan,nan,False
0.3160000000000002,finger_close,nan,nan,nan,nan,False
0.3170000000000002,finger_close,nan,nan,nan,nan,False
0.3180000000000002,finger_close,nan,nan,nan,nan,False
0.31900000000000023,finger_close,nan,nan,nan,nan,False
0.32000000000000023,finger_close,nan,nan,nan,nan,False
0.32100000000000023,finger_close,nan,nan,nan,nan,False
0.32200000000000023,finger_close,nan,nan,nan,nan,False
0.32300000000000023,finger_close,nan,nan,nan,nan,False
0.32400000000000023,finger_close,nan,nan,nan,nan,False
0.32500000000000023,finger_close,nan,nan,nan,nan,False
0.32600000000000023,finger_close,nan,nan,nan,nan,False
0.32700000000000023,finger_close,nan,nan,nan,nan,False
0.32800000000000024,finger_close,nan,nan,nan,nan,False
0.32900000000000024,finger_close,nan,nan,nan,nan,False
0.33000000000000024,finger_close,nan,nan,nan,nan,False
0.33100000000000024,finger_close,nan,nan,nan,nan,False
0.33200000000000024,finger_close,nan,nan,nan,nan,False
0.33300000000000024,finger_close,nan,nan,nan,nan,False
0.33400000000000024,finger_close,nan,nan,nan,nan,False
0.33500000000000024,finger_close,nan,nan,nan,nan,False
0.33600000000000024,finger_close,nan,nan,nan,nan,False
0.33700000000000024,finger_close,nan,nan,nan,nan,False
0.33800000000000024,finger_close,nan,nan,nan,nan,False
0.33900000000000025,finger_close,nan,nan,nan,nan,False
0.34000000000000025,finger_close,nan,nan,nan,nan,False
0.34100000000000025,finger_close,nan,nan,nan,nan,False
0.34200000000000025,finger_close,nan,nan,nan,nan,False
0.34300000000000025,finger_close,nan,nan,nan,nan,False
0.34400000000000025,finger_close,nan,nan,nan,nan,False
0.34500000000000025,finger_close,nan,nan,nan,nan,False
0.34600000000000025,finger_close,nan,nan,nan,nan,False
0.34700000000000025,finger_close,nan,nan,nan,nan,False
0.34800000000000025,finger_close,nan,nan,nan,nan,False
0.34900000000000025,finger_close,nan,nan,nan,nan,False
0.35000000000000026,finger_close,nan,nan,nan,nan,False
0.35100000000000026,finger_close,nan,nan,nan,nan,False
0.35200000000000026,finger_close,nan,nan,nan,nan,False
0.35300000000000026,finger_close,nan,nan,nan,nan,False
0.35400000000000026,finger_close,nan,nan,nan,nan,False
0.35500000000000026,finger_close,nan,nan,nan,nan,False
0.35600000000000026,finger_close,nan,nan,nan,nan,False
0.35700000000000026,finger_close,nan,nan,nan,nan,False
0.35800000000000026,finger_close,nan,nan,nan,nan,False
0.35900000000000026,finger_close,nan,nan,nan,nan,False
0.36000000000000026,finger_close,nan,nan,nan,nan,False
0.36100000000000027,finger_close,nan,nan,nan,nan,False
0.36200000000000027,finger_close,nan,nan,nan,nan,False
0.36300000000000027,finger_close,nan,nan,nan,nan,False
0.36400000000000027,finger_close,nan,nan,nan,nan,False
0.36500000000000027,finger_close,nan,nan,nan,nan,False
0.36600000000000027,finger_close,nan,nan,nan,nan,False
0.36700000000000027,finger_close,nan,nan,nan,nan,False
0.36800000000000027,finger_close,nan,nan,nan,nan,False
0.36900000000000027,finger_close,nan,nan,nan,nan,False
0.3700000000000003,finger_close,nan,nan,nan,nan,False
0.3710000000000003,finger_close,nan,nan,nan,nan,False
0.3720000000000003,finger_close,nan,nan,nan,nan,False
0.3730000000000003,finger_close,nan,nan,nan,nan,False
0.3740000000000003,finger_close,nan,nan,nan,nan,False
0.3750000000000003,finger_close,nan,nan,nan,nan,False
0.3760000000000003,finger_close,nan,nan,nan,nan,False
0.3770000000000003,finger_close,nan,nan,nan,nan,False
0.3780000000000003,finger_close,nan,nan,nan,nan,False
0.3790000000000003,finger_close,nan,nan,nan,nan,False
0.3800000000000003,finger_close,nan,nan,nan,nan,False
0.3810000000000003,finger_close,nan,nan,nan,nan,False
0.3820000000000003,finger_close,nan,nan,nan,nan,False
0.3830000000000003,finger_close,nan,nan,nan,nan,False
0.3840000000000003,finger_close,nan,nan,nan,nan,False
0.3850000000000003,finger_close,nan,nan,nan,nan,False
0.3860000000000003,finger_close,nan,nan,nan,nan,False
0.3870000000000003,finger_close,nan,nan,nan,nan,False
0.3880000000000003,finger_close,nan,nan,nan,nan,False
0.3890000000000003,finger_close,nan,nan,nan,nan,False
0.3900000000000003,finger_close,nan,nan,nan,nan,False
0.3910000000000003,finger_close,nan,nan,nan,nan,False
0.3920000000000003,finger_close,nan,nan,nan,nan,False
0.3930000000000003,finger_close,nan,nan,nan,nan,False
0.3940000000000003,finger_close,nan,nan,nan,nan,False
0.3950000000000003,finger_close,nan,nan,nan,nan,False
0.3960000000000003,finger_close,nan,nan,nan,nan,False
0.3970000000000003,finger_close,nan,nan,nan,nan,False
0.3980000000000003,finger_close,nan,nan,nan,nan,False
0.3990000000000003,finger_close,nan,nan,nan,nan,False
0.4000000000000003,finger_close,nan,nan,nan,nan,False
0.4010000000000003,finger_close,nan,nan,nan,nan,False
0.4020000000000003,finger_close,nan,nan,nan,nan,False
0.4030000000000003,finger_close,nan,nan,nan,nan,False
0.4040000000000003,finger_close,nan,nan,nan,nan,False
0.4050000000000003,finger_close,nan,nan,nan,nan,False
0.4060000000000003,finger_close,nan,nan,nan,nan,False
0.4070000000000003,finger_close,nan,nan,nan,nan,False
0.4080000000000003,finger_close,nan,nan,nan,nan,False
0.4090000000000003,finger_close,nan,nan,nan,nan,False
0.4100000000000003,finger_close,nan,nan,nan,nan,False
0.4110000000000003,finger_close,nan,nan,nan,nan,False
0.4120000000000003,finger_close,nan,nan,nan,nan,False
0.4130000000000003,finger_close,nan,nan,nan,nan,False
0.4140000000000003,finger_close,nan,nan,nan,nan,False
0.4150000000000003,finger_close,nan,nan,nan,nan,False
0.4160000000000003,finger_close,nan,nan,nan,nan,False
0.4170000000000003,finger_close,nan,nan,nan,nan,False
0.4180000000000003,finger_close,nan,nan,nan,nan,False
0.4190000000000003,finger_close,nan,nan,nan,nan,False
0.4200000000000003,finger_close,nan,nan,nan,nan,False
0.4210000000000003,finger_close,nan,nan,nan,nan,False
0.4220000000000003,finger_close,nan,nan,nan,nan,False
0.4230000000000003,finger_close,nan,nan,nan,nan,False
0.4240000000000003,finger_close,nan,nan,nan,nan,False
0.4250000000000003,finger_close,nan,nan,nan,nan,False
0.4260000000000003,finger_close,nan,nan,nan,nan,False
0.4270000000000003,finger_close,nan,nan,nan,nan,False
0.4280000000000003,finger_close,nan,nan,nan,nan,False
0.4290000000000003,finger_close,nan,nan,nan,nan,False
0.4300000000000003,finger_close,nan,nan,nan,nan,False
0.4310000000000003,finger_close,nan,nan,nan,nan,False
0.43200000000000033,finger_close,nan,nan,nan,nan,False
0.43300000000000033,finger_close,nan,nan,nan,nan,False
0.43400000000000033,finger_close,nan,nan,nan,nan,False
0.43500000000000033,finger_close,nan,nan,nan,nan,False
0.43600000000000033,finger_close,nan,nan,nan,nan,False
0.43700000000000033,finger_close,nan,nan,nan,nan,False
0.43800000000000033,finger_close,nan,nan,nan,nan,False
0.43900000000000033,finger_close,nan,nan,nan,nan,False
0.44000000000000034,finger_close,nan,nan,nan,nan,False
0.44100000000000034,finger_close,nan,nan,nan,nan,False
0.44200000000000034,finger_close,nan,nan,nan,nan,False
0.44300000000000034,finger_close,nan,nan,nan,nan,False
0.44400000000000034,finger_close,nan,nan,nan,nan,False
0.44500000000000034,finger_close,nan,nan,nan,nan,False
0.44600000000000034,finger_close,nan,nan,nan,nan,False
0.44700000000000034,finger_close,nan,nan,nan,nan,False
0.44800000000000034,finger_close,nan,nan,nan,nan,False
0.44900000000000034,finger_close,nan,nan,nan,nan,False
0.45000000000000034,finger_close,nan,nan,nan,nan,False
0.45100000000000035,finger_close,nan,nan,nan,nan,False
0.45200000000000035,finger_close,nan,nan,nan,nan,False
0.45300000000000035,finger_close,nan,nan,nan,nan,False
0.45400000000000035,finger_close,nan,nan,nan,nan,False
0.45500000000000035,finger_close,nan,nan,nan,nan,False
0.45600000000000035,finger_close,nan,nan,nan,nan,False
0.45700000000000035,finger_close,nan,nan,nan,nan,False
0.45800000000000035,finger_close,nan,nan,nan,nan,False
0.45900000000000035,finger_close,nan,nan,nan,nan,False
0.46000000000000035,finger_close,nan,nan,nan,nan,False
0.46100000000000035,finger_close,nan,nan,nan,nan,False
0.46200000000000035,finger_close,nan,nan,nan,nan,False
0.46300000000000036,finger_close,nan,nan,nan,nan,False
0.46400000000000036,finger_close,nan,nan,nan,nan,False
0.46500000000000036,finger_close,nan,nan,nan,nan,False
0.46600000000000036,finger_close,nan,nan,nan,nan,False
0.46700000000000036,finger_close,nan,nan,nan,nan,False
0.46800000000000036,finger_close,nan,nan,nan,nan,False
0.46900000000000036,finger_close,nan,nan,nan,nan,False
0.47000000000000036,finger_close,nan,nan,nan,nan,False
0.47100000000000036,finger_close,nan,nan,nan,nan,False
0.47200000000000036,finger_close,nan,nan,nan,nan,False
0.47300000000000036,finger_close,nan,nan,nan,nan,False
0.47400000000000037,finger_close,nan,nan,nan,nan,False
0.47500000000000037,finger_close,nan,nan,nan,nan,False
0.47600000000000037,finger_close,nan,nan,nan,nan,False
0.47700000000000037,finger_close,nan,nan,nan,nan,False
0.47800000000000037,finger_close,nan,nan,nan,nan,False
0.47900000000000037,finger_close,nan,nan,nan,nan,False
0.48000000000000037,finger_close,nan,nan,nan,nan,False
0.48100000000000037,finger_close,nan,nan,nan,nan,False
0.4820000000000004,finger_close,nan,nan,nan,nan,False
0.4830000000000004,finger_close,nan,nan,nan,nan,False
0.4840000000000004,finger_close,nan,nan,nan,nan,False
0.4850000000000004,finger_close,nan,nan,nan,nan,False
0.4860000000000004,finger_close,nan,nan,nan,nan,False
0.4870000000000004,finger_close,nan,nan,nan,nan,False
0.4880000000000004,finger_close,nan,nan,nan,nan,False
0.4890000000000004,finger_close,nan,nan,nan,nan,False
0.4900000000000004,finger_close,nan,nan,nan,nan,False
0.4910000000000004,finger_close,nan,nan,nan,nan,False
0.4920000000000004,finger_close,nan,nan,nan,nan,False
0.4930000000000004,finger_close,nan,nan,nan,nan,False
0.4940000000000004,finger_close,nan,nan,nan,nan,False
0.4950000000000004,finger_close,nan,nan,nan,nan,False
0.4960000000000004,finger_close,nan,nan,nan,nan,False
0.4970000000000004,finger_close,nan,nan,nan,nan,False
0.4980000000000004,finger_close,nan,nan,nan,nan,False
0.4990000000000004,finger_close,nan,nan,nan,nan,False
0.5000000000000003,finger_close,nan,nan,nan,nan,False
0.5010000000000003,finger_close,nan,nan,nan,nan,False
0.5020000000000003,finger_close,nan,nan,nan,nan,False
0.5030000000000003,finger_close,nan,nan,nan,nan,False
0.5040000000000003,finger_close,nan,nan,nan,nan,False
0.5050000000000003,finger_close,nan,nan,nan,nan,False
0.5060000000000003,finger_close,nan,nan,nan,nan,False
0.5070000000000003,finger_close,nan,nan,nan,nan,False
0.5080000000000003,finger_close,nan,nan,nan,nan,False
0.5090000000000003,finger_close,nan,nan,nan,nan,False
0.5100000000000003,finger_close,nan,nan,nan,nan,False
0.5110000000000003,finger_close,nan,nan,nan,nan,False
0.5120000000000003,finger_close,nan,nan,nan,nan,False
0.5130000000000003,finger_close,nan,nan,nan,nan,False
0.5140000000000003,finger_close,nan,nan,nan,nan,False
0.5150000000000003,finger_close,nan,nan,nan,nan,False
0.5160000000000003,finger_close,nan,nan,nan,nan,False
0.5170000000000003,finger_close,nan,nan,nan,nan,False
0.5180000000000003,finger_close,nan,nan,nan,nan,False
0.5190000000000003,finger_close,nan,nan,nan,nan,False
0.5200000000000004,finger_close,nan,nan,nan,nan,False
0.5210000000000004,finger_close,nan,nan,nan,nan,False
0.5220000000000004,finger_close,nan,nan,nan,nan,False
0.5230000000000004,finger_close,nan,nan,nan,nan,False
0.5240000000000004,finger_close,nan,nan,nan,nan,False
0.5250000000000004,finger_close,nan,nan,nan,nan,False
0.5260000000000004,finger_close,nan,nan,nan,nan,False
0.5270000000000004,finger_close,nan,nan,nan,nan,False
0.5280000000000004,finger_close,nan,nan,nan,nan,False
0.5290000000000004,finger_close,nan,nan,nan,nan,False
0.5300000000000004,finger_close,nan,nan,nan,nan,False
0.5310000000000004,finger_close,nan,nan,nan,nan,False
0.5320000000000004,finger_close,nan,nan,nan,nan,False
0.5330000000000004,finger_close,nan,nan,nan,nan,False
0.5340000000000004,finger_close,nan,nan,nan,nan,False
0.5350000000000004,finger_close,nan,nan,nan,nan,False
0.5360000000000004,finger_close,nan,nan,nan,nan,False
0.5370000000000004,finger_close,nan,nan,nan,nan,False
0.5380000000000004,finger_close,nan,nan,nan,nan,False
0.5390000000000004,finger_close,nan,nan,nan,nan,False
0.5400000000000004,finger_close,nan,nan,nan,nan,False
0.5410000000000004,finger_close,nan,nan,nan,nan,False
0.5420000000000004,finger_close,nan,nan,nan,nan,False
0.5430000000000004,finger_close,nan,nan,nan,nan,False
0.5440000000000004,finger_close,nan,nan,nan,nan,False
0.5450000000000004,finger_close,nan,nan,nan,nan,False
0.5460000000000004,finger_close,nan,nan,nan,nan,False
0.5470000000000004,finger_close,nan,nan,nan,nan,False
0.5480000000000004,finger_close,nan,nan,nan,nan,False
0.5490000000000004,finger_close,nan,nan,nan,nan,False
0.5500000000000004,finger_close,nan,nan,nan,nan,False
0.5510000000000004,finger_close,nan,nan,nan,nan,False
0.5520000000000004,finger_close,nan,nan,nan,nan,False
0.5530000000000004,finger_close,nan,nan,nan,nan,False
0.5540000000000004,finger_close,nan,nan,nan,nan,False
0.5550000000000004,finger_close,nan,nan,nan,nan,False
0.5560000000000004,finger_close,nan,nan,nan,nan,False
0.5570000000000004,finger_close,nan,nan,nan,nan,False
0.5580000000000004,finger_close,nan,nan,nan,nan,False
0.5590000000000004,finger_close,nan,nan,nan,nan,False
0.5600000000000004,finger_close,nan,nan,nan,nan,False
0.5610000000000004,finger_close,nan,nan,nan,nan,False
0.5620000000000004,finger_close,nan,nan,nan,nan,False
0.5630000000000004,finger_close,nan,nan,nan,nan,False
0.5640000000000004,finger_close,nan,nan,nan,nan,False
0.5650000000000004,finger_close,nan,nan,nan,nan,False
0.5660000000000004,finger_close,nan,nan,nan,nan,False
0.5670000000000004,finger_close,nan,nan,nan,nan,False
0.5680000000000004,finger_close,nan,nan,nan,nan,False
0.5690000000000004,finger_close,nan,nan,nan,nan,False
0.5700000000000004,finger_close,nan,nan,nan,nan,False
0.5710000000000004,finger_close,nan,nan,nan,nan,False
0.5720000000000004,finger_close,nan,nan,nan,nan,False
0.5730000000000004,finger_close,nan,nan,nan,nan,False
0.5740000000000004,finger_close,nan,nan,nan,nan,False
0.5750000000000004,finger_close,nan,nan,nan,nan,False
0.5760000000000004,finger_close,nan,nan,nan,nan,False
0.5770000000000004,finger_close,nan,nan,nan,nan,False
0.5780000000000004,finger_close,nan,nan,nan,nan,False
0.5790000000000004,finger_close,nan,nan,nan,nan,False
0.5800000000000004,finger_close,nan,nan,nan,nan,False
0.5810000000000004,finger_close,nan,nan,nan,nan,False
0.5820000000000004,finger_close,nan,nan,nan,nan,False
0.5830000000000004,finger_close,nan,nan,nan,nan,False
0.5840000000000004,finger_close,nan,nan,nan,nan,False
0.5850000000000004,finger_close,nan,nan,nan,nan,False
0.5860000000000004,finger_close,nan,nan,nan,nan,False
0.5870000000000004,finger_close,nan,nan,nan,nan,False
0.5880000000000004,finger_close,nan,nan,nan,nan,False
0.5890000000000004,finger_close,nan,nan,nan,nan,False
0.5900000000000004,finger_close,nan,nan,nan,nan,False
0.5910000000000004,finger_close,nan,nan,nan,nan,False
0.5920000000000004,finger_close,nan,nan,nan,nan,False
0.5930000000000004,finger_close,nan,nan,nan,nan,False
0.5940000000000004,finger_close,nan,nan,nan,nan,False
0.5950000000000004,finger_close,nan,nan,nan,nan,False
0.5960000000000004,finger_close,nan,nan,nan,nan,False
0.5970000000000004,finger_close,nan,nan,nan,nan,False
0.5980000000000004,finger_close,nan,nan,nan,nan,False
0.5990000000000004,finger_close,nan,nan,nan,nan,False
0.6000000000000004,finger_close,nan,nan,nan,nan,False
0.6010000000000004,finger_close,nan,nan,nan,nan,False
0.6020000000000004,finger_close,nan,nan,nan,nan,False
0.6030000000000004,finger_close,nan,nan,nan,nan,False
0.6040000000000004,finger_close,nan,nan,nan,nan,False
0.6050000000000004,finger_close,nan,nan,nan,nan,False
0.6060000000000004,finger_close,nan,nan,nan,nan,False
0.6070000000000004,finger_close,nan,nan,nan,nan,False
0.6080000000000004,finger_close,nan,nan,nan,nan,False
0.6090000000000004,finger_close,nan,nan,nan,nan,False
0.6100000000000004,finger_close,nan,nan,nan,nan,False
0.6110000000000004,finger_close,nan,nan,nan,nan,False
0.6120000000000004,finger_close,nan,nan,nan,nan,False
0.6130000000000004,finger_close,nan,nan,nan,nan,False
0.6140000000000004,finger_close,nan,nan,nan,nan,False
0.6150000000000004,finger_close,nan,nan,nan,nan,False
0.6160000000000004,finger_close,nan,nan,nan,nan,False
0.6170000000000004,finger_close,nan,nan,nan,nan,False
0.6180000000000004,finger_close,nan,nan,nan,nan,False
0.6190000000000004,finger_close,nan,nan,nan,nan,False
0.6200000000000004,finger_close,nan,nan,nan,nan,False
0.6210000000000004,finger_close,nan,nan,nan,nan,False
0.6220000000000004,finger_close,nan,nan,nan,nan,False
0.6230000000000004,finger_close,nan,nan,nan,nan,False
0.6240000000000004,finger_close,nan,nan,nan,nan,False
0.6250000000000004,finger_close,nan,nan,nan,nan,False
0.6260000000000004,finger_close,nan,nan,nan,nan,False
0.6270000000000004,finger_close,nan,nan,nan,nan,False
0.6280000000000004,finger_close,nan,nan,nan,nan,False
0.6290000000000004,finger_close,nan,nan,nan,nan,False
0.6300000000000004,finger_close,nan,nan,nan,nan,False
0.6310000000000004,finger_close,nan,nan,nan,nan,False
0.6320000000000005,finger_close,nan,nan,nan,nan,False
0.6330000000000005,finger_close,nan,nan,nan,nan,False
0.6340000000000005,finger_close,nan,nan,nan,nan,False
0.6350000000000005,finger_close,nan,nan,nan,nan,False
0.6360000000000005,finger_close,nan,nan,nan,nan,False
0.6370000000000005,finger_close,nan,nan,nan,nan,False
0.6380000000000005,finger_close,nan,nan,nan,nan,False
0.6390000000000005,finger_close,nan,nan,nan,nan,False
0.6400000000000005,finger_close,nan,nan,nan,nan,False
0.6410000000000005,finger_close,nan,nan,nan,nan,False
0.6420000000000005,finger_close,nan,nan,nan,nan,False
0.6430000000000005,finger_close,nan,nan,nan,nan,False
0.6440000000000005,finger_close,nan,nan,nan,nan,False
0.6450000000000005,finger_close,nan,nan,nan,nan,False
0.6460000000000005,finger_close,nan,nan,nan,nan,False
0.6470000000000005,finger_close,nan,nan,nan,nan,False
0.6480000000000005,finger_close,nan,nan,nan,nan,False
0.6490000000000005,finger_close,nan,nan,nan,nan,False
0.6500000000000005,finger_close,nan,nan,nan,nan,False
0.6510000000000005,finger_close,nan,nan,nan,nan,False
0.6520000000000005,finger_close,nan,nan,nan,nan,False
0.6530000000000005,finger_close,nan,nan,nan,nan,False
0.6540000000000005,finger_close,nan,nan,nan,nan,False
0.6550000000000005,finger_close,nan,nan,nan,nan,False
0.6560000000000005,finger_close,nan,nan,nan,nan,False
0.6570000000000005,finger_close,nan,nan,nan,nan,False
0.6580000000000005,finger_close,nan,nan,nan,nan,False
0.6590000000000005,finger_close,nan,nan,nan,nan,False
0.6600000000000005,finger_close,nan,nan,nan,nan,False
0.6610000000000005,finger_close,nan,nan,nan,nan,False
0.6620000000000005,finger_close,nan,nan,nan,nan,False
0.6630000000000005,finger_close,nan,nan,nan,nan,False
0.6640000000000005,finger_close,nan,nan,nan,nan,False
0.6650000000000005,finger_close,nan,nan,nan,nan,False
0.6660000000000005,finger_close,nan,nan,nan,nan,False
0.6670000000000005,finger_close,nan,nan,nan,nan,False
0.6680000000000005,finger_close,nan,nan,nan,nan,False
0.6690000000000005,finger_close,nan,nan,nan,nan,False
0.6700000000000005,finger_close,nan,nan,nan,nan,False
0.6710000000000005,finger_close,nan,nan,nan,nan,False
0.6720000000000005,finger_close,nan,nan,nan,nan,False
0.6730000000000005,finger_close,nan,nan,nan,nan,False
0.6740000000000005,finger_close,nan,nan,nan,nan,False
0.6750000000000005,finger_close,nan,nan,nan,nan,False
0.6760000000000005,finger_close,nan,nan,nan,nan,False
0.6770000000000005,finger_close,nan,nan,nan,nan,False
0.6780000000000005,finger_close,nan,nan,nan,nan,False
0.6790000000000005,finger_close,nan,nan,nan,nan,False
0.6800000000000005,finger_close,nan,nan,nan,nan,False
0.6810000000000005,finger_close,nan,nan,nan,nan,False
0.6820000000000005,finger_close,nan,nan,nan,nan,False
0.6830000000000005,finger_close,nan,nan,nan,nan,False
0.6840000000000005,finger_close,nan,nan,nan,nan,False
0.6850000000000005,finger_close,nan,nan,nan,nan,False
0.6860000000000005,finger_close,nan,nan,nan,nan,False
0.6870000000000005,finger_close,nan,nan,nan,nan,False
0.6880000000000005,finger_close,nan,nan,nan,nan,False
0.6890000000000005,finger_close,nan,nan,nan,nan,False
0.6900000000000005,finger_close,nan,nan,nan,nan,False
0.6910000000000005,finger_close,nan,nan,nan,nan,False
0.6920000000000005,finger_close,nan,nan,nan,nan,False
0.6930000000000005,finger_close,nan,nan,nan,nan,False
0.6940000000000005,finger_close,nan,nan,nan,nan,False
0.6950000000000005,finger_close,nan,nan,nan,nan,False
0.6960000000000005,finger_close,nan,nan,nan,nan,False
0.6970000000000005,finger_close,nan,nan,nan,nan,False
0.6980000000000005,finger_close,nan,nan,nan,nan,False
0.6990000000000005,finger_close,nan,nan,nan,nan,False
0.7000000000000005,finger_close,nan,nan,nan,nan,False
0.7010000000000005,finger_close,nan,nan,nan,nan,False
0.7020000000000005,finger_close,nan,nan,nan,nan,False
0.7030000000000005,finger_close,nan,nan,nan,nan,False
0.7040000000000005,finger_close,nan,nan,nan,nan,False
0.7050000000000005,finger_close,nan,nan,nan,nan,False
0.7060000000000005,finger_close,nan,nan,nan,nan,False
0.7070000000000005,finger_close,nan,nan,nan,nan,False
0.7080000000000005,finger_close,nan,nan,nan,nan,False
0.7090000000000005,finger_close,nan,nan,nan,nan,False
0.7100000000000005,finger_close,nan,nan,nan,nan,False
0.7110000000000005,finger_close,nan,nan,nan,nan,False
0.7120000000000005,finger_close,nan,nan,nan,nan,False
0.7130000000000005,finger_close,nan,nan,nan,nan,False
0.7140000000000005,finger_close,nan,nan,nan,nan,False
0.7150000000000005,finger_close,nan,nan,nan,nan,False
0.7160000000000005,finger_close,nan,nan,nan,nan,False
0.7170000000000005,finger_close,nan,nan,nan,nan,False
0.7180000000000005,finger_close,nan,nan,nan,nan,False
0.7190000000000005,finger_close,nan,nan,nan,nan,False
0.7200000000000005,finger_close,nan,nan,nan,nan,False
0.7210000000000005,finger_close,nan,nan,nan,nan,False
0.7220000000000005,finger_close,nan,nan,nan,nan,False
0.7230000000000005,finger_close,nan,nan,nan,nan,False
0.7240000000000005,finger_close,nan,nan,nan,nan,False
0.7250000000000005,finger_close,nan,nan,nan,nan,False
0.7260000000000005,finger_close,nan,nan,nan,nan,False
0.7270000000000005,finger_close,nan,nan,nan,nan,False
0.7280000000000005,finger_close,nan,nan,nan,nan,False
0.7290000000000005,finger_close,nan,nan,nan,nan,False
0.7300000000000005,finger_close,nan,nan,nan,nan,False
0.7310000000000005,finger_close,nan,nan,nan,nan,False
0.7320000000000005,finger_close,nan,nan,nan,nan,False
0.7330000000000005,finger_close,nan,nan,nan,nan,False
0.7340000000000005,finger_close,nan,nan,nan,nan,False
0.7350000000000005,finger_close,nan,nan,nan,nan,False
0.7360000000000005,finger_close,nan,nan,nan,nan,False
0.7370000000000005,finger_close,nan,nan,nan,nan,False
0.7380000000000005,finger_close,nan,nan,nan,nan,False
0.7390000000000005,finger_close,nan,nan,nan,nan,False
0.7400000000000005,finger_close,nan,nan,nan,nan,False
0.7410000000000005,finger_close,nan,nan,nan,nan,False
0.7420000000000005,finger_close,nan,nan,nan,nan,False
0.7430000000000005,finger_close,nan,nan,nan,nan,False
0.7440000000000005,finger_close,nan,nan,nan,nan,False
0.7450000000000006,finger_close,nan,nan,nan,nan,False
0.7460000000000006,finger_close,nan,nan,nan,nan,False
0.7470000000000006,finger_close,nan,nan,nan,nan,False
0.7480000000000006,finger_close,nan,nan,nan,nan,False
0.7490000000000006,finger_close,nan,nan,nan,nan,False
0.7500000000000006,finger_close,nan,nan,nan,nan,False
0.7510000000000006,finger_close,nan,nan,nan,nan,False
0.7520000000000006,finger_close,nan,nan,nan,nan,False
0.7530000000000006,finger_close,nan,nan,nan,nan,False
0.7540000000000006,finger_close,nan,nan,nan,nan,False
0.7550000000000006,finger_close,nan,nan,nan,nan,False
0.7560000000000006,finger_close,nan,nan,nan,nan,False
0.7570000000000006,finger_close,nan,nan,nan,nan,False
0.7580000000000006,finger_close,nan,nan,nan,nan,False
0.7590000000000006,finger_close,nan,nan,nan,nan,False
0.7600000000000006,finger_close,nan,nan,nan,nan,False
0.7610000000000006,finger_close,nan,nan,nan,nan,False
0.7620000000000006,finger_close,nan,nan,nan,nan,False
0.7630000000000006,finger_close,nan,nan,nan,nan,False
0.7640000000000006,finger_close,nan,nan,nan,nan,False
0.7650000000000006,finger_close,nan,nan,nan,nan,False
0.7660000000000006,finger_close,nan,nan,nan,nan,False
0.7670000000000006,finger_close,nan,nan,nan,nan,False
0.7680000000000006,finger_close,nan,nan,nan,nan,False
0.7690000000000006,finger_close,nan,nan,nan,nan,False
0.7700000000000006,finger_close,nan,nan,nan,nan,False
0.7710000000000006,finger_close,nan,nan,nan,nan,False
0.7720000000000006,finger_close,nan,nan,nan,nan,False
0.7730000000000006,finger_close,nan,nan,nan,nan,False
0.7740000000000006,finger_close,nan,nan,nan,nan,False
0.7750000000000006,finger_close,nan,nan,nan,nan,False
0.7760000000000006,finger_close,nan,nan,nan,nan,False
0.7770000000000006,finger_close,nan,nan,nan,nan,False
0.7780000000000006,finger_close,nan,nan,nan,nan,False
0.7790000000000006,finger_close,nan,nan,nan,nan,False
0.7800000000000006,finger_close,nan,nan,nan,nan,False
0.7810000000000006,finger_close,nan,nan,nan,nan,False
0.7820000000000006,finger_close,nan,nan,nan,nan,False
0.7830000000000006,finger_close,nan,nan,nan,nan,False
0.7840000000000006,finger_close,nan,nan,nan,nan,False
0.7850000000000006,finger_close,nan,nan,nan,nan,False
0.7860000000000006,finger_close,nan,nan,nan,nan,False
0.7870000000000006,finger_close,nan,nan,nan,nan,False
0.7880000000000006,finger_close,nan,nan,nan,nan,False
0.7890000000000006,finger_close,nan,nan,nan,nan,False
0.7900000000000006,finger_close,nan,nan,nan,nan,False
0.7910000000000006,finger_close,nan,nan,nan,nan,False
0.7920000000000006,finger_close,nan,nan,nan,nan,False
0.7930000000000006,finger_close,nan,nan,nan,nan,False
0.7940000000000006,finger_close,nan,nan,nan,nan,False
0.7950000000000006,finger_close,nan,nan,nan,nan,False
0.7960000000000006,finger_close,nan,nan,nan,nan,False
0.7970000000000006,finger_close,nan,nan,nan,nan,False
0.7980000000000006,finger_close,nan,nan,nan,nan,False
0.7990000000000006,finger_close,nan,nan,nan,nan,False
0.8000000000000006,finger_close,nan,nan,nan,nan,False
0.8010000000000006,finger_close,nan,nan,nan,nan,False
0.8020000000000006,finger_close,nan,nan,nan,nan,False
0.8030000000000006,finger_close,nan,nan,nan,nan,False
0.8040000000000006,finger_close,nan,nan,nan,nan,False
0.8050000000000006,finger_close,nan,nan,nan,nan,False
0.8060000000000006,finger_close,nan,nan,nan,nan,False
0.8070000000000006,finger_close,nan,nan,nan,nan,False
0.8080000000000006,finger_close,nan,nan,nan,nan,False
0.8090000000000006,finger_close,nan,nan,nan,nan,False
0.8100000000000006,finger_close,nan,nan,nan,nan,False
0.8110000000000006,finger_close,nan,nan,nan,nan,False
0.8120000000000006,finger_close,nan,nan,nan,nan,False
0.8130000000000006,finger_close,nan,nan,nan,nan,False
0.8140000000000006,finger_close,nan,nan,nan,nan,False
0.8150000000000006,finger_close,nan,nan,nan,nan,False
0.8160000000000006,finger_close,nan,nan,nan,nan,False
0.8170000000000006,finger_close,nan,nan,nan,nan,False
0.8180000000000006,finger_close,nan,nan,nan,nan,False
0.8190000000000006,finger_close,nan,nan,nan,nan,False
0.8200000000000006,finger_close,nan,nan,nan,nan,False
0.8210000000000006,finger_close,nan,nan,nan,nan,False
0.8220000000000006,finger_close,nan,nan,nan,nan,False
0.8230000000000006,finger_close,nan,nan,nan,nan,False
0.8240000000000006,finger_close,nan,nan,nan,nan,False
0.8250000000000006,finger_close,nan,nan,nan,nan,False
0.8260000000000006,finger_close,nan,nan,nan,nan,False
0.8270000000000006,finger_close,nan,nan,nan,nan,False
0.8280000000000006,finger_close,nan,nan,nan,nan,False
0.8290000000000006,finger_close,nan,nan,nan,nan,False
0.8300000000000006,finger_close,nan,nan,nan,nan,False
0.8310000000000006,finger_close,nan,nan,nan,nan,False
0.8320000000000006,finger_close,nan,nan,nan,nan,False
0.8330000000000006,finger_close,nan,nan,nan,nan,False
0.8340000000000006,finger_close,nan,nan,nan,nan,False
0.8350000000000006,finger_close,nan,nan,nan,nan,False
0.8360000000000006,finger_close,nan,nan,nan,nan,False
0.8370000000000006,finger_close,nan,nan,nan,nan,False
0.8380000000000006,finger_close,nan,nan,nan,nan,False
0.8390000000000006,finger_close,nan,nan,nan,nan,False
0.8400000000000006,finger_close,nan,nan,nan,nan,False
0.8410000000000006,finger_close,nan,nan,nan,nan,False
0.8420000000000006,finger_close,nan,nan,nan,nan,False
0.8430000000000006,finger_close,nan,nan,nan,nan,False
0.8440000000000006,finger_close,nan,nan,nan,nan,False
0.8450000000000006,finger_close,nan,nan,nan,nan,False
0.8460000000000006,finger_close,nan,nan,nan,nan,False
0.8470000000000006,finger_close,nan,nan,nan,nan,False
0.8480000000000006,finger_close,nan,nan,nan,nan,False
0.8490000000000006,finger_close,nan,nan,nan,nan,False
0.8500000000000006,finger_close,nan,nan,nan,nan,False
0.8510000000000006,finger_close,nan,nan,nan,nan,False
0.8520000000000006,finger_close,nan,nan,nan,nan,False
0.8530000000000006,finger_close,nan,nan,nan,nan,False
0.8540000000000006,finger_close,nan,nan,nan,nan,False
0.8550000000000006,finger_close,nan,nan,nan,nan,False
0.8560000000000006,finger_close,nan,nan,nan,nan,False
0.8570000000000007,finger_close,nan,nan,nan,nan,False
0.8580000000000007,finger_close,nan,nan,nan,nan,False
0.8590000000000007,finger_close,nan,nan,nan,nan,False
0.8600000000000007,finger_close,nan,nan,nan,nan,False
0.8610000000000007,finger_close,nan,nan,nan,nan,False
0.8620000000000007,finger_close,nan,nan,nan,nan,False
0.8630000000000007,finger_close,nan,nan,nan,nan,False
0.8640000000000007,finger_close,nan,nan,nan,nan,False
0.8650000000000007,finger_close,nan,nan,nan,nan,False
0.8660000000000007,finger_close,nan,nan,nan,nan,False
0.8670000000000007,finger_close,nan,nan,nan,nan,False
0.8680000000000007,finger_close,nan,nan,nan,nan,False
0.8690000000000007,finger_close,nan,nan,nan,nan,False
0.8700000000000007,finger_close,nan,nan,nan,nan,False
0.8710000000000007,finger_close,nan,nan,nan,nan,False
0.8720000000000007,finger_close,nan,nan,nan,nan,False
0.8730000000000007,finger_close,nan,nan,nan,nan,False
0.8740000000000007,finger_close,nan,nan,nan,nan,False
0.8750000000000007,finger_close,nan,nan,nan,nan,False
0.8760000000000007,finger_close,nan,nan,nan,nan,False
0.8770000000000007,finger_close,nan,nan,nan,nan,False
0.8780000000000007,finger_close,nan,nan,nan,nan,False
0.8790000000000007,finger_close,nan,nan,nan,nan,False
0.8800000000000007,finger_close,nan,nan,nan,nan,False
0.8810000000000007,finger_close,nan,nan,nan,nan,False
0.8820000000000007,finger_close,nan,nan,nan,nan,False
0.8830000000000007,finger_close,nan,nan,nan,nan,False
0.8840000000000007,finger_close,nan,nan,nan,nan,False
0.8850000000000007,finger_close,nan,nan,nan,nan,False
0.8860000000000007,finger_close,nan,nan,nan,nan,False
0.8870000000000007,finger_close,nan,nan,nan,nan,False
0.8880000000000007,finger_close,nan,nan,nan,nan,False
0.8890000000000007,finger_close,nan,nan,nan,nan,False
0.8900000000000007,finger_close,nan,nan,nan,nan,False
0.8910000000000007,finger_close,nan,nan,nan,nan,False
0.8920000000000007,finger_close,nan,nan,nan,nan,False
0.8930000000000007,finger_close,nan,nan,nan,nan,False
0.8940000000000007,finger_close,nan,nan,nan,nan,False
0.8950000000000007,finger_close,nan,nan,nan,nan,False
0.8960000000000007,finger_close,nan,nan,nan,nan,False
0.8970000000000007,finger_close,nan,nan,nan,nan,False
0.8980000000000007,finger_close,nan,nan,nan,nan,False
0.8990000000000007,finger_close,nan,nan,nan,nan,False
0.9000000000000007,finger_close,nan,nan,nan,nan,False
0.9010000000000007,finger_close,nan,nan,nan,nan,False
0.9020000000000007,finger_close,nan,nan,nan,nan,False
0.9030000000000007,finger_close,nan,nan,nan,nan,False
0.9040000000000007,finger_close,nan,nan,nan,nan,False
0.9050000000000007,finger_close,nan,nan,nan,nan,False
0.9060000000000007,finger_close,nan,nan,nan,nan,False
0.9070000000000007,finger_close,nan,nan,nan,nan,False
0.9080000000000007,finger_close,nan,nan,nan,nan,False
0.9090000000000007,finger_close,nan,nan,nan,nan,False
0.9100000000000007,finger_close,nan,nan,nan,nan,False
0.9110000000000007,finger_close,nan,nan,nan,nan,False
0.9120000000000007,finger_close,nan,nan,nan,nan,False
0.9130000000000007,finger_close,nan,nan,nan,nan,False
0.9140000000000007,finger_close,nan,nan,nan,nan,False
0.9150000000000007,finger_close,nan,nan,nan,nan,False
0.9160000000000007,finger_close,nan,nan,nan,nan,False
0.9170000000000007,finger_close,nan,nan,nan,nan,False
0.9180000000000007,finger_close,nan,nan,nan,nan,False
0.9190000000000007,finger_close,nan,nan,nan,nan,False
0.9200000000000007,finger_close,nan,nan,nan,nan,False
0.9210000000000007,finger_close,nan,nan,nan,nan,False
0.9220000000000007,finger_close,nan,nan,nan,nan,False
0.9230000000000007,finger_close,nan,nan,nan,nan,False
0.9240000000000007,finger_close,nan,nan,nan,nan,False
0.9250000000000007,finger_close,nan,nan,nan,nan,False
0.9260000000000007,finger_close,nan,nan,nan,nan,False
0.9270000000000007,finger_close,nan,nan,nan,nan,False
0.9280000000000007,finger_close,nan,nan,nan,nan,False
0.9290000000000007,finger_close,nan,nan,nan,nan,False
0.9300000000000007,finger_close,nan,nan,nan,nan,False
0.9310000000000007,finger_close,nan,nan,nan,nan,False
0.9320000000000007,finger_close,nan,nan,nan,nan,False
0.9330000000000007,finger_close,nan,nan,nan,nan,False
0.9340000000000007,finger_close,nan,nan,nan,nan,False
0.9350000000000007,finger_close,nan,nan,nan,nan,False
0.9360000000000007,finger_close,nan,nan,nan,nan,False
0.9370000000000007,finger_close,nan,nan,nan,nan,False
0.9380000000000007,finger_close,nan,nan,nan,nan,False
0.9390000000000007,finger_close,nan,nan,nan,nan,False
0.9400000000000007,finger_close,nan,nan,nan,nan,False
0.9410000000000007,finger_close,nan,nan,nan,nan,False
0.9420000000000007,finger_close,nan,nan,nan,nan,False
0.9430000000000007,finger_close,nan,nan,nan,nan,False
0.9440000000000007,finger_close,nan,nan,nan,nan,False
0.9450000000000007,finger_close,nan,nan,nan,nan,False
0.9460000000000007,finger_close,nan,nan,nan,nan,False
0.9470000000000007,finger_close,nan,nan,nan,nan,False
0.9480000000000007,finger_close,nan,nan,nan,nan,False
0.9490000000000007,finger_close,nan,nan,nan,nan,False
0.9500000000000007,finger_close,nan,nan,nan,nan,False
0.9510000000000007,finger_close,nan,nan,nan,nan,False
0.9520000000000007,finger_close,nan,nan,nan,nan,False
0.9530000000000007,finger_close,nan,nan,nan,nan,False
0.9540000000000007,finger_close,nan,nan,nan,nan,False
0.9550000000000007,finger_close,nan,nan,nan,nan,False
0.9560000000000007,finger_close,nan,nan,nan,nan,False
0.9570000000000007,finger_close,nan,nan,nan,nan,False
0.9580000000000007,finger_close,nan,nan,nan,nan,False
0.9590000000000007,finger_close,nan,nan,nan,nan,False
0.9600000000000007,finger_close,nan,nan,nan,nan,False
0.9610000000000007,finger_close,nan,nan,nan,nan,False
0.9620000000000007,finger_close,nan,nan,nan,nan,False
0.9630000000000007,finger_close,nan,nan,nan,nan,False
0.9640000000000007,finger_close,nan,nan,nan,nan,False
0.9650000000000007,finger_close,nan,nan,nan,nan,False
0.9660000000000007,finger_close,nan,nan,nan,nan,False
0.9670000000000007,finger_close,nan,nan,nan,nan,False
0.9680000000000007,finger_close,nan,nan,nan,nan,False
0.9690000000000007,finger_close,nan,nan,nan,nan,False
0.9700000000000008,finger_close,nan,nan,nan,nan,False
0.9710000000000008,finger_close,nan,nan,nan,nan,False
0.9720000000000008,finger_close,nan,nan,nan,nan,False
0.9730000000000008,finger_close,nan,nan,nan,nan,False
0.9740000000000008,finger_close,nan,nan,nan,nan,False
0.9750000000000008,finger_close,nan,nan,nan,nan,False
0.9760000000000008,finger_close,nan,nan,nan,nan,False
0.9770000000000008,finger_close,nan,nan,nan,nan,False
0.9780000000000008,finger_close,nan,nan,nan,nan,False
0.9790000000000008,finger_close,nan,nan,nan,nan,False
0.9800000000000008,finger_close,nan,nan,nan,nan,False
0.9810000000000008,finger_close,nan,nan,nan,nan,False
0.9820000000000008,finger_close,nan,nan,nan,nan,False
0.9830000000000008,finger_close,nan,nan,nan,nan,False
0.9840000000000008,finger_close,nan,nan,nan,nan,False
0.9850000000000008,finger_close,nan,nan,nan,nan,False
0.9860000000000008,finger_close,nan,nan,nan,nan,False
0.9870000000000008,finger_close,nan,nan,nan,nan,False
0.9880000000000008,finger_close,nan,nan,nan,nan,False
0.9890000000000008,finger_close,nan,nan,nan,nan,False
0.9900000000000008,finger_close,nan,nan,nan,nan,False
0.9910000000000008,finger_close,nan,nan,nan,nan,False
0.9920000000000008,finger_close,nan,nan,nan,nan,False
0.9930000000000008,finger_close,nan,nan,nan,nan,False
0.9940000000000008,finger_close,nan,nan,nan,nan,False
0.9950000000000008,finger_close,nan,nan,nan,nan,False
0.9960000000000008,finger_close,nan,nan,nan,nan,False
0.9970000000000008,finger_close,nan,nan,nan,nan,False
0.9980000000000008,finger_close,nan,nan,nan,nan,False
0.9990000000000008,finger_close,nan,nan,nan,nan,False
1.0000000000000007,thumb_ik,0.03843229331954708,0.05723791677710864,0.015784116676206,0.07072735415686779,False
1.0010000000000006,thumb_ik,0.038432281501780095,0.057238008593225156,0.015784947791025856,0.07072760752291567,False
1.0020000000000004,thumb_ik,0.038432078329097646,0.05723798900552356,0.01578534155662456,0.07072756915199073,False
1.0030000000000003,thumb_ik,0.03843137023234988,0.057237616300729224,0.015784641911859763,0.07072672661739049,False
1.0040000000000002,thumb_ik,0.03842988364757452,0.057236684831712334,0.01578241694041929,0.07072466848400294,False
1.0050000000000001,thumb_ik,0.03842737879770067,0.057235012291883505,0.015778265515341595,0.07072102753768958,False
1.006,thumb_ik,0.03842366372539619,0.057232436941374074,0.015771817090755806,0.07071548618707889,False
1.007,thumb_ik,0.03841888777353184,0.05722902468439593,0.015763299608066883,0.07070823020424225,False
1.0079999999999998,thumb_ik,0.03841317491692541,0.05722487277508058,0.015753029458123305,0.07069947671964034,False
1.0089999999999997,thumb_ik,0.038406638041567645,0.057220053979482835,0.01574118626357331,0.07068938653047874,False
1.0099999999999996,thumb_ik,0.03839937831658281,0.057214623317873345,0.015727860145765958,0.0706780797791717,False
1.0109999999999995,thumb_ik,0.03839148277673368,0.05720862919621049,0.01571313729925009,0.07066566272307104,False
1.0119999999999993,thumb_ik,0.03838302616034558,0.057202114233801046,0.015697100423947688,0.0706522294889701,False
1.0129999999999992,thumb_ik,0.03837407250281571,0.05719511597957323,0.015679829106373878,0.07063786359434492,False
1.0139999999999991,thumb_ik,0.038364676518164734,0.05718766753333297,0.015661400154044002,0.07062263926696265,False
1.014999999999999,thumb_ik,0.03835488479692592,0.057179798085668684,0.015641887887288652,0.07060662259010698,False
1.015999999999999,thumb_ik,0.0383447368449821,0.057171533387955956,0.01562136439262464,0.07058987249689753,False
1.0169999999999988,thumb_ik,0.03833426598471681,0.057162896162113716,0.0155998997416501,0.07057244163394906,False
1.0179999999999987,thumb_ik,0.03832350013700563,0.05715390645827963,0.015577562179197145,0.07055437711183907,False
1.0189999999999986,thumb_ik,0.03831246250009129,0.05714458196734902,0.015554418284200157,0.07053572115746626,False
1.0199999999999985,thumb_ik,0.03830117213922776,0.05713493829429943,0.015530533106452702,0.0705165116813274,False
1.0209999999999984,thumb_ik,0.03828964449910208,0.05712498919738036,0.015505970282138657,0.07049678277098188,False
1.0219999999999982,thumb_ik,0.038277891849416636,0.057114746797529245,0.015480792130744084,0.07047656512044853,False
1.0229999999999981,thumb_ik,0.0382659236726067,0.057104221761776666,0.015455059735689886,0.07045588640397388,False
1.023999999999998,thumb_ik,0.038253747001449234,0.05709342346389572,0.015428833010780744,0.0704347716014836,False
1.024999999999998,thumb_ik,0.03824136671326747,0.05708236012511507,0.01540217075433448,0.07041324328205316,False
1.0259999999999978,thumb_ik,0.038228785786525284,0.057071038937350535,0.01537513069264885,0.07039132185089758,False
1.0269999999999977,thumb_ik,0.038216005524821475,0.05705946617108883,0.015347769514272872,0.0703690257646506,False
1.0279999999999976,thumb_ik,0.038203025752614375,0.05704764726978985,0.015320142896379316,0.07034637171907845,False
1.0289999999999975,thumb_ik,0.03818984177193875,0.057035609786481686,0.015292485109290184,0.07032343065507674,False
1.0299999999999974,thumb_ik,0.03817644899743093,0.05702338173809608,0.015265036436366156,0.07030027496607437,False
1.0309999999999973,thumb_ik,0.03816284328363488,0.05701098971632561,0.015238027703957838,0.07027697378397028,False
1.0319999999999971,thumb_ik,0.03814902086845046,0.05699845900741875,0.015211680780500728,0.07025359317935076,False
1.032999999999997,thumb_ik,0.03813497832359067,0.056985813693873136,0.015186209023443187,0.07023019634457286,False
1.033999999999997,thumb_ik,0.03812071251151413,0.056973076740438874,0.015161817680564404,0.07020684376210144,False
1.0349999999999968,thumb_ik,0.038106220548242135,0.056960270066492,0.015138704251419464,0.07018359336006473,False
1.0359999999999967,thumb_ik,0.03809149977145421,0.056947414606542276,0.015117058813928238,0.07016050065665072,False
1.0369999999999966,thumb_ik,0.03807654771326884,0.056934530360406146,0.015097064320492093,0.07013761889469819,False
1.0379999999999965,thumb_ik,0.038061362077142176,0.056921636434371495,0.015078896867469518,0.0701149991676094,False
1.0389999999999964,thumb_ik,0.038045940718359976,0.056908751074515665,0.015062725941355982,0.07009269053753428,False
1.0399999999999963,thumb_ik,0.03803028162764003,0.056895891693197045,0.015048714644588729,0.07007074014662527,False
1.0409999999999962,thumb_ik,0.03801438291741045,0.056883074889619675,0.015037019903524764,0.07004919332204039,False
1.041999999999996,thumb_ik,0.0379982428103757,0.05687031646526937,0.015027792660814358,0.07002809367527138,False
1.042999999999996,thumb_ik,0.03798185963002543,0.056857631434927655,0.015021178054107477,0.07000748319628573,False
1.0439999999999958,thumb_ik,0.03796523179278595,0.05684503403389694,0.015017315582781512,0.06998740234290539,False
1.0449999999999957,thumb_ik,0.0379483578015485,0.056832537721999546,0.015016339264159271,0.0699678901257797,False
1.0459999999999956,thumb_ik,0.03793123624034838,0.05682015518485513,0.01501837778049613,0.06994898418926351,False
1.0469999999999955,thumb_ik,0.03791386576999684,0.05680789833288878,0.015023554617849294,0.06993072088846694,False
1.0479999999999954,thumb_ik,0.037896245124496956,0.05679577829847372,0.015031988197793715,0.06991313536270526,False
1.0489999999999953,thumb_ik,0.03787837310810077,0.05678380543157395,0.015043792002825305,0.0698962616055509,False
1.0499999999999952,thumb_ik,0.037860248592884296,0.056771989294209915,0.015059074696177845,0.069880132531657,False
1.050999999999995,thumb_ik,0.03784187108741252,0.05676033489120148,0.015077843761640413,0.06986475647175856,False
1.051999999999995,thumb_ik,0.03782324155021005,0.05674883848157726,0.015099904957067162,0.06985009234128572,False
1.0529999999999948,thumb_ik,0.03780436122623308,0.05673749517347017,0.015125074798837587,0.06983610079288145,False
1.0539999999999947,thumb_ik,0.037785231567115767,0.05672629914813211,0.015153179979418365,0.0698227441677322,False
1.0549999999999946,thumb_ik,0.037765854166324116,0.05671524385243269,0.01518405681463569,0.06980998644537219,False
1.0559999999999945,thumb_ik,0.03774623070678944,0.0567043221639819,0.01521755071940599,0.06979779319251087,False
1.0569999999999944,thumb_ik,0.0377263629189629,0.0566935265324502,0.015253515710681407,0.06978613151131777,False
1.0579999999999943,thumb_ik,0.03770625254754528,0.05668284910018208,0.015291813936391502,0.06977496998751412,False
1.0589999999999942,thumb_ik,0.03768590132541845,0.05667228180479607,0.015332315229184115,0.06976427863855877,False
1.059999999999994,thumb_ik,0.03766531095353194,0.05666181646610967,0.01537489668380316,0.06975402886215944,False
1.060999999999994,thumb_ik,0.03764448308569595,0.05665144485943592,0.015419442256969888,0.06974419338530617,False
1.0619999999999938,thumb_ik,0.03762341931739746,0.056641158777033254,0.015465842388674697,0.06973474621398672,False
1.0629999999999937,thumb_ik,0.03760212117789897,0.05663095007927073,0.015513993643821871,0.06972566258372018,False
1.0639999999999936,thumb_ik,0.03758059012499864,0.05662081073687493,0.015563798373209616,0.06971691891102244,False
1.0649999999999935,thumb_ik,0.03755882754193336,0.05661073286545172,0.01561516439286699,0.06970849274589495,False
1.0659999999999934,thumb_ik,0.03753683473599232,0.05660070875333363,0.015668004680810775,0.06970036272541777,False
1.0669999999999933,thumb_ik,0.03751461293848148,0.05659073088366719,0.01572223709032248,0.06969250852850711,False
1.0679999999999932,thumb_ik,0.0374921633057417,0.05658079195154579,0.015777784078888083,0.06968491083189049,False
1.068999999999993,thumb_ik,0.03746948692097401,0.05657088487688926,0.01583457245197903,0.06967755126733627,False
1.069999999999993,thumb_ik,0.03744658479667039,0.05656100281368699,0.015892533120893212,0.06967041238016912,False
1.0709999999999928,thumb_ik,0.03742345787748442,0.056551139156141614,0.01595160087390984,0.06966347758909015,False
1.0719999999999927,thumb_ik,0.03740010704340718,0.05654128754218267,0.016011714160048894,0.06965673114731416,False
1.0729999999999926,thumb_ik,0.03737653311313951,0.05653144185476104,0.016072814884760395,0.06965015810502957,False
1.0739999999999925,thumb_ik,0.03735273684757292,0.05652159622128024,0.01613484821690133,0.06964374427317874,False
1.0749999999999924,thumb_ik,0.03732871895330997,0.056511745011476336,0.016197762406391737,0.06963747618855268,False
1.0759999999999923,thumb_ik,0.03730448008616896,0.05650188283401515,0.016261508611970864,0.06963134108018712,False
1.0769999999999922,thumb_ik,0.03728002085463044,0.05649200453204199,0.016326040738504903,0.06962532683704441,False
1.077999999999992,thumb_ik,0.0372553418231936,0.05648210517788614,0.016391315283325675,0.06961942197696111,False
1.078999999999992,thumb_ik,0.03723044351561793,0.05647218006709433,0.01645729119110717,0.06961361561683775,False
1.0799999999999919,thumb_ik,0.03720532641803302,0.05646222471194447,0.01652392971681204,0.06960789744404469,False
1.0809999999999917,thumb_ik,0.03717999098190483,0.05645223483456839,0.016591194296265998,0.06960225768901632,False
1.0819999999999916,thumb_ik,0.03715443762685087,0.056442206359794675,0.016659050423939656,0.06959668709900323,False
1.0829999999999915,thumb_ik,0.03712866674330068,0.05643213540780477,0.01672746553754218,0.06959117691295037,False
1.0839999999999914,thumb_ik,0.03710267869500054,0.056422018286683986,0.016796408909050223,0.0695857188374696,False
1.0849999999999913,thumb_ik,0.037076473821363504,0.05641185148493262,0.01686585154181662,0.06958030502387112,False
1.0859999999999912,thumb_ik,0.037050052439667996,0.05640163166399621,0.01693576607342362,0.06957492804622203,False
1.086999999999991,thumb_ik,0.03702341484710937,0.05639135565086002,0.01700612668396123,0.06956958088039542,False
1.087999999999991,thumb_ik,0.03699656132270871,0.056381020430748344,0.017076909009430825,0.06956425688407653,False
1.0889999999999909,thumb_ik,0.036969492129085874,0.05637062313995851,0.0171480900599896,0.06955894977769059,False
1.0899999999999908,thumb_ik,0.03694220751410263,0.056360161058857536,0.01721964814276635,0.06955365362621908,False
1.0909999999999906,thumb_ik,0.0369147077123823,0.05634963160505986,0.017291562788995733,0.06954836282186921,False
1.0919999999999905,thumb_ik,0.03688699294671285,0.056339032326803026,0.017363814685229156,0.06954307206756385,False
1.0929999999999904,thumb_ik,0.03685906342934066,0.056328360896532384,0.01743638560839702,0.06953777636121873,False
1.0939999999999903,thumb_ik,0.03683091936316023,0.056317615104704,0.017509258364506574,0.06953247098077443,False
1.0949999999999902,thumb_ik,0.03680256094280833,0.05630679285381064,0.017582416730773404,0.06952715146995196,False
1.09599999999999,thumb_ik,0.03677398835566722,0.05629589215263468,0.017655845400994664,0.0695218136247009,False
1.09699999999999,thumb_ik,0.03674520178278408,0.056284911110728905,0.017729529933983853,0.0695164534803107,False
1.0979999999999899,thumb_ik,0.03671620139971189,0.05627384793312355,0.017803456704895256,0.0695110672991546,False
1.0989999999999898,thumb_ik,0.036686987377277866,0.056262700915260325,0.017877612859277577,0.06950565155904077,False
1.0999999999999897,thumb_ik,0.036657559882284356,0.05625146843814592,0.017951986269703783,0.06950020294213984,False
1.1009999999999895,thumb_ik,0.03662791907814737,0.05624014896372599,0.018026565494833398,0.06949471832446635,False
1.1019999999999894,thumb_ik,0.03659806512547711,0.056228741030469584,0.018101339740771005,0.06948919476588496,False
1.1029999999999893,thumb_ik,0.03656799818260589,0.05621724324916301,0.018176298824593012,0.06948362950062074,False
1.1039999999999892,thumb_ik,0.036537718406066164,0.05620565429890327,0.018251433139920843,0.06947801992824645,False
1.104999999999989,thumb_ik,0.03650722595102387,0.05619397292328786,0.018326733624426206,0.06947236360512714,False
1.105999999999989,thumb_ik,0.036476520971669625,0.05618219792679198,0.018402191729160664,0.06946665823629831,False
1.1069999999999889,thumb_ik,0.036445603621572314,0.05617032817132735,0.018477799389606822,0.06946090166775788,False
1.1079999999999888,thumb_ik,0.036414474053996865,0.056158362572976475,0.018553548998354895,0.06945509187915204,False
1.1089999999999887,thumb_ik,0.03638313242219028,0.056146300098893556,0.01862943337931378,0.06944922697683495,False
1.1099999999999886,thumb_ik,0.03635157887963797,0.05613413976436678,0.018705445763370583,0.06944330518728499,False
1.1109999999999884,thumb_ik,0.036319813580293014,0.056121880630034746,0.018781579765417285,0.06943732485085985,False
1.1119999999999883,thumb_ik,0.03628783667878064,0.05610952179924934,0.018857829362667725,0.06943128441587255,False
1.1129999999999882,thumb_ik,0.03625564833058054,0.056097062415580504,0.018934188874193666,0.06942518243297528,False
1.113999999999988,thumb_ik,0.03622324869218809,0.05608450166045385,0.019010652941609717,0.06941901754983205,False
1.114999999999988,thumb_ik,0.036190637921256964,0.05607183875091691,0.019087216510844492,0.06941278850606857,False
1.115999999999988,thumb_ik,0.036157816176724755,0.056059072937527085,0.019163874814935956,0.06940649412848438,False
1.1169999999999878,thumb_ik,0.036124783618922934,0.056046203502355216,0.019240623357794178,0.06940013332651394,False
1.1179999999999877,thumb_ik,0.03609154040967248,0.056033229757099,0.019317457898876112,0.06939370508792363,False
1.1189999999999876,thumb_ik,0.036058086712367265,0.05602015104130216,0.01939437443872327,0.06938720847473479,False
1.1199999999999875,thumb_ik,0.036024422692045005,0.05600696672067147,0.019471369205311256,0.06938064261935797,False
1.1209999999999873,thumb_ik,0.03599054851544816,0.05599367618548921,0.01954843864116785,0.06937400672093082,False
1.1219999999999872,thumb_ik,0.03595646435107539,0.05598027884911409,0.019625579391215085,0.0693673000418469,False
1.1229999999999871,thumb_ik,0.03592217036922406,0.05596677414656727,0.019702788291295396,0.06936052190446693,False
1.123999999999987,thumb_ik,0.03588766674202532,0.05595316153319878,0.019780062357342847,0.06935367168800277,False
1.124999999999987,thumb_ik,0.03585295364347182,0.05593944048342987,0.019857398775163935,0.06934674882556509,False
1.1259999999999868,thumb_ik,0.03581803124943994,0.055925610489566416,0.01993479489079305,0.06933975280136602,False
1.1269999999999867,thumb_ik,0.03578289973770527,0.05591167106068139,0.02001224820139072,0.06933268314806929,False
1.1279999999999866,thumb_ik,0.035747559287954256,0.05589762172156153,0.02008975634665375,0.0693255394442806,False
1.1289999999999865,thumb_ik,0.03571201008179037,0.05588346201171367,0.020167317100709136,0.06931832131216896,False
1.1299999999999863,thumb_ik,0.03567625230273715,0.055869191484429995,0.020244928364463788,0.06931102841521494,False
1.1309999999999862,thumb_ik,0.03564028613623721,0.055854809705906935,0.020322588158385176,0.06930366045607746,False
1.1319999999999861,thumb_ik,0.035604111769648145,0.05584031625441506,0.020400294615688132,0.06929621717457284,False
1.132999999999986,thumb_ik,0.035567729392236,0.055825710719518015,0.02047804597590517,0.06928869834576144,False
1.133999999999986,thumb_ik,0.035531139195166137,0.05581099270133645,0.020555840578818617,0.06928110377813497,False
1.1349999999999858,thumb_ik,0.03549434137149193,0.05579616180985579,0.02063367685873513,0.06927343331190042,False
1.1359999999999857,thumb_ik,0.035457336116141984,0.05578121766427423,0.020711553339081222,0.06926568681735432,False
1.1369999999999856,thumb_ik,0.03542012362590545,0.055766159892389436,0.02078946862730435,0.06925786419334372,False
1.1379999999999855,thumb_ik,0.03538270409941635,0.0557509881300212,0.020867421410060573,0.06924996536580848,False
1.1389999999999854,thumb_ik,0.03534507773713638,0.05573570202046842,0.02094541044867318,0.06924199028640099,False
1.1399999999999852,thumb_ik,0.035307244741337174,0.055720301213998166,0.021023434574847077,0.06923393893117914,False
1.1409999999999851,thumb_ik,0.03526920531608169,0.055704785367365436,0.021101492686624666,0.06922581129936904,False
1.141999999999985,thumb_ik,0.035230959667205075,0.05568915414336113,0.021179583744569578,0.0692176074121932,False
1.142999999999985,thumb_ik,0.03519250800229471,0.05567340721038709,0.02125770676816489,0.06920932731176081,False
1.1439999999999848,thumb_ik,0.035153850530670334,0.0556575442420567,0.021335860832414774,0.0692009710600175,False
1.1449999999999847,thumb_ik,0.0351149874633639,0.05564156491681953,0.021414045064637274,0.06919253873775093,False
1.1459999999999846,thumb_ik,0.03507591901309903,0.05562546891760829,0.021492258641437723,0.06918403044364894,False
1.1469999999999845,thumb_ik,0.03503664539427061,0.05560925593150674,0.0215705007858527,0.06917544629340786,False
1.1479999999999844,thumb_ik,0.03499716682292445,0.055592925649438754,0.021648770764655045,0.06916678641888903,False
1.1489999999999843,thumb_ik,0.03495748351673693,0.05557647776587517,0.021727067885810344,0.0691580509673195,False
1.1499999999999841,thumb_ik,0.034917595694994995,0.05555991197855813,0.021805391496077027,0.06914924010053508,False
1.150999999999984,thumb_ik,0.03487750357857604,0.05554322798824381,0.02188374097874138,0.06914035399426487,False
1.151999999999984,thumb_ik,0.03483720738992848,0.05552642549845917,0.02196211575148052,0.06913139283745304,False
1.1529999999999838,thumb_ik,0.034796707353052195,0.05550950421527413,0.02204051526434541,0.06912235683161662,False
1.1539999999999837,thumb_ik,0.03475600369347973,0.05549246384708799,0.02211893899785749,0.06911324619023827,False
1.1549999999999836,thumb_ik,0.03471509663825753,0.0554753041044289,0.022197386461212963,0.06910406113819119,False
1.1559999999999835,thumb_ik,0.034673986415927595,0.055458024699764755,0.02227585719058759,0.06909480191119374,False
1.1569999999999834,thumb_ik,0.034632673256509885,0.05544062534732756,0.022354350747537607,0.06908546875529506,False
1.1579999999999833,thumb_ik,0.034591157391484655,0.05542310576294697,0.022432866717490278,0.06907606192638628,False
1.1589999999999832,thumb_ik,0.0345494390537757,0.05540546566389486,0.022511404708319596,0.06906658168973868,False
1.159999999999983,thumb_ik,0.03450751847773366,0.05538770476873993,0.022589964349002224,0.06905702831956655,False
1.160999999999983,thumb_ik,0.034465395899120024,0.055369822797211046,0.022668545288349162,0.06904740209861315,False
1.1619999999999828,thumb_ik,0.034423071555091674,0.05535181947006894,0.022747147193808617,0.06903770331775862,False
1.1629999999999827,thumb_ik,0.03438054568418551,0.05533369450898644,0.022825769750336716,0.06902793227564903,False
1.1639999999999826,thumb_ik,0.034337818526304034,0.05531544763643616,0.022904412659331283,0.06901808927834524,False
1.1649999999999825,thumb_ik,0.03429489032270093,0.05529707857558523,0.02298307563762588,0.06900817463899016,False
1.1659999999999824,thumb_ik,0.03425176131596763,0.05527858705019696,0.02306175841654066,0.06899818867749431,False
1.1669999999999823,thumb_ik,0.034208431750019794,0.05525997278453855,0.023140460740986177,0.0689881317202374,False
1.1679999999999822,thumb_ik,0.03416490187008475,0.05524123550329506,0.023219182368618176,0.0689780040997866,False
1.168999999999982,thumb_ik,0.03412117192268906,0.055222374931488585,0.023297923069039314,0.06896780615462897,False
1.169999999999982,thumb_ik,0.03407724215564653,0.055203390794403354,0.02337668262304632,0.068957538228919,False
1.1709999999999818,thumb_ik,0.03403311281804703,0.055184282817515126,0.023455460821919186,0.06894720067223903,False
1.1719999999999817,thumb_ik,0.033988784160245186,0.0551650507264254,0.023534257466750502,0.06893679383937233,False
1.1729999999999816,thumb_ik,0.03394425643385007,0.055145694246800506,0.02361307236781223,0.0689263180900889,False
1.1739999999999815,thumb_ik,0.03389952989171481,0.05512621310431402,0.023691905343958423,0.06891577378894179,False
1.1749999999999814,thumb_ik,0.03385460478792686,0.055106607024593676,0.02377075622206108,0.06890516130507476,False
1.1759999999999813,thumb_ik,0.033809481377798926,0.05508687573317177,0.02384962483647809,0.06889448101204039,False
1.1769999999999812,thumb_ik,0.03376415991785956,0.05506701895543882,0.023928511028550686,0.06888373328762695,False
1.177999999999981,thumb_ik,0.0337186406658449,0.05504703641660087,0.02400741464612951,0.06887291851369554,False
1.178999999999981,thumb_ik,0.03367292388069015,0.05502692784163905,0.02408633554312666,0.06886203707602463,False
1.1799999999999808,thumb_ik,0.03362700982252212,0.055006692955272954,0.024165273579093642,0.06885108936416413,False
1.1809999999999807,thumb_ik,0.033580898752651224,0.05498633148192607,0.02424422861882217,0.06884007577129606,False
1.1819999999999806,thumb_ik,0.03353459093356459,0.05496584314569376,0.024323200531967994,0.06882899669410307,False
1.1829999999999805,thumb_ik,0.03348808662891918,0.05494522767031419,0.024402189192695264,0.0688178525326441,False
1.1839999999999804,thumb_ik,0.0334413861035352,0.054924484779140706,0.024481194479341356,0.06880664369023612,False
1.1849999999999803,thumb_ik,0.03339448962338966,0.05490361419511662,0.024560216274099756,0.06879537057334197,False
1.1859999999999802,thumb_ik,0.03334739745561084,0.054882615640752405,0.02463925446272137,0.06878403359146493,False
1.18699999999998,thumb_ik,0.033300109868472386,0.0548614888381042,0.024718308934232002,0.06877263315704799,False
1.18799999999998,thumb_ik,0.033252627131387845,0.054840233508753986,0.024797379580665746,0.06876116968537833,False
1.1889999999999799,thumb_ik,0.033204949514905845,0.05481884937379215,0.02487646629681354,0.0687496435944977,False
1.1899999999999797,thumb_ik,0.033157077290704905,0.05479733615380088,0.024955568979985236,0.06873805530511634,False
1.1909999999999796,thumb_ik,0.033109010731589096,0.054775693568839115,0.02503468752978512,0.068726405240532,False
1.1919999999999795,thumb_ik,0.033060750111483496,0.054753921338429115,0.02511382184790038,0.06871469382655297,False
1.1929999999999794,thumb_ik,0.03301229570543013,0.05473201918154445,0.02519297183790046,0.06870292149142536,False
1.1939999999999793,thumb_ik,0.03296364778958414,0.05470998681659854,0.025272137405048162,0.06869108866576346,False
1.1949999999999792,thumb_ik,0.03291480664120992,0.05468782396143505,0.025351318456121288,0.0686791957824844,False
1.195999999999979,thumb_ik,0.03286577253867777,0.05466553033331907,0.0254305148992435,0.06866724327674571,False
1.196999999999979,thumb_ik,0.03281654576146041,0.054643105648929116,0.025509726643725486,0.0686552315858861,False
1.1979999999999789,thumb_ik,0.03276712659013015,0.05462054962435038,0.02558895359991408,0.06864316114936937,False
1.1989999999999787,thumb_ik,0.0327175153063556,0.05459786197506884,0.025668195679050126,0.06863103240873104,False
1.1999999999999786,thumb_ik,0.03266771219289938,0.05457504241596607,0.025747452793134114,0.06861884580752778,False
1.2009999999999785,thumb_ik,0.03261771753361509,0.05455209066131493,0.02582672485479917,0.06860660179128919,False
1.2019999999999784,thumb_ik,0.03256753161344525,0.054529006424775775,0.025906011777191033,0.068594300807472,False
1.2029999999999783,thumb_ik,0.03251715471841876,0.054505789419394116,0.025985313473854525,0.0685819433054168,False
1.2039999999999782,thumb_ik,0.03246658713564893,0.054482439357597875,0.02606462985862657,0.0685695297363065,False
1.204999999999978,thumb_ik,0.032415829153331466,0.05445895595119578,0.026143960845534574,0.06855706055312684,False
1.205999999999978,thumb_ik,0.03236488106074266,0.054435338911377154,0.02622330634870063,0.0685445362106296,False
1.2069999999999779,thumb_ik,0.03231374386486842,0.05441158877074266,0.02630265628237531,0.06853195431789107,False
1.2079999999999778,thumb_ik,0.032262429087111036,0.05438771822293777,0.026381853454598557,0.06851927039744701,False
1.2089999999999776,thumb_ik,0.032210946430085444,0.0543637383048725,0.026460749821627546,0.06850644052587507,False
1.2099999999999775,thumb_ik,0.03215930400160913,0.05433965861937749,0.02653920616345805,0.06849342155656213,False
1.2109999999999774,thumb_ik,0.03210750851322183,0.054315487528340964,0.026617091757766935,0.06848017130534473,False
1.2119999999999773,thumb_ik,0.03205556545603863,0.05429123232001816,0.026694284054380908,0.06846664870364648,False
1.2129999999999772,thumb_ik,0.03200347925643794,0.05426689935375702,0.026770668352030236,0.06845281392318682,False
1.213999999999977,thumb_ik,0.03195125341382113,0.054242494184995424,0.026846137478848675,0.06843862847585946,False
1.214999999999977,thumb_ik,0.03189889062243505,0.054218021673040115,0.026920591477823143,0.06842405529195246,False
1.2159999999999769,thumb_ik,0.03184639287903572,0.054193486073836575,0.026993937298173464,0.06840905877951206,False
1.2169999999999768,thumb_ik,0.031793761577975574,0.05416889111967192,0.027066088493452926,0.06839360486732259,False
1.2179999999999767,thumb_ik,0.031740997595123235,0.054144240087517656,0.027136964926995143,0.06837766103368363,False
1.2189999999999765,thumb_ik,0.03168810136187167,0.0541195358575126,0.027206492485192416,0.0683611963229117,False
1.2199999999999764,thumb_ik,0.03163507293034988,0.05409478096290275,0.02727460279896897,0.06834418135126433,False
1.2209999999999763,thumb_ik,0.031581912030832104,0.05406997763259273,0.02734123297371084,0.06832658830378573,False
1.2219999999999762,thumb_ik,0.031528618122226584,0.0540451278273225,0.027406325327825436,0.06830839092339556,False
1.222999999999976,thumb_ik,0.03147519043642971,0.05402023327035367,0.0274698271400287,0.06828956449338361,False
1.223999999999976,thumb_ik,0.031421628017243255,0.053995295473442215,0.027531690405396974,0.06827008581433719,False
1.2249999999999759,thumb_ik,0.031367929754474264,0.05397031575877358,0.027591871600163957,0.06824993317640164,False
1.2259999999999758,thumb_ik,0.031314094413768895,0.05394529527744994,0.027650331455202595,0.06822908632766718,False
1.2269999999999757,thumb_ik,0.031260120662670005,0.05392023502504477,0.02770703473809124,0.06820752643937872,False
1.2279999999999756,thumb_ik,0.03120600709333242,0.05389513585466961,0.027761950043635922,0.06818523606857825,False
1.2289999999999754,thumb_ik,0.03115175224228227,0.053869998487940926,0.027815049592692674,0.06816219911871424,False
1.2299999999999753,thumb_ik,0.03109735460756355,0.05384482352418317,0.027866309039115987,0.06813840079868694,False
1.2309999999999752,thumb_ik,0.031042812663575378,0.053819611448155544,0.02791570728464252,0.06811382758073514,False
1.2319999999999751,thumb_ik,0.030988124873870593,0.05379436263655345,0.02796322630150618,0.06808846715752134,False
1.232999999999975,thumb_ik,0.030933289702155226,0.05376907736349727,0.028008850962572385,0.06806230839872249,False
1.233999999999975,thumb_ik,0.030878305621701282,0.05374375580519282,0.028052568878772076,0.06803534130739433,False
1.2349999999999748,thumb_ik,0.03082317112336168,0.053718398043918716,0.028094370243610323,0.06800755697633892,False
1.2359999999999747,thumb_ik,0.030767884722354685,0.053693004071474607,0.028134247684524563,0.06797894754467497,False
1.2369999999999746,thumb_ik,0.030712444963965607,0.0536675737922004,0.02817219612086292,0.06794950615477831,False
1.2379999999999745,thumb_ik,0.03065685042829855,0.053642107025663396,0.02820821262825604,0.06791922690973962,False
1.2389999999999743,thumb_ik,0.030601099734192533,0.05361660350909013,0.02824229630915645,0.067888104831459,False
1.2399999999999742,thumb_ik,0.030545191542408118,0.053591062899610256,0.02827444816932101,0.06785613581948212,False
1.2409999999999741,thumb_ik,0.030489124558172792,0.05356548477636487,0.02830467100001707,0.06782331661066096,False
1.241999999999974,thumb_ik,0.030432897533169273,0.05353986864252423,0.028332969265735017,0.06778964473971091,False
1.242999999999974,thumb_ik,0.030376509267035404,0.05351421392725002,0.02835934899719493,0.06775511850071896,False
1.2439999999999738,thumb_ik,0.03031995860844125,0.05348851998763042,0.028383817689440528,0.06771973690964936,False
1.2449999999999737,thumb_ik,0.03026324445579799,0.053462786110610186,0.028406384204817295,0.06768349966788016,False
1.2459999999999736,thumb_ik,0.030206365757649373,0.053437011514931146,0.02842705868063867,0.06764640712679611,False
1.2469999999999735,thumb_ik,0.030149321512787805,0.053411195353096894,0.02844585244134809,0.06760846025345554,False
1.2479999999999734,thumb_ik,0.03009211077013596,0.053385336713369216,0.02846277791499189,0.06756966059734272,False
1.2489999999999732,thumb_ik,0.030034732628425376,0.05335943462180116,0.02847784855382247,0.06753001025820833,False
1.2499999999999731,thumb_ik,0.029977186235704306,0.053333488044310526,0.028491078758858077,0.06748951185499986,False
1.250999999999973,thumb_ik,0.029919470788699914,0.05330749588879326,0.028502483808230866,0.0674481684958757,False
1.251999999999973,thumb_ik,0.02986158553205838,0.05328145700727614,0.028512079789160066,0.06740598374929398,False
1.2529999999999728,thumb_ik,0.02980352975748407,0.05325537019810685,0.028519883533393946,0.0673629616161656,False
1.2539999999999727,thumb_ik,0.029745302802794138,0.05322923420817617,0.028525912555969302,0.06731910650305448,False
1.2549999999999726,thumb_ik,0.029686904050906057,0.053203047735170164,0.02853018499714252,0.06727442319641004,False
1.2559999999999725,thumb_ik,0.029628332928770762,0.05317680942984536,0.028532719567352056,0.06722891683781115,False
1.2569999999999724,thumb_ik,0.029569588906263808,0.053150517898322855,0.028533535495077703,0.06718259290020173,False
1.2579999999999723,thumb_ik,0.029510671495044688,0.05312417170439561,0.028532652477466378,0.06713545716509584,False
1.2589999999999721,thumb_ik,0.029451580247394277,0.05309776937184198,0.02853009063360018,0.0670875157007283,False
1.259999999999972,thumb_ik,0.02939231475503723,0.05307130938674183,0.02852587046028722,0.0670387748411286,False
1.260999999999972,thumb_ik,0.029332874647957183,0.053044790199787736,0.028520012790259307,0.0669892411660919,False
1.2619999999999718,thumb_ik,0.029273259593210157,0.05301821022858573,0.028512538752667398,0.06693892148202228,False
1.2629999999999717,thumb_ik,0.029213469293741287,0.05299156785994223,0.028503469735768134,0.06688782280362456,False
1.2639999999999716,thumb_ik,0.02915350348720963,0.05296486145212946,0.028492827351700497,0.06683595233641715,False
1.2649999999999715,thumb_ik,0.02909336194482419,0.05293808933712625,0.02848063340325487,0.06678331746004164,False
1.2659999999999714,thumb_ik,0.029033044470195044,0.05291124982282881,0.028466909852541845,0.0667299257123434,False
1.2669999999999713,thumb_ik,0.02897255089820136,0.05288434119522768,0.028451678791471043,0.06667578477419796,False
1.2679999999999712,thumb_ik,0.028911881093879363,0.052857361720547266,0.028434962413955052,0.06662090245505858,False
1.268999999999971,thumb_ik,0.02885103495133172,0.052830309647342796,0.028416782989755533,0.06656528667919898,False
1.269999999999971,thumb_ik,0.02879001239265931,0.05280318320855408,0.028397162839894435,0.06650894547262862,False
1.2709999999999708,thumb_ik,0.028728813366917905,0.052775980623510285,0.028376124313554678,0.06645188695065508,False
1.2719999999999707,thumb_ik,0.02866743784909892,0.05274870009988593,0.028353689766398262,0.06639411930607117,False
1.2729999999999706,thumb_ik,0.028605885839136924,0.052721339835603384,0.028329881540233953,0.06633565079794275,False
1.2739999999999705,thumb_ik,0.028544157360942457,0.05269389802068146,0.02830472194396859,0.06627648974097526,False
1.2749999999999704,thumb_ik,0.02848225246146184,0.05266637283902832,0.02827823323577885,0.06621664449543707,False
1.2759999999999703,thumb_ik,0.02842017120976388,0.05263876247017639,0.02825043760644408,0.06615612345761752,False
1.2769999999999702,thumb_ik,0.028357913696152967,0.05261106509095899,0.028221357163783066,0.06609493505079941,False
1.27799999999997,thumb_ik,0.02829548003130923,0.05258327887712809,0.02819101391813892,0.06603308771672536,False
1.27899999999997,thumb_ik,0.028232870345455116,0.052555402004911364,0.02815942976886087,0.06597058990753779,False
1.2799999999999698,thumb_ik,0.0281700847875484,0.05252743265250896,0.02812662649173245,0.06590745007817368,False
1.2809999999999697,thumb_ik,0.0281071235245013,0.052499369001530696,0.028092625727298186,0.0658436766791961,False
1.2819999999999696,thumb_ik,0.028044274054211546,0.05247156902103435,0.028054256779153543,0.06577832611269138,False
1.2829999999999695,thumb_ik,0.02798149629872697,0.05244398414336933,0.028011638305162147,0.06571139542335767,False
1.2839999999999694,thumb_ik,0.027918750885620014,0.052416565523353595,0.027964932131223506,0.0656429007690951,False
1.2849999999999693,thumb_ik,0.02785599722280524,0.052389261795162276,0.02791436310492702,0.06557288311697675,False
1.2859999999999692,thumb_ik,0.02779320126798271,0.05236202882643197,0.027860134301203553,0.06550138306038879,False
1.286999999999969,thumb_ik,0.02773033351875119,0.05233482739234081,0.027802440974083315,0.0654284439625815,False
1.287999999999969,thumb_ik,0.027667368171501353,0.052307622268579365,0.027741474077555835,0.06535411228779325,False
1.2889999999999688,thumb_ik,0.027604282751945916,0.05228038188759733,0.02767741965299424,0.06527843683185394,False
1.2899999999999687,thumb_ik,0.027541057778449007,0.05225307802167482,0.02761045834119494,0.06520146805176985,False
1.2909999999999686,thumb_ik,0.027477676455429118,0.052225685490826915,0.027540765003219347,0.06512325748408601,False
1.2919999999999685,thumb_ik,0.02741412439434407,0.052198181893685566,0.027468508435940318,0.06504385724271107,False
1.2929999999999684,thumb_ik,0.027350389359972485,0.052170547359642924,0.027393851169739795,0.06496331958772346,False
1.2939999999999683,thumb_ik,0.027286461039894738,0.0521427643206656,0.02731694933719244,0.06488169655744916,False
1.2949999999999682,thumb_ik,0.027222330835243377,0.05211481730130814,0.027237952602815894,0.06479903965681447,False
1.295999999999968,thumb_ik,0.02715799167094625,0.05208669272556345,0.027157004145089488,0.0647153995956361,False
1.296999999999968,thumb_ik,0.027093437823825672,0.05205837873929241,0.027074240682946605,0.06463082607111904,False
1.2979999999999678,thumb_ik,0.027028664767044908,0.052029865047066096,0.02698979253984789,0.06454536758938811,False
1.2989999999999677,thumb_ik,0.026963669029511028,0.05200114276234259,0.026903783739349447,0.06445907132139146,False
1.2999999999999676,thumb_ik,0.026898448068952405,0.05197220426998013,0.02681633212680394,0.06437198298898153,False
1.3009999999999675,thumb_ik,0.026833000157488185,0.05194304310015933,0.026727549512479434,0.06428414677740392,False
1.3019999999999674,thumb_ik,0.026767324278602025,0.05191365381285966,0.026637541831959016,0.06419560527081773,False
1.3029999999999673,thumb_ik,0.026701420034516712,0.051884031892091106,0.026546409320201407,0.0641063994078196,False
1.3039999999999672,thumb_ik,0.02663528756304638,0.05185417364914609,0.026454246696104182,0.06401656845427056,False
1.304999999999967,thumb_ik,0.026568927463078165,0.051824076134182814,0.026361143354821804,0.06392614999101191,False
1.305999999999967,thumb_ik,0.026502340727901613,0.051793737055507674,0.02626718356545684,0.06383517991432519,False
1.3069999999999669,thumb_ik,0.026435528685670118,0.05176315470596192,0.02617244667206902,0.06374369244722596,False
1.3079999999999667,thumb_ik,0.0263684929463347,0.05173232789586625,0.026077007296235168,0.06365172015990005,False
1.3089999999999666,thumb_ik,0.02630123535444759,0.051701255892011064,0.025980935539649554,0.0635592939977835,False
1.3099999999999665,thumb_ik,0.026233757947282055,0.05166993836222082,0.025884297185482668,0.06346644331596556,False
1.3109999999999664,thumb_ik,0.026166062917761523,0.051638375325049626,0.02578715389741561,0.06337319591874743,False
1.3119999999999663,thumb_ik,0.026098152581734785,0.05160656710420179,0.0256895634154457,0.06327957810333598,False
1.3129999999999662,thumb_ik,0.026030029349173603,0.05157451428729519,0.025591579747714685,0.063185614706774,False
1.313999999999966,thumb_ik,0.02596169569890601,0.05154221768861715,0.025493253357748852,0.06309132915532661,False
1.314999999999966,thumb_ik,0.025893154156531414,0.051509678315544746,0.025394631346619533,0.06299674351564145,False
1.3159999999999659,thumb_ik,0.02582440727519661,0.05147689733832554,0.025295757629639024,0.0629018785470925,False
1.3169999999999658,thumb_ik,0.025755457618939326,0.05144387606293997,0.02519667310729846,0.06280675375480065,False
1.3179999999999656,thumb_ik,0.02568630774833197,0.05141061590678196,0.025097415830233543,0.0627113874428906,False
1.3189999999999655,thumb_ik,0.025616960208184256,0.051377118376919176,0.02499802115807375,0.0626157967676142,False
1.3199999999999654,thumb_ik,0.025547417517083143,0.05134338505070797,0.024898521912090084,0.06251999779002122,False
1.3209999999999653,thumb_ik,0.02547768215857217,0.051309417558558015,0.02479894852160798,0.062424005527914106,False
1.3219999999999652,thumb_ik,0.02540775657378734,0.05127521756865512,0.02469932916419463,0.06232783400686236,False
1.322999999999965,thumb_ik,0.0253376431553871,0.051240786773466815,0.024599689899669222,0.062231496310096175,False
1.323999999999965,thumb_ik,0.025267344242627512,0.051206126877868394,0.024500054798013045,0.062135004627129786,False
1.3249999999999649,thumb_ik,0.025196862117449564,0.051171239588738995,0.024400446061284723,0.06203837030099646,False
1.3259999999999648,thumb_ik,0.025126199001456476,0.0511361266058918,0.024300884139666995,0.061941603874004644,False
1.3269999999999647,thumb_ik,0.025055357053674315,0.05110078961420976,0.024201387841787294,0.06184471513194515,False
1.3279999999999645,thumb_ik,0.02498433836899633,0.051065230276871085,0.02410197443947119,0.0617477131467012,False
1.3289999999999644,thumb_ik,0.024913144977223495,0.051029450229558584,0.02400265976709571,0.06165060631723023,False
1.3299999999999643,thumb_ik,0.024841778842623216,0.05099345107555277,0.0239034583157205,0.06155340240890006,False
1.3309999999999642,thumb_ik,0.024770241863934145,0.05095723438162099,0.023804383322178702,0.06145610859117645,False
1.331999999999964,thumb_ik,0.024698535874754846,0.05092080167461828,0.023705446853314476,0.06135873147366784,False
1.332999999999964,thumb_ik,0.024626662644259542,0.050884154438726806,0.02360665988555604,0.06126127714054523,False
1.3339999999999639,thumb_ik,0.024554623878189907,0.050847294113263594,0.02350803238001377,0.061163751183359254,False
1.3349999999999638,thumb_ik,0.02448242122007982,0.05081022209099452,0.023409573353291885,0.061066158732286054,False
1.3359999999999637,thumb_ik,0.024410056252670884,0.05077293971689746,0.023311290944201896,0.0609685044858367,False
1.3369999999999636,thumb_ik,0.02433753049948585,0.050735448287322946,0.02321319247656179,0.06087079273907093,False
1.3379999999999634,thumb_ik,0.024264845426526932,0.05069774904950418,0.023115284518262988,0.060773027410356936,False
1.3389999999999633,thumb_ik,0.024192002444072977,0.05065984320137519,0.0230175729367825,0.060675212066725034,False
1.3399999999999632,thumb_ik,0.02411900290854993,0.050621731891656044,0.02292006295131345,0.0605773499478602,False
1.340999999999963,thumb_ik,0.024045848124455274,0.05058341622017272,0.022822759181682466,0.06047944398878575,False
1.341999999999963,thumb_ik,0.02397253934631602,0.050544897238377476,0.022725665694217072,0.060381496841285104,False
1.342999999999963,thumb_ik,0.02389907778066583,0.05050617595004232,0.022628786044721103,0.060283510894113594,False
1.3439999999999628,thumb_ik,0.023825464588026618,0.05046725331210021,0.022532123318710177,0.06018548829205062,False
1.3449999999999627,thumb_ik,0.023751700884882723,0.05042813023560984,0.022435680169054683,0.060087430953841586,False
1.3459999999999626,thumb_ik,0.023677787745638,0.05038880758682292,0.022339458851170325,0.059989340589078656,False
1.3469999999999624,thumb_ik,0.02360372620454601,0.05034928618833813,0.02224346125589228,0.05989121871407134,False
1.3479999999999623,thumb_ik,0.023529517257608018,0.050309566820321436,0.022147688940162613,0.05979306666675211,False
1.3489999999999622,thumb_ik,0.023455161864430307,0.050269650221780385,0.02205214315565441,0.059694885620664745,False
1.3499999999999621,thumb_ik,0.023380660950037782,0.05022953709187898,0.021956824875451517,0.059596676598081495,False
1.350999999999962,thumb_ik,0.02330601540663875,0.05018922809128064,0.021861734818896913,0.059498440482292025,False
1.351999999999962,thumb_ik,0.023231226095338384,0.05014872384351009,0.021766873474717344,0.05940017802910798,False
1.3529999999999618,thumb_ik,0.023156293847797826,0.05010802493632498,0.02167224112252633,0.059301889877624026,False
1.3539999999999617,thumb_ik,0.02308121946783699,0.05006713192308794,0.021577837852803552,0.05920357656027405,False
1.3549999999999616,thumb_ik,0.023006003732981367,0.05002604532413475,0.021483663585442934,0.05910523851222346,False
1.3559999999999615,thumb_ik,0.02293064739594977,0.049984765628130326,0.021389718086956888,0.059006876080131436,False
1.3569999999999613,thumb_ik,0.02285515118608472,0.0499432932934092,0.02129600098642056,0.05890848953032073,False
1.3579999999999612,thumb_ik,0.022779515810724252,0.04990162874929445,0.02120251179023444,0.058810079056386896,False
1.3589999999999611,thumb_ik,0.022703741956516407,0.049859772397392935,0.02110924989578,0.058711644786280666,False
1.359999999999961,thumb_ik,0.022627830290676235,0.04981772461286284,0.021016214604039126,0.05861318678889344,False
1.360999999999961,thumb_ik,0.022551781462187018,0.049775485745651174,0.020923405131243793,0.05851470508017557,False
1.3619999999999608,thumb_ik,0.022475596102946208,0.04973305612169927,0.020830820619618988,0.05841619962881533,False
1.3629999999999607,thumb_ik,0.022399274828857424,0.049690436044114036,0.020738460147278124,0.058317670361504634,False
1.3639999999999606,thumb_ik,0.02232281824086993,0.04964762579430483,0.02064632273732725,0.05821911716781794,False
1.3649999999999605,thumb_ik,0.022246226925967463,0.049604625633083946,0.020554407366230223,0.05812053990472721,False
1.3659999999999604,thumb_ik,0.022169501458106894,0.04956143580173021,0.02046271297148545,0.05802193840077585,False
1.3669999999999602,thumb_ik,0.0220926423991092,0.04951805652301626,0.02037123845865951,0.057923312459933776,False
1.3679999999999601,thumb_ik,0.022015650299504683,0.049474488002197795,0.02027998270782335,0.05782466186515325,False
1.36899999999996,thumb_ik,0.021938525699332717,0.0494307304279661,0.020188944579430896,0.05772598638164503,False
1.36999999999996,thumb_ik,0.021861269128899213,0.049386783973363865,0.020098122919679568,0.057627285759893475,False
1.3709999999999598,thumb_ik,0.021783881109492628,0.04934264879666346,0.02000751656538904,0.057528559738426445,False
1.3719999999999597,thumb_ik,0.02170636215406048,0.049298325042210586,0.01991712434843261,0.05742980804635867,False
1.3729999999999596,thumb_ik,0.02162871276784803,0.049253812841230774,0.019826945099752632,0.05733103040572066,False
1.3739999999999595,thumb_ik,0.021550933449000387,0.04920911231260268,0.01973697765299088,0.05723222653359076,False
1.3749999999999594,thumb_ik,0.021473024689130565,0.0491642235635958,0.01964722084776118,0.05713339614404119,False
1.3759999999999593,thumb_ik,0.02139498697385414,0.04911914669057617,0.019557673532591434,0.05703453894991311,False
1.3769999999999591,thumb_ik,0.021316820783292292,0.04907388177967954,0.019468334567558913,0.05693565466443128,False
1.377999999999959,thumb_ik,0.021238526603225616,0.04902842891426541,0.019379202716831263,0.056836742975096124,False
1.378999999999959,thumb_ik,0.021160104975827057,0.04898278820635009,0.019290276121773486,0.0567378034110454,False
1.3799999999999588,thumb_ik,0.02108155642392269,0.04893695974372857,0.019201553018655712,0.05663883551541815,False
1.3809999999999587,thumb_ik,0.021002881453445296,0.04889094359302339,0.019113031736144055,0.0565398388475818,False
1.3819999999999586,thumb_ik,0.020924080555637214,0.04884473980241112,0.019024710692569523,0.056440812984931484,False
1.3829999999999585,thumb_ik,0.02084515420902404,0.04879834840405749,0.01893658839303069,0.056341757524316166,False
1.3839999999999584,thumb_ik,0.020766102881181442,0.04875176941628882,0.018848663426378157,0.05624267208314068,False
1.3849999999999583,thumb_ik,0.020686927030313912,0.04870500284552533,0.018760934462121136,0.05614355630018611,False
1.3859999999999582,thumb_ik,0.020607627106663196,0.04865804868800018,0.018673400247291135,0.05604440983618802,False
1.386999999999958,thumb_ik,0.020528203553762656,0.048610906931285766,0.018586059603291863,0.05594523237420645,False
1.387999999999958,thumb_ik,0.02044865680955303,0.04856357755564568,0.0184989114227598,0.05584602361981742,False
1.3889999999999578,thumb_ik,0.02036898730737216,0.048516060535230374,0.01841195466645564,0.0557467833011524,False
1.3899999999999577,thumb_ik,0.020289195476831903,0.048468355839132796,0.01832518836020422,0.055647511168810226,False
1.3909999999999576,thumb_ik,0.020209281744592925,0.048420463432318,0.018238611591895885,0.05554820699566117,False
1.3919999999999575,thumb_ik,0.02012924653504833,0.04837238327643999,0.01815222350856041,0.05544887057656179,False
1.3929999999999574,thumb_ik,0.020049090270919265,0.04832411533055457,0.01806602331357502,0.05534950172800876,False
1.3939999999999573,thumb_ik,0.019968813372366653,0.0482756595509629,0.017980010278546447,0.05525010029128925,False
1.3949999999999572,thumb_ik,0.019888416256741467,0.048227015891516165,0.01789418374957466,0.05515066613437695,False
1.395999999999957,thumb_ik,0.01980789933958131,0.048178184304640645,0.017808543140903618,0.05505119915079356,False
1.396999999999957,thumb_ik,0.019727263035454898,0.04812916474218738,0.01772308792902818,0.05495169925844608,False
1.3979999999999568,thumb_ik,0.01964650775867395,0.04807995715612874,0.017637817647230714,0.054852166398454805,False
1.3989999999999567,thumb_ik,0.019565633923889394,0.04803056149912384,0.017552731880522355,0.05475260053398628,False
1.3999999999999566,thumb_ik,0.019484641946586598,0.04798097772497116,0.017467830260965,0.054653001649101994,False
1.4009999999999565,thumb_ik,0.019403532243493476,0.04793120578896275,0.017383112463351467,0.05455336974763073,False
1.4019999999999564,thumb_ik,0.019322305232912312,0.047881245648155726,0.017298578201222985,0.0544537048520731,False
1.4029999999999563,thumb_ik,0.01924096133498611,0.04783109726157268,0.0172142272232027,0.05435400700254314,False
1.4039999999999562,thumb_ik,0.019159500971908272,0.04778076059034132,0.017130059309626827,0.0542542762557515,False
1.404999999999956,thumb_ik,0.019077924568083368,0.047730235597783874,0.01704607426945399,0.054154512684033776,False
1.405999999999956,thumb_ik,0.018996232550246586,0.04767952224946352,0.016962271937436116,0.05405471637442627,False
1.4069999999999558,thumb_ik,0.018914425347547045,0.04762862051319512,0.01687865217153301,0.05395488742778987,False
1.4079999999999557,thumb_ik,0.018832503391601252,0.0475775303590273,0.016795214850555767,0.05385502595798433,False
1.4089999999999556,thumb_ik,0.018750467116520758,0.047526251759201096,0.016711959872022685,0.05375513209109237,False
1.4099999999999555,thumb_ik,0.01866831695891885,0.047474784688088204,0.01662888715021383,0.053655205964692164,False
1.4109999999999554,thumb_ik,0.01858605335789891,0.047423129122116284,0.016545996614410405,0.053555247727180386,False
1.4119999999999553,thumb_ik,0.018503676755028564,0.04737128503968159,0.016463288207305252,0.05345525753714168,False
1.4129999999999552,thumb_ik,0.01842118759430189,0.047319252421053684,0.01638076188357262,0.05335523556276518,False
1.413999999999955,thumb_ik,0.018338586322092176,0.0472670312482749,0.016298417608585275,0.053255181981306424,False
1.414999999999955,thumb_ik,0.018255873387096958,0.04721462150505561,0.01621625535726729,0.05315509697859157,False
1.4159999999999549,thumb_ik,0.018173049240277572,0.04716202317666847,0.016134275113072406,0.05305498074856379,False
1.4169999999999547,thumb_ik,0.018090114334795307,0.047109236249842465,0.01605247686707753,0.05295483349286916,False
1.4179999999999546,thumb_ik,0.018007069125943367,0.04705626071265838,0.015970860617182545,0.05285465542047977,False
1.4189999999999545,thumb_ik,0.017923914071078573,0.04700309655444633,0.01588942636740663,0.05275444674735249,False
1.4199999999999544,thumb_ik,0.017840649629551508,0.04694974376568682,0.015808174127273533,0.05265420769612117,False
1.4209999999999543,thumb_ik,0.01775727626263704,0.04689620233791618,0.015727103911277275,0.05255393849582066,False
1.4219999999999542,thumb_ik,0.017673794433465895,0.04684247226363568,0.015646215738421385,0.05245363938163979,False
1.422999999999954,thumb_ik,0.017590204606956816,0.04678855353622606,0.015565509631824397,0.052353310594701795,False
1.423999999999954,thumb_ik,0.017506507249751405,0.046734446149867506,0.015484985618385691,0.05225295238187098,False
1.4249999999999539,thumb_ik,0.017422702830150447,0.04668015009946454,0.015404643728504606,0.05215256499558222,False
1.4259999999999537,thumb_ik,0.01733879181805295,0.04662566538057737,0.01532448399584847,0.052052148693693394,False
1.4269999999999536,thumb_ik,0.017254774684897778,0.04657099198935756,0.015244506457163607,0.05195170373935679,False
1.4279999999999535,thumb_ik,0.017170651903608045,0.04651612992249042,0.015164711152124463,0.05185123040091002,False
1.4289999999999534,thumb_ik,0.01708642394853835,0.04646107917714247,0.0150850981232169,0.05175072895178355,False
1.4299999999999533,thumb_ik,0.017002091295425403,0.04640583975091424,0.015005667415650875,0.051650199670423724,False
1.4309999999999532,thumb_ik,0.016917654421341008,0.04635041164179844,0.014926419077299434,0.05154964284022977,False
1.431999999999953,thumb_ik,0.01683311380464858,0.046294794848143014,0.014847353158659581,0.05144905874950346,False
1.432999999999953,thumb_ik,0.016748469924962317,0.04623898936861977,0.014768469712833302,0.051348447691411024,False
1.4339999999999529,thumb_ik,0.016663723263109595,0.04618299520219617,0.014689768795523929,0.051247809963953804,False
1.4349999999999528,thumb_ik,0.01657887430109567,0.046126812348113486,0.014611250465047007,0.051147145869949985,False
1.4359999999999526,thumb_ik,0.016493923522072004,0.046070440805867155,0.014532914782352118,0.05104645571702288,False
1.4369999999999525,thumb_ik,0.016408871410306267,0.04601388057519247,0.014454761811053844,0.05094573981759753,False
1.4379999999999524,thumb_ik,0.016323718451155586,0.04595713165605338,0.014376791617469867,0.05084499848890324,False
1.4389999999999523,thumb_ik,0.01623846513104199,0.04590019404863481,0.014299004270664707,0.05074423205298198,False
1.4399999999999522,thumb_ik,0.016153111937430326,0.0458430677533377,0.014221399842496813,0.05064344083670099,False
1.440999999999952,thumb_ik,0.01606765935880808,0.04578575277077769,0.014143978407668605,0.05054262517177027,False
1.441999999999952,thumb_ik,0.01598210788466753,0.04572824910178565,0.01406674004377739,0.05044178539476296,False
1.4429999999999519,thumb_ik,0.015896458005489902,0.0456705567474119,0.013989684831366395,0.050340921847139806,False
1.4439999999999518,thumb_ik,0.01581071021273109,0.04561267570893075,0.013912812853975033,0.05024003487527426,False
1.4449999999999517,thumb_ik,0.01572486499880918,0.04555460598784862,0.01383612419818743,0.050139124830481184,False
1.4459999999999515,thumb_ik,0.015638922857093854,0.045496347585913186,0.013759618953678537,0.05003819206904653,False
1.4469999999999514,thumb_ik,0.01555288428189687,0.04543790050512468,0.013683297213257334,0.04993723695225859,False
1.4479999999999513,thumb_ik,0.015466749768464017,0.04537926474774752,0.013607159072906333,0.04983625984643932,False
1.4489999999999512,thumb_ik,0.015380519812968507,0.04532044031632411,0.013531204631817522,0.04973526112297725,False
1.449999999999951,thumb_ik,0.01529419491250536,0.04526142721368927,0.013455433992423743,0.04963424115836031,False
1.450999999999951,thumb_ik,0.015207775565086457,0.04520222544298548,0.0133798472604256,0.0495332003342086,False
1.4519999999999509,thumb_ik,0.015121262269637628,0.04514283500767906,0.013304444544813925,0.049432139037307796,False
1.4529999999999508,thumb_ik,0.015034655525995227,0.04508325591157682,0.013229225957886892,0.049331057659641686,False
1.4539999999999507,thumb_ik,0.01494795583490463,0.04502348815884279,0.013154191615263027,0.04922995659842462,False
1.4549999999999506,thumb_ik,0.0148611636980185,0.044963531754016,0.013079341635888255,0.04912883625613361,False
1.4559999999999504,thumb_ik,0.014774279617896582,0.04490338670202808,0.0130046761420388,0.049027697040540046,False
1.4569999999999503,thumb_ik,0.014687304098005116,0.044843053008220654,0.012930195259318888,0.04892653936474026,False
1.4579999999999502,thumb_ik,0.014600237642717576,0.044782530678363394,0.012855899116653496,0.04882536364718606,False
1.4589999999999501,thumb_ik,0.014513080757314917,0.044721819718671854,0.012781787846276583,0.04872417031171444,False
1.45999999999995,thumb_ik,0.014425833947987313,0.044660920135824386,0.012707861583714607,0.048622959787576046,False
1.46099999999995,thumb_ik,0.01433849772183493,0.044599831936980486,0.012634120467765703,0.04852173250946411,False
1.4619999999999498,thumb_ik,0.014251072586870098,0.04453855512979675,0.012560564640474305,0.048420488917541075,False
1.4629999999999497,thumb_ik,0.01416355905201877,0.04447708972244484,0.012487194247101981,0.04831922945746639,False
1.4639999999999496,thumb_ik,0.014075957627122729,0.0444154357236272,0.012414009436094265,0.04821795458042213,False
1.4649999999999495,thumb_ik,0.013988268822941782,0.04435359314259303,0.012341010359043593,0.04811666474313844,False
1.4659999999999493,thumb_ik,0.013900493151156018,0.044291561989154474,0.01226819717064884,0.0480153604079191,False
1.4669999999999492,thumb_ik,0.013812631124367841,0.044229342273701164,0.012195570028671561,0.047914042042665285,False
1.4679999999999491,thumb_ik,0.01372468325610468,0.04416693400721532,0.012123129093889282,0.04781271012090005,False
1.468999999999949,thumb_ik,0.013636650060821015,0.04410433720128566,0.012050874530045573,0.04771136512179149,False
1.469999999999949,thumb_ik,0.01354853205390101,0.044041551868120934,0.01197880650379779,0.047610007530175816,False
1.4709999999999488,thumb_ik,0.013460329751660463,0.043978578020563305,0.011906925184662024,0.04750863783658029,False
1.4719999999999487,thumb_ik,0.013372043671349323,0.043915415672100624,0.011835230744956234,0.047407256537245555,False
1.4729999999999486,thumb_ik,0.013283674331153753,0.043852064836878826,0.011763723359740953,0.04730586413414824,False
1.4739999999999485,thumb_ik,0.01319522225019823,0.04378852552971281,0.011692403206758389,0.04720446113502251,False
1.4749999999999484,thumb_ik,0.013106687948547455,0.04372479776609765,0.011621270466369762,0.04710304805338244,False
1.4759999999999482,thumb_ik,0.013018071947208498,0.04366088156221924,0.011550325321491351,0.04700162540854431,False
1.4769999999999481,thumb_ik,0.01292937476813219,0.04359677693496365,0.0114795679575289,0.04690019372564805,False
1.477999999999948,thumb_ik,0.012840596934215215,0.04353248390192639,0.011408998562311545,0.04679875353567961,False
1.478999999999948,thumb_ik,0.012751738969301304,0.04346800248142184,0.011338617326024359,0.04669730537549369,False
1.4799999999999478,thumb_ik,0.012662801398182863,0.04340333269249076,0.011268424441140047,0.04659584978783563,False
1.4809999999999477,thumb_ik,0.01257378474660216,0.04333847455490834,0.01119842010235065,0.04649438732136444,False
1.4819999999999476,thumb_ik,0.012484689541252453,0.0432734280891917,0.011128604506498167,0.046392918530676154,False
1.4829999999999475,thumb_ik,0.012395516309779156,0.04320819331660612,0.011058977852505272,0.04629144397632687,False
1.4839999999999474,thumb_ik,0.012306265580780601,0.04314277025917217,0.010989540341305552,0.046189964224857306,False
1.4849999999999473,thumb_ik,0.01221693788380876,0.04307715893967075,0.01092029217577404,0.046088479848816546,False
1.4859999999999471,thumb_ik,0.012127533749369951,0.04301135938164942,0.010851233560657623,0.04598699142678776,False
1.486999999999947,thumb_ik,0.012038053708925328,0.042945371609426894,0.01078236470250548,0.04588549954341324,False
1.487999999999947,thumb_ik,0.011948498294891252,0.04287919564809774,0.01071368580960028,0.04578400478942066,False
1.4889999999999468,thumb_ik,0.011858868040639459,0.04281283152353711,0.010645197091889304,0.045682507761650316,False
1.4899999999999467,thumb_ik,0.011769163480497252,0.042746279262404166,0.010576898760916269,0.04558100906308225,False
1.4909999999999466,thumb_ik,0.011679385149747451,0.04267953889214619,0.010508791029753606,0.045479509302865075,False
1.4919999999999465,thumb_ik,0.011589533584628331,0.042612610441001494,0.010440874112935528,0.04537800909634473,False
1.4929999999999464,thumb_ik,0.011499609322333279,0.04254549393800271,0.010373148226391814,0.04527650906509484,False
1.4939999999999463,thumb_ik,0.011409612901010752,0.04247818941297911,0.010305613587381943,0.04517500983694716,False
1.4949999999999461,thumb_ik,0.011319544859763414,0.042410696896559255,0.010238270414430768,0.0450735120460235,False
1.495999999999946,thumb_ik,0.011229405738647988,0.04234301642017342,0.0101711189272644,0.04497201633276868,False
1.496999999999946,thumb_ik,0.011139196078674349,0.0422751480160551,0.010104159346747476,0.0448705233439837,False
1.4979999999999458,thumb_ik,0.011048916421805027,0.04220709171724278,0.010037391894821345,0.044769033732860515,False
1.4989999999999457,thumb_ik,0.010958567310954181,0.04213884755758167,0.00997081679444288,0.04466754815901768,False
1.4999999999999456,thumb_ik,0.010868149289986848,0.04207041557172485,0.009904434269524923,0.04456606728853702,False
1.5009999999999455,thumb_ik,0.01077766290371801,0.0420017957951344,0.00983824454487726,0.04446459179400117,False
1.5019999999999454,thumb_ik,0.010687108697911368,0.04193298826408244,0.00977224784614917,0.044363122354532436,False
1.5029999999999453,thumb_ik,0.010596487219278514,0.04186399301565184,0.009706444399772755,0.0442616596558326,False
1.5039999999999452,thumb_ik,0.010505799015477518,0.04179481008773668,0.009640834432907499,0.04416020439022355,False
1.504999999999945,thumb_ik,0.01041504463511167,0.041725439519043436,0.00957541817338604,0.04405875725668998,False
1.505999999999945,thumb_ik,0.01032422462772832,0.04165588134909086,0.009510195849661052,0.04395731896092206,False
1.5069999999999448,thumb_ik,0.010233339543817652,0.04158613561821024,0.009445167690753313,0.043855890215359745,False
1.5079999999999447,thumb_ik,0.01014238993481087,0.04151620236754604,0.009380333926200853,0.04375447173923853,False
1.5089999999999446,thumb_ik,0.010051376353079011,0.04144608163905582,0.009315694786009535,0.043653064258635965,False
1.5099999999999445,thumb_ik,0.009960299351931615,0.04137577347551004,0.009251250500604394,0.04355166850651927,False
1.5109999999999444,thumb_ik,0.00986915948561487,0.04130527792049275,0.00918700130078251,0.043450285222794885,False
1.5119999999999443,thumb_ik,0.009777957309310123,0.04123459501840089,0.009122947417666883,0.0433489151543581,False
1.5129999999999442,thumb_ik,0.009686693379132319,0.04116372481444451,0.009059089082661485,0.0432475590551448,False
1.513999999999944,thumb_ik,0.009595368252128492,0.04109266735464641,0.008995426527407473,0.043146217686183846,False
1.514999999999944,thumb_ik,0.00950398248627575,0.0410214226858424,0.008931959983740384,0.043044891815651264,False
1.5159999999999438,thumb_ik,0.00941253664047989,0.04094999085568078,0.008868689683648762,0.04294358221892503,False
1.5169999999999437,thumb_ik,0.009321031274573552,0.040878371912622155,0.008805615859233597,0.042842289678641364,False
1.5179999999999436,thumb_ik,0.00922946694931441,0.040806565905939216,0.00874273874266909,0.04274101498475223,False
1.5189999999999435,thumb_ik,0.009137844226383543,0.04073457288571676,0.008680058566164259,0.042639758934584326,False
1.5199999999999434,thumb_ik,0.009046163668383428,0.04066239290285108,0.008617575561925814,0.04253852233289862,False
1.5209999999999433,thumb_ik,0.008954425838836377,0.04059002600905022,0.008555289962121845,0.04243730599195214,False
1.5219999999999432,thumb_ik,0.008862631302182497,0.04051747225683337,0.008493201998846962,0.04233611073155994,False
1.522999999999943,thumb_ik,0.008770780623778118,0.04044473169953074,0.008431311904087756,0.042234937379158975,False
1.523999999999943,thumb_ik,0.008678874369893591,0.040371804391283864,0.008369619909689954,0.04213378676987343,False
1.5249999999999428,thumb_ik,0.008586913107711688,0.040298690387044575,0.008308126247326183,0.04203265974658016,False
1.5259999999999427,thumb_ik,0.00849489740532558,0.040225389742575626,0.008246831148464483,0.041931557159976776,False
1.5269999999999426,thumb_ik,0.008402827831737125,0.04015190251445051,0.008185734844338328,0.04183047986865042,False
1.5279999999999425,thumb_ik,0.008310704956854792,0.040078228760053,0.008124837565916806,0.04172942873914719,False
1.5289999999999424,thumb_ik,0.008218529351491755,0.04000436853757748,0.00806413954387647,0.04162840464604382,False
1.5299999999999423,thumb_ik,0.00812630158736427,0.03993032190602881,0.00800364100857338,0.04152740847202003,False
1.5309999999999422,thumb_ik,0.008034022237089294,0.03985608892522231,0.007943342190016203,0.04142644110793209,False
1.531999999999942,thumb_ik,0.007941691874183032,0.03978166965578432,0.007883243317840488,0.04132550345288842,False
1.532999999999942,thumb_ik,0.00784931107305864,0.03970706415915139,0.007823344621283094,0.04122459641432485,False
1.5339999999999419,thumb_ik,0.007756880409024641,0.03963227249757166,0.007763646329157839,0.04112372090808335,False
1.5349999999999417,thumb_ik,0.007664400458282705,0.03955729473410392,0.0077041486698319304,0.04102287785848969,False
1.5359999999999416,thumb_ik,0.007571871797925692,0.03948213093261861,0.007644851871202559,0.040922068198434094,False
1.5369999999999415,thumb_ik,0.007479295005936068,0.039406781157797846,0.0075857561606751285,0.040821292869452484,False
1.5379999999999414,thumb_ik,0.00738667066118362,0.0393312454751361,0.00752686176514121,0.040720552821809156,False
1.5389999999999413,thumb_ik,0.007293999343423591,0.03925552395094008,0.007468168910958035,0.040619849014580225,False
1.5399999999999412,thumb_ik,0.007201281633294837,0.03917961665232954,0.007409677823927766,0.04051918241573903,False
1.540999999999941,thumb_ik,0.007108518112317774,0.03910352364723764,0.0073513887292781695,0.040418554002242355,False
1.541999999999941,thumb_ik,0.007015709362892378,0.039027245004411806,0.007293301851643494,0.04031796476011839,False
1.5429999999999409,thumb_ik,0.006922855968296421,0.03895078079341398,0.007235417415045877,0.04021741568455529,False
1.5439999999999408,thumb_ik,0.0068299585126833096,0.038874131084621164,0.007177735642877624,0.040116907779991225,False
1.5449999999999406,thumb_ik,0.006737017581080237,0.03879729594922661,0.0071202567578838374,0.04001644206020633,False
1.5459999999999405,thumb_ik,0.006644033759386159,0.038720275459240186,0.007062980982145608,0.03991601954841504,False
1.5469999999999404,thumb_ik,0.006551007634369804,0.03864306968748939,0.007005908537063572,0.039815641277360245,False
1.5479999999999403,thumb_ik,0.006457939793667905,0.0385656787076198,0.00694903964334238,0.03971530828940829,False
1.5489999999999402,thumb_ik,0.006364830825782972,0.03848810259409653,0.006892374520975228,0.03961502163664594,False
1.54999999999994,thumb_ik,0.006271681320081421,0.03841034142220488,0.006835913389229006,0.03951478238097797,False
1.55099999999994,thumb_ik,0.006178491866791452,0.0383323952680512,0.006779656466629938,0.039414591594226105,False
1.5519999999999399,thumb_ik,0.006085263057001494,0.03825426420856394,0.006723603970949739,0.03931445035822954,False
1.5529999999999398,thumb_ik,0.005991995482657636,0.03817594832149508,0.006667756119191775,0.03921435976494672,False
1.5539999999999397,thumb_ik,0.005898689736561991,0.03809744768542096,0.00661211312757819,0.03911432091655818,False
1.5549999999999395,thumb_ik,0.00580534641237071,0.03801876237974329,0.006556675211537032,0.03901433492557054,False
1.5559999999999394,thumb_ik,0.0057119661045917924,0.03793989248469061,0.006501442585689913,0.03891440291492227,False
1.5569999999999393,thumb_ik,0.0056185494085831955,0.037860838081319834,0.006446415463839891,0.03881452601809074,False
1.5579999999999392,thumb_ik,0.005525096920550712,0.03778159925151657,0.006391594058959879,0.038714705379199355,False
1.558999999999939,thumb_ik,0.005431609237546098,0.03770217607799749,0.006336978583181278,0.03861494215312798,False
1.559999999999939,thumb_ik,0.00533808695746503,0.037622568644311224,0.006282569247783011,0.038515237505623114,False
1.5609999999999389,thumb_ik,0.005244530679044873,0.03754277703483962,0.006228366263180667,0.038415592613409606,False
1.5619999999999388,thumb_ik,0.005150941001862905,0.037462801334799525,0.00617436983891613,0.03831600866430436,False
1.5629999999999387,thumb_ik,0.005057318526333954,0.03738264163024417,0.006120580183647577,0.03821648685733063,False
1.5639999999999386,thumb_ik,0.0049636638537087635,0.03730229800806446,0.006066997505139424,0.03811702840283373,False
1.5649999999999384,thumb_ik,0.004869977586071481,0.037221770555991004,0.006013622010252833,0.03801763452259852,False
1.5659999999999383,thumb_ik,0.004776260326337753,0.037141059362595166,0.0059604539049364115,0.03791830644996738,False
1.5669999999999382,thumb_ik,0.004682512678252912,0.0370601645172909,0.0059074933942170026,0.03781904542996008,False
1.567999999999938,thumb_ik,0.0045887352463894054,0.03697908611033658,0.00585474068219086,0.03771985271939493,False
1.568999999999938,thumb_ik,0.0044949286361450624,0.03689782423283659,0.005802195972015017,0.037620729587011036,False
1.569999999999938,thumb_ik,0.004401093453740651,0.03681637897674288,0.005749859465898847,0.03752167731359168,False
1.5709999999999378,thumb_ik,0.004307230306218254,0.0367347504348567,0.005697731365095816,0.03742269719208927,False
1.5719999999999377,thumb_ik,0.004213339801438579,0.036652938700830764,0.005645811869895538,0.03732379052775183,False
1.5729999999999376,thumb_ik,0.004119422548079038,0.03657094386917063,0.005594101179615795,0.03722495863825009,False
1.5739999999999374,thumb_ik,0.004025479155631867,0.036488766035236694,0.005542599492595068,0.03712620285380643,False
1.5749999999999373,thumb_ik,0.003931510234401331,0.036406405295246094,0.005491307006184904,0.03702752451732495,False
1.5759999999999372,thumb_ik,0.003837516395502255,0.03632386174627443,0.005440223916742523,0.0369289249845227,False
1.5769999999999371,thumb_ik,0.0037434982508572773,0.03624113548625792,0.00538935041962409,0.03683040562406253,False
1.577999999999937,thumb_ik,0.003649456413194821,0.03615822661399497,0.0053386867091771185,0.03673196781768664,False
1.578999999999937,thumb_ik,0.003555391496047014,0.03607513522914861,0.005288232978734098,0.03663361296035232,False
1.5799999999999368,thumb_ik,0.0034613041137473294,0.03599186143224799,0.005237989420605434,0.03653534246036786,False
1.5809999999999367,thumb_ik,0.0033671948814282954,0.035908405324690626,0.005187956226073185,0.03643715773953066,False
1.5819999999999366,thumb_ik,0.003273064415019275,0.03582476700874444,0.005138133585384386,0.03633906023326614,False
1.5829999999999365,thumb_ik,0.003178913331244232,0.03574094658754963,0.005088521687744731,0.03624105139076799,False
1.5839999999999363,thumb_ik,0.0030847422476193848,0.0356569441651209,0.005039120721312424,0.036143132675139786,False
1.5849999999999362,thumb_ik,0.0029905517824509176,0.03557275984634946,0.004989930873192234,0.036045305563537806,False
1.5859999999999361,thumb_ik,0.0028963425548326482,0.03548839373700509,0.004940952329429031,0.03594757154731494,False
1.586999999999936,thumb_ik,0.0028021151846438497,0.035403845943738285,0.0048921852750025,0.03584993213216612,False
1.587999999999936,thumb_ik,0.0027078702925464604,0.03531911657408242,0.004843629893820811,0.03575238883827476,False
1.5889999999999358,thumb_ik,0.0026136084999832804,0.03523420573645557,0.004795286368715342,0.0356549432004603,False
1.5899999999999357,thumb_ik,0.0025193304291750984,0.0351491135401633,0.004747154881434821,0.03555759676832771,False
1.5909999999999356,thumb_ik,0.0024250367031187076,0.03506384009540035,0.004699235612639827,0.03546035110641716,False
1.5919999999999355,thumb_ik,0.002330727945584171,0.03497838551325279,0.004651528741897455,0.03536320779435539,False
1.5929999999999354,thumb_ik,0.00223640478111245,0.034892749905700474,0.004604034447675931,0.03526616842700848,False
1.5939999999999352,thumb_ik,0.002142067835012973,0.0348069333856192,0.004556752907339038,0.035169234614635454,False
1.5949999999999351,thumb_ik,0.0020477177333614177,0.03472093606678274,0.004509684297141544,0.03507240798304306,False
1.595999999999935,thumb_ik,0.0019533551029966983,0.034634758063865276,0.0044628287922233514,0.034975690173741844,False
1.596999999999935,thumb_ik,0.0018589805715189534,0.03454839949244347,0.004416186566604814,0.034879082844103196,False
1.5979999999999348,thumb_ik,0.0017645947672866868,0.03446186046899903,0.0043697577931816126,0.03478258766751785,False
1.5989999999999347,thumb_ik,0.001670198319414451,0.034375141110920424,0.004323542643719789,0.034686206333554695,False
1.5999999999999346,thumb_ik,0.001575791857770098,0.034288241536505906,0.00427754128885087,0.034589940548121895,False
1.6009999999999345,thumb_ik,0.0014813760129724213,0.034201161864964816,0.0042317538980669485,0.034493792033627416,False
1.6019999999999344,thumb_ik,0.0013869514163882268,0.034113902216420924,0.004186180639715969,0.03439776252914254,False
1.6029999999999343,thumb_ik,0.0012925187001300992,0.03402646271191405,0.004140821680996817,0.03430185379056468,False
1.6039999999999341,thumb_ik,0.0011980784970533898,0.03393884347340252,0.004095677187954866,0.03420606759078208,False
1.604999999999934,thumb_ik,0.0011036314407539272,0.03385104462376541,0.004050747325477035,0.03411040571983917,False
1.605999999999934,thumb_ik,0.00100917816556495,0.033763066286805296,0.00400603225728742,0.034014869985103405,False
1.6069999999999338,thumb_ik,0.0009147193065547898,0.03367490858724974,0.003961532145942425,0.03391946221143173,False
1.6079999999999337,thumb_ik,0.0008202554995238726,0.03358657165075453,0.003917247152826531,0.033824184241339726,False
1.6089999999999336,thumb_ik,0.000725787381002041,0.033498055603905466,0.0038731774381476035,0.03372903793517004,False
1.6099999999999335,thumb_ik,0.0006313155882459037,0.03340936057422082,0.003829323160932485,0.03363402517126247,False
1.6109999999999334,thumb_ik,0.0005368407592360458,0.033320486690153625,0.003785684479022413,0.03353914784612443,False
1.6119999999999333,thumb_ik,0.00044236353267396167,0.03323143408109426,0.003742261549068822,0.03344440787460277,False
1.6129999999999332,thumb_ik,0.00034788454797955726,0.03314220287737239,0.0036990545265289144,0.033349807190055356,False
1.613999999999933,thumb_ik,0.0002534044452881662,0.03305279321025985,0.0036560635656612064,0.03325534774452444,False
1.614999999999933,thumb_ik,0.00015892386544771875,0.03296320521197256,0.003613288819521294,0.03316103150890969,False
1.6159999999999328,thumb_ik,6.44434500158414e-05,0.03287343901567295,0.0035707304399574848,0.03306686047314225,False
1.6169999999999327,thumb_ik,-3.0036158743099173e-05,0.03278349475547264,0.0035283885776066642,0.032972836646359666,False
1.6179999999999326,thumb_ik,-0.00012451431786085487,0.032693372566434495,0.003486263381889978,0.03287896205708068,False
1.6189999999999325,thumb_ik,-0.0002189903836683077,0.032603072584575024,0.003444355001008436,0.03278523875338074,False
1.6199999999999324,thumb_ik,-0.00031346371179827304,0.03251259494686666,0.003402663581938997,0.03269166880306797,False
1.6209999999999323,thumb_ik,-0.0004079336571888442,0.032421939791240764,0.0033611892704302586,0.032598254293860034,False
1.6219999999999322,thumb_ik,-0.0005023995740860848,0.03233110725658904,0.003319932210998213,0.0325049973335598,False
1.622999999999932,thumb_ik,-0.0005968608160470401,0.032240097482766475,0.0032788925469222734,0.032411900050232784,False
1.623999999999932,thumb_ik,-0.000691316735943151,0.03214891061059376,0.0032380704202409245,0.03231896459238418,False
1.6249999999999318,thumb_ik,-0.0007857666859630991,0.032057546781859445,0.003197465971747821,0.032226193129135834,False
1.6259999999999317,thumb_ik,-0.0008802100176157901,0.03196600613932217,0.0031570793409876584,0.032133587850403274,False
1.6269999999999316,thumb_ik,-0.0009746460817337266,0.03187428882671374,0.0031169106662518632,0.032041150967073606,False
1.6279999999999315,thumb_ik,-0.0010690742284761023,0.0317823949887404,0.0030769600845749305,0.03194888471118155,False
1.6289999999999314,thumb_ik,-0.001163493807331939,0.03169032477108634,0.0030372277317299474,0.03185679133608747,False
1.6299999999999313,thumb_ik,-0.0012579041671231111,0.03159807832041529,0.0029977137422248883,0.03176487311665338,False
1.6309999999999312,thumb_ik,-0.0013523046560080382,0.03150565578437302,0.002958418249298468,0.031673132349419444,False
1.631999999999931,thumb_ik,-0.0014459618827743076,0.031417794629614984,0.00292037626616614,0.03158634551022145,False
1.632999999999931,thumb_ik,-0.001538401496902056,0.031337242440745275,0.0028840355592040963,0.03150725478461224,False
1.6339999999999308,thumb_ik,-0.0016297239580534695,0.031263715208796714,0.002849287500532354,0.031435558339194335,False
1.6349999999999307,thumb_ik,-0.0017200125467936866,0.031196972240738016,0.0028160377019454154,0.03137099916306913,False
1.6359999999999306,thumb_ik,-0.0018093371145630893,0.031136796876174808,0.0027842026492906624,0.03131334547592483,False
1.6369999999999305,thumb_ik,-0.0018977571630022783,0.0310829820305666,0.0027537070639674782,0.031262376057433594,False
1.6379999999999304,thumb_ik,-0.0019853243295057943,0.031035319850242563,0.0027244818100605854,0.03121786975489421,False
1.6389999999999303,thumb_ik,-0.0020720844340782335,0.03099359474500847,0.002696462232557602,0.031179598420944674,False
1.6399999999999302,thumb_ik,-0.0021580866064338233,0.03095764301146299,0.002669596289802293,0.031147387418154007,False
1.64099999999993,thumb_ik,-0.002243379662128911,0.030927270954952082,0.0026438298088683164,0.031121032712423554,False
1.64199999999993,thumb_ik,-0.00232801215795736,0.03090225281099808,0.002619105966596199,0.03110029880027997,False
1.6429999999999298,thumb_ik,-0.0024121174750769275,0.030882612046064503,0.002595366136924449,0.031085204887309235,False
1.6439999999999297,thumb_ik,-0.0024957509888553636,0.030868112255566807,0.0025725512564373464,0.03107550719115689,False
1.6449999999999296,thumb_ik,-0.0025789670643280305,0.0308585044124043,0.00255060097094827,0.031070949953328857,False
1.6459999999999295,thumb_ik,-0.002661818142733266,0.030853531128899422,0.0025294545766349832,0.031071269677987238,False
1.6469999999999294,thumb_ik,-0.00274433681257219,0.03085262198611556,0.002509065813942942,0.031075892251352613,False
1.6479999999999293,thumb_ik,-0.002826571013154436,0.03085552001156487,0.002489373750461356,0.031084555659458463,False
1.6489999999999292,thumb_ik,-0.0029085655257975046,0.030861972409234814,0.002470319131772529,0.03109700260505874,False
1.649999999999929,thumb_ik,-0.0029903631163936267,0.03087173586123647,0.002451845162008918,0.031112985895800933,False
1.650999999999929,thumb_ik,-0.003072000586881188,0.030884580734789377,0.002433903145051146,0.03113227263289674,False
1.6519999999999289,thumb_ik,-0.0031535154282839317,0.030900285536875308,0.002416444544839483,0.031154638660320463,False
1.6529999999999287,thumb_ik,-0.003234972144816925,0.030918623377292273,0.002399406768055959,0.031179856785482168,False
1.6539999999999286,thumb_ik,-0.0033163963068569696,0.030939379747975018,0.0023827431697077163,0.031207710083668905,False
1.6549999999999285,thumb_ik,-0.0033978110339516893,0.030962349276497173,0.00236640931286582,0.03123799106181873,False
1.6559999999999284,thumb_ik,-0.0034792371317917264,0.03098733734737537,0.0023503639482597392,0.03127050331524202,False
1.6569999999999283,thumb_ik,-0.0035606933316916084,0.031014159452525905,0.002334568763604151,0.03130506085062048,False
1.6579999999999282,thumb_ik,-0.0036421961356164906,0.03104264205102915,0.0023189885776634146,0.031341488896061656,False
1.658999999999928,thumb_ik,-0.0037237607216991375,0.031072618894666795,0.0023035903415734513,0.03137962025499135,False
1.659999999999928,thumb_ik,-0.0038054006306696975,0.031103932462394332,0.002288343526157411,0.0314192966929369,False
1.6609999999999279,thumb_ik,-0.003887179690834436,0.031136580602794242,0.0022731798201539623,0.03146051754307124,False
1.6619999999999278,thumb_ik,-0.003969103654670278,0.031170428824638455,0.002258072865632111,0.031503147620513615,False
1.6629999999999276,thumb_ik,-0.0040511780476318315,0.031205345517775693,0.0022429980602890025,0.03154705489829182,False
1.6639999999999275,thumb_ik,-0.004133407760093258,0.031241203955199567,0.0022279329718279915,0.03159211245878526,False
1.6649999999999274,thumb_ik,-0.004215796964455246,0.03127788217743936,0.002212857367821928,0.031638198357074834,False
1.6659999999999273,thumb_ik,-0.004298348700498167,0.03131526265684491,0.0021977536831896544,0.03168519525062507,False
1.6669999999999272,thumb_ik,-0.004381065414963803,0.031353236197477194,0.002182606409949002,0.031732994264105245,False
1.667999999999927,thumb_ik,-0.004463948778023974,0.03139169937151358,0.0021674021288539853,0.03178149241480753,False
1.668999999999927,thumb_ik,-0.004547040561114032,0.031430602883453077,0.0021520897784614683,0.031830643504275925,False
1.6699999999999269,thumb_ik,-0.004630337143972582,0.03146983634535576,0.002136660643048814,0.031880337833433955,False
1.6709999999999268,thumb_ik,-0.0047138345374749535,0.031509297323127614,0.002121107973213028,0.0319304737340049,False
1.6719999999999267,thumb_ik,-0.004797528319443398,0.03154889064739426,0.002105426917956201,0.03198095685816728,False
1.6729999999999265,thumb_ik,-0.004881414203913706,0.03158852818844131,0.0020896136825875704,0.03203169997181821,False
1.6739999999999264,thumb_ik,-0.004965487361144383,0.03162812821947268,0.0020736662502380265,0.03208262226063301,False
1.6749999999999263,thumb_ik,-0.005049742751557507,0.0316676151311162,0.002057583864699352,0.03213364905063971,False
1.6759999999999262,thumb_ik,-0.005134175432914931,0.031706919080033605,0.0020413665687471806,0.03218471146976068,False
1.676999999999926,thumb_ik,-0.0052188097482989,0.03174594178707206,0.002024981842220566,0.03223571538834574,False
1.677999999999926,thumb_ik,-0.005303635977001869,0.031784623251438146,0.0020084347503609642,0.032286601554807046,False
1.6789999999999259,thumb_ik,-0.005388644188646527,0.03182291489855742,0.0019917313051404963,0.032337321973604095,False
1.6799999999999258,thumb_ik,-0.005473824524967072,0.031860772970129736,0.001974878469383115,0.032387833427895626,False
1.6809999999999257,thumb_ik,-0.0055591678563695485,0.03189815659577876,0.0019578832438259634,0.03243809563245923,False
1.6819999999999256,thumb_ik,-0.005644665464738768,0.03193502765071224,0.001940752877039275,0.03248807105677876,False
1.6829999999999254,thumb_ik,-0.005730308925419772,0.03197135096946237,0.0019234949257281655,0.03253772511904589,False
1.6839999999999253,thumb_ik,-0.005816090081583042,0.03200709409652945,0.0019061171940884976,0.03258702593209111,False
1.6849999999999252,thumb_ik,-0.005902025060426266,0.03204212490030957,0.0018885973965870988,0.03263584636664619,False
1.6859999999999251,thumb_ik,-0.005988191493821682,0.03207575430002553,0.0018708483563874695,0.032683520692466446,False
1.686999999999925,thumb_ik,-0.0060745650803353535,0.03210802833207747,0.0018529012599763153,0.03273009421568996,False
1.687999999999925,thumb_ik,-0.0061611236809642755,0.0321389913924023,0.0018347850786617076,0.032775610581923985,False
1.6889999999999248,thumb_ik,-0.0062478471233232274,0.032168686169205554,0.001816526699563975,0.03282011171186783,False
1.6899999999999247,thumb_ik,-0.006334717023582501,0.032197153710934526,0.0017981510542999825,0.03286363787027375,False
1.6909999999999246,thumb_ik,-0.006421716621257567,0.03222443342884233,0.0017796812471553881,0.03290622767068726,False
1.6919999999999245,thumb_ik,-0.0065088306308701965,0.03225056322553889,0.0017611386763867337,0.03294791820408841,False
1.6929999999999243,thumb_ik,-0.006596045124879574,0.03227557959306089,0.001742543137970308,0.03298874514050427,False
1.6939999999999242,thumb_ik,-0.006683347367990297,0.03229951748035971,0.0017239129648434943,0.03302874259513433,False
1.6949999999999241,thumb_ik,-0.006770725723784274,0.03232241045564979,0.0017052651210765768,0.03306794329291396,False
1.695999999999924,thumb_ik,-0.006858169524031094,0.03234429069273158,0.0016866153200309868,0.03310637855269034,False
1.696999999999924,thumb_ik,-0.0069456690311602565,0.03236518919289588,0.0016679780835679274,0.03314407851592236,False
1.6979999999999238,thumb_ik,-0.007033242064055617,0.032385080119754786,0.0016493400592192849,0.03318102215010085,False
1.6989999999999237,thumb_ik,-0.007120877931888189,0.03240399716151643,0.0016307171996520382,0.033217242106316686,False
1.6999999999999236,thumb_ik,-0.0072085663951551165,0.03242197329253538,0.0016121244990849742,0.033252770216266,False
1.7009999999999235,thumb_ik,-0.007296299380908006,0.03243903791778771,0.0015935745132661244,0.033287635022885585,False
1.7019999999999234,thumb_ik,-0.007384097249076613,0.032455255105873396,0.0015750379809222927,0.03332190301907275,False
1.7029999999999232,thumb_ik,-0.0074719671188413495,0.03247066892263743,0.001556499756153882,0.03335561908283949,False
1.7039999999999231,thumb_ik,-0.007559901976629688,0.03248525949809994,0.001537970842694799,0.03338876393142042,False
1.704999999999923,thumb_ik,-0.007647894838865979,0.032499009754544284,0.0015194621869171199,0.03342132097673262,False
1.705999999999923,thumb_ik,-0.0077359389259978595,0.03251190470296836,0.0015009843751786732,0.033453275662873365,False
1.7069999999999228,thumb_ik,-0.007824054789328225,0.032523946882096685,0.0014824977169253413,0.033484634589861444,False
1.7079999999999227,thumb_ik,-0.007912234656256623,0.03253511108613724,0.0014640144380873056,0.03351537332207247,False
1.7089999999999226,thumb_ik,-0.008000470126677928,0.03254537786846948,0.0014455478286175862,0.03354547288941013,False
1.7099999999999225,thumb_ik,-0.008088754499829695,0.03255472686002003,0.0014271083066346585,0.03357491367684943,False
1.7109999999999224,thumb_ik,-0.00817708086052868,0.032563142842384374,0.0014087065267963383,0.033603681007469875,False
1.7119999999999223,thumb_ik,-0.008265442554472438,0.03257061323494524,0.001390352710428186,0.03363176278135104,False
1.7129999999999221,thumb_ik,-0.008353852938429149,0.032577073810613186,0.001372020805495859,0.0336591003752292,False
1.713999999999922,thumb_ik,-0.008442303865729597,0.03258251414778672,0.0013537235706358938,0.03368568375820402,False
1.714999999999922,thumb_ik,-0.00853078796396084,0.032586924808198345,0.0013354724195595753,0.03371150394634799,False
1.7159999999999218,thumb_ik,-0.008619298293020994,0.03259029869652437,0.0013172780343779639,0.033736554264071,False
1.7169999999999217,thumb_ik,-0.0087078287593986,0.0325926276868628,0.0012991496206842083,0.03376082716662003,False
1.7179999999999216,thumb_ik,-0.008796372756956355,0.03259391103292321,0.0012810974067563284,0.03378432211347499,False
1.7189999999999215,thumb_ik,-0.008884924094658075,0.03259414871928033,0.0012631309203994141,0.03380703930580832,False
1.7199999999999214,thumb_ik,-0.008973490120265895,0.032593283398828374,0.001245235123343999,0.03382892635256491,False
1.7209999999999213,thumb_ik,-0.009062063980720222,0.03259131860037784,0.0012274206998350926,0.03384998690215973,False
1.7219999999999211,thumb_ik,-0.009150639342599201,0.032588258404924866,0.0012096973804999987,0.0338702251837343,False
1.722999999999921,thumb_ik,-0.00923921005646891,0.032584109316591295,0.0011920746487676555,0.03388964774664031,False
1.723999999999921,thumb_ik,-0.009327770134944263,0.032578880303356886,0.001174561774458037,0.033908263489492226,False
1.7249999999999208,thumb_ik,-0.009416308171164137,0.03257218378919827,0.001157176344493041,0.033925699306925086,False
1.7259999999999207,thumb_ik,-0.009504818255828329,0.03256405114539067,0.0011399276411986972,0.033941986272213294,False
1.7269999999999206,thumb_ik,-0.009593295165250204,0.032554513117309516,0.0011228237904909316,0.03395715491169987,False
1.7279999999999205,thumb_ik,-0.009681733870408854,0.0325436018625406,0.0011058726351237738,0.03397123705740039,False
1.7289999999999204,thumb_ik,-0.009770138624340938,0.032531310504740577,0.0010890651538319335,0.03398422920714804,False
1.7299999999999203,thumb_ik,-0.009858504130589724,0.03251767272038446,0.0010724096389665635,0.033996164567148435,False
1.7309999999999202,thumb_ik,-0.009947025032829113,0.03250076006939949,0.001055732850053736,0.03400525376972041,False
1.73199999999992,thumb_ik,-0.010035679402633904,0.03248062570467074,0.0010390548959681098,0.034011550131039354,False
1.73299999999992,thumb_ik,-0.010124447315856766,0.03245732027377353,0.0010223943229389493,0.03401510492351078,False
1.7339999999999198,thumb_ik,-0.010213087060693418,0.032433160971747116,0.0010059853624536513,0.03401806996991503,False
1.7349999999999197,thumb_ik,-0.01030160187135451,0.03240816777749364,0.0009898281109471038,0.034020465891861223,False
1.7359999999999196,thumb_ik,-0.010389993747012619,0.03238237930071118,0.000973922296146304,0.03402233066497679,False
1.7369999999999195,thumb_ik,-0.01047826375814534,0.032355844205190734,0.0009582678219498195,0.034023711479414194,False
1.7379999999999194,thumb_ik,-0.010566413159765642,0.032328607695378264,0.0009428642378997987,0.03402465217391134,False
1.7389999999999193,thumb_ik,-0.010654452430585826,0.032300641163704485,0.0009277002703758468,0.03402512900745083,False
1.7399999999999192,thumb_ik,-0.010742381600605214,0.03227198935680216,0.0009127764403970354,0.034025185088823795,False
1.740999999999919,thumb_ik,-0.010830200725620423,0.032242694765585014,0.000898093071695933,0.034024861273329834,False
1.741999999999919,thumb_ik,-0.010917909711982476,0.03221280049485205,0.0008836505759070232,0.034024198837598545,False
1.7429999999999188,thumb_ik,-0.01100550847376286,0.032182348552830184,0.0008694492747802381,0.034023237899755115,False
1.7439999999999187,thumb_ik,-0.011092996924613532,0.03215137942399836,0.0008554894124971485,0.034022017015019626,False
1.7449999999999186,thumb_ik,-0.01118037498578442,0.03211993231508073,0.0008417711514073986,0.03402057341403086,False
1.7459999999999185,thumb_ik,-0.011267642505088521,0.032088045922366026,0.0008282946569147936,0.034018943704604086,False
1.7469999999999184,thumb_ik,-0.011354799368188548,0.03205575422775142,0.0008150599927942981,0.034017159943088605,False
1.7479999999999183,thumb_ik,-0.011441845532700015,0.03202309234462525,0.0008020670864379367,0.03401525516761135,False
1.7489999999999182,thumb_ik,-0.0115287808409517,0.031990094540200964,0.0007893159357271751,0.03401326147278563,False
1.749999999999918,thumb_ik,-0.01161560527307949,0.03195679339601064,0.0007768063289352416,0.0340112093005817,False
1.750999999999918,thumb_ik,-0.011702318817025159,0.031923220241007536,0.0007645379918611514,0.034009127812870674,False
1.7519999999999178,thumb_ik,-0.011788929970299677,0.03188934154722632,0.0007525008044738588,0.03400698798219299,False
1.7529999999999177,thumb_ik,-0.01187543795354154,0.03185518708577023,0.0007406951093653878,0.03400481730730037,False
1.7539999999999176,thumb_ik,-0.011961842023466049,0.03182078580634559,0.0007291211836607976,0.03400264242126112,False
1.7549999999999175,thumb_ik,-0.012048141484673508,0.03178616576201908,0.0007177792380914337,0.034000489027658114,False
1.7559999999999174,thumb_ik,-0.012134335816089484,0.03175135282010352,0.0007066692772712338,0.033998380741908384,False
1.7569999999999173,thumb_ik,-0.012220424552993353,0.03171637156707641,0.0006957912215351039,0.03399633990682263,False
1.7579999999999172,thumb_ik,-0.012306407348025239,0.03168124779775404,0.0006851448461184378,0.033994389938611744,False
1.758999999999917,thumb_ik,-0.012392283893878309,0.0316460032894328,0.0006747298403698802,0.03399255042886239,False
1.759999999999917,thumb_ik,-0.012478053852982562,0.03161065915729462,0.000664545915677224,0.03399084026014406,False
1.7609999999999169,thumb_ik,-0.012563716862947938,0.031575232980563986,0.0006545927852634401,0.03398927493936488,False
1.7619999999999167,thumb_ik,-0.012649272656197141,0.03153974366557494,0.0006448700453376283,0.03398787116893856,False
1.7629999999999166,thumb_ik,-0.012734720995126375,0.03150420885977691,0.0006353772410277805,0.03398664442016267,False
1.7639999999999165,thumb_ik,-0.01282006167179435,0.03146864518472704,0.0006261138673416683,0.03398560915454853,False
1.7649999999999164,thumb_ik,-0.012905294575808093,0.03143306749449935,0.0006170793014786818,0.03398477816709191,False
1.7659999999999163,thumb_ik,-0.01299042701377362,0.03139743557421952,0.0006082642562357556,0.03398411599619532,False
1.7669999999999162,thumb_ik,-0.01307545794935669,0.03136176491360708,0.0005996690261648417,0.033983635797581936,False
1.767999999999916,thumb_ik,-0.013160386699119203,0.03132606786831474,0.0005912935070422204,0.033983347895286675,False
1.768999999999916,thumb_ik,-0.013245212646831872,0.03129035592201078,0.0005831375220974912,0.03398326177922873,False
1.7699999999999159,thumb_ik,-0.013329935478336469,0.031254637292293316,0.0005752005469032255,0.03398338399569094,False
1.7709999999999158,thumb_ik,-0.013414554679328367,0.03121892155298349,0.00056748229736895,0.03398372222599895,False
1.7719999999999156,thumb_ik,-0.013499069782738293,0.031183217406706612,0.0005599824366601426,0.033984283325715965,False
1.7729999999999155,thumb_ik,-0.013583480363000222,0.031147532708602113,0.0005527005810690086,0.03398507334901258,False
1.7739999999999154,thumb_ik,-0.013667785829725804,0.03111187601302924,0.0005456365107342105,0.03398609888968141,False
1.7749999999999153,thumb_ik,-0.013751979209247311,0.031076012223825875,0.0005387963638647034,0.03398714123648324,False
1.7759999999999152,thumb_ik,-0.013836059703636744,0.031039966098169433,0.0005321802071813278,0.03398822236115069,False
1.776999999999915,thumb_ik,-0.013920026693647142,0.031003760024516255,0.0005257879056881527,0.033989362037723056,False
1.777999999999915,thumb_ik,-0.01400387955208103,0.03096741544645186,0.0005196193105387534,0.033990579079654165,False
1.7789999999999149,thumb_ik,-0.014087617768175534,0.030930951687267644,0.0005136741715778131,0.03399189032426479,False
1.7799999999999148,thumb_ik,-0.014171240876663008,0.03089438684107343,0.0005079521890470548,0.0339933114258769,False
1.7809999999999147,thumb_ik,-0.014254748454523292,0.030857737840575883,0.0005024530160688129,0.03399485692237577,False
1.7819999999999145,thumb_ik,-0.014338146885829087,0.03082097089022555,0.0004971683973284194,0.03399649804246083,False
1.7829999999999144,thumb_ik,-0.014421435278453812,0.030784100187558686,0.0004920984586066698,0.03399824673040135,False
1.7839999999999143,thumb_ik,-0.014504612816397339,0.030747138886504502,0.00048724324883639425,0.03400011395044334,False
1.7849999999999142,thumb_ik,-0.014587678770932103,0.030710099130953766,0.00048260273719014785,0.034002109728057374,False
1.785999999999914,thumb_ik,-0.014670632459125865,0.03067299231583344,0.00047817683548933426,0.03400424337408396,False
1.786999999999914,thumb_ik,-0.014753473043756973,0.03063583093922602,0.00047396562352844743,0.03400652507390293,False
1.7879999999999139,thumb_ik,-0.014836199946265533,0.030598624734696447,0.00046996890132191063,0.03400896257265953,False
1.7889999999999138,thumb_ik,-0.014918812631650541,0.030561382635005574,0.0004661864226762971,0.03401156286738679,False
1.7899999999999137,thumb_ik,-0.015001310603293322,0.03052411278278283,0.0004626179002073516,0.03401433221914137,False
1.7909999999999136,thumb_ik,-0.015083693405906859,0.030486821886118273,0.0004592630051105419,0.03401727558149185,False
1.7919999999999134,thumb_ik,-0.015165960609398968,0.030449516604975066,0.00045612138004227573,0.034020397842997444,False
1.7929999999999133,thumb_ik,-0.015248111809691434,0.030412202894998033,0.00045319263849796093,0.03402370324134289,False
1.7939999999999132,thumb_ik,-0.015330146836515623,0.03037488430314088,0.0004504761549165952,0.034027193936974474,False
1.794999999999913,thumb_ik,-0.015412065298588698,0.030337565557714483,0.0004479715193874724,0.034030873030511104,False
1.795999999999913,thumb_ik,-0.01549386682304861,0.03030025070072888,0.00044567830162692626,0.034034742996031694,False
1.796999999999913,thumb_ik,-0.015575551056151646,0.030262943257185537,0.0004435960503724745,0.034038805836079565,False
1.7979999999999128,thumb_ik,-0.015657117658982866,0.03022564619052838,0.0004417242977163803,0.034043063043407665,False
1.7989999999999127,thumb_ik,-0.015738572463542252,0.030188316642682927,0.0004400554207680124,0.03404747822794523,False
1.7999999999999126,thumb_ik,-0.015819914670284027,0.03015095586643389,0.0004385894384243763,0.03405205134100161,False
1.8009999999999124,thumb_ik,-0.015901143472830198,0.03011356526833954,0.0004373263840942686,0.03405678245636691,False
1.8019999999999123,thumb_ik,-0.015982258091452442,0.030076146086190247,0.00043626624549089957,0.03406167149945241,False
1.8029999999999122,thumb_ik,-0.016063257847246964,0.030038698737176905,0.0004354089242682331,0.03406671770836379,False
1.8039999999999121,thumb_ik,-0.01614414208988213,0.03000122338009452,0.00043475429375373215,0.034071920101699155,False
1.804999999999912,thumb_ik,-0.016224910192596087,0.02996371989563454,0.0004343022040147783,0.03407727746088683,False
1.805999999999912,thumb_ik,-0.016305561551524392,0.029926188013318852,0.0004340524826337844,0.03408278844338796,False
1.8069999999999118,thumb_ik,-0.01638609561053503,0.029888626988541236,0.00043400490931689434,0.034088451312417556,False
1.8079999999999117,thumb_ik,-0.01646651179167445,0.02985103614681374,0.0004341592851382671,0.03409426438433019,False
1.8089999999999116,thumb_ik,-0.016546809529110793,0.029813414594196605,0.0004345153996385895,0.03410022579090423,False
1.8099999999999115,thumb_ik,-0.016626988268707038,0.029775761305438755,0.0004350730312596904,0.034106333557694456,False
1.8109999999999113,thumb_ik,-0.016707047465133268,0.029738075102490158,0.0004358319501732953,0.034112585584976596,False
1.8119999999999112,thumb_ik,-0.01678698658105604,0.029700354705141374,0.0004367919190707975,0.03411897969260415,False
1.8129999999999111,thumb_ik,-0.016866805083671138,0.02966259867087012,0.00043795269654937907,0.034125513566891204,False
1.813999999999911,thumb_ik,-0.016946502443132894,0.029624805406546842,0.00043931403865051996,0.03413218477120138,False
1.814999999999911,thumb_ik,-0.017026078133159428,0.029586973254294754,0.0004408756982629686,0.034138990821758655,False
1.8159999999999108,thumb_ik,-0.01710553172901469,0.02954909952350597,0.0004426373239188909,0.03414592839831588,False
1.8169999999999107,thumb_ik,-0.017184862694495692,0.029511182457622867,0.00044459867795249713,0.034152994947152356,False
1.8179999999999106,thumb_ik,-0.017264076337643763,0.02947317313033289,0.00044675293561588503,0.034160150092586675,False
1.8189999999999105,thumb_ik,-0.017343171578564423,0.029435070039699127,0.00044910040493332387,0.03416739146934148,False
1.8199999999999104,thumb_ik,-0.017422147429335108,0.02939687124748125,0.00045164134455944263,0.034174716386454376,False
1.8209999999999102,thumb_ik,-0.01750100294057079,0.029358574902821066,0.00045437596597106,0.03418212225372899,False
1.8219999999999101,thumb_ik,-0.01757973719151691,0.0293201793264658,0.00045730445207810624,0.03418960664910911,False
1.82299999999991,thumb_ik,-0.0176583492864716,0.0292816829748596,0.00046042696092907925,0.034197167285457505,False
1.82399999999991,thumb_ik,-0.01773683838477004,0.029243084210403558,0.0004637435972256673,0.03420480182881014,False
1.8249999999999098,thumb_ik,-0.017815203626967882,0.029204381765070453,0.00046725448172261347,0.03421250825796026,False
1.8259999999999097,thumb_ik,-0.01789344417147805,0.029165574441892314,0.00047095971778432846,0.0342202846262146,False
1.8269999999999096,thumb_ik,-0.01797155919461778,0.029126661183313515,0.0004748593913042297,0.03422812911940562,False
1.8279999999999095,thumb_ik,-0.01804954788920092,0.029087641066992367,0.00047895357201253874,0.03423604005095919,False
1.8289999999999094,thumb_ik,-0.018127409460393235,0.02904851318920032,0.00048324231745957777,0.03424401576020667,False
1.8299999999999093,thumb_ik,-0.018205143128085216,0.029009276805843906,0.00048772567060593325,0.034252054733138415,False
1.8309999999999091,thumb_ik,-0.018282748123258807,0.028969931219347045,0.0004924036632737369,0.03426015550402285,False
1.831999999999909,thumb_ik,-0.018360223687824445,0.02893047580757667,0.0004972763162108956,0.0342683166796152,False
1.832999999999909,thumb_ik,-0.018437569073439436,0.028890910005285694,0.0005023436401468476,0.03427653692256794,False
1.8339999999999088,thumb_ik,-0.018514783541403484,0.0288512333254448,0.0005076056357952892,0.0342848149691051,False
1.8349999999999087,thumb_ik,-0.018591866361741247,0.028811445342797948,0.0005130622946523979,0.03429314961434825,False
1.8359999999999086,thumb_ik,-0.0186688168897423,0.028771544955319292,0.000518713519991356,0.034301539133025916,False
1.8369999999999085,thumb_ik,-0.018745639584246757,0.02873148974941471,0.0005245535917409727,0.03430994991418393,False
1.8379999999999084,thumb_ik,-0.018822333306598618,0.028691279097282446,0.0005305829389631485,0.03431838057947908,False
1.8389999999999083,thumb_ik,-0.018898896956840203,0.028650912609416115,0.0005368019486087505,0.03432682997117114,False
1.8399999999999082,thumb_ik,-0.018974950186377515,0.028610499682593674,0.0005428205279203284,0.03433517264830239,False
1.840999999999908,thumb_ik,-0.019049940058597503,0.02857019712757826,0.0005480671243628596,0.03434321996723147,False
1.841999999999908,thumb_ik,-0.01912337263529343,0.0285301413157433,0.0005520264151477085,0.03435079442469407,False
1.8429999999999078,thumb_ik,-0.019194807509822803,0.028490450770325665,0.0005542345516794597,0.03435772979074397,False
1.8439999999999077,thumb_ik,-0.019263852808167614,0.028451228501422912,0.0005542748521998112,0.03436387127299117,False
1.8449999999999076,thumb_ik,-0.019330160622792456,0.02841256401071139,0.0005517738966920767,0.03436907560291372,False
1.8459999999999075,thumb_ik,-0.019393422850030345,0.02837453516206928,0.0005463979790238729,0.03437321117171142,False
1.8469999999999074,thumb_ik,-0.019453367435162378,0.028337209496103688,0.0005378498511135199,0.03437615785767584,False
1.8479999999999073,thumb_ik,-0.019509754862565815,0.028300645776733094,0.0005258658288430952,0.034377807100620536,False
1.8489999999999072,thumb_ik,-0.019562374984353426,0.028264895962945055,0.0005102131753395196,0.03437806242807838,False
1.849999999999907,thumb_ik,-0.019611292598210345,0.028229942374761785,0.0004909480762278484,0.03437693229286963,False
1.850999999999907,thumb_ik,-0.019656755331105086,0.028195573521173994,0.00046832634033094553,0.03437437600736781,False
1.8519999999999068,thumb_ik,-0.01969890135689066,0.028161420026598716,0.00044251215674593475,0.03437016307194209,False
1.8529999999999067,thumb_ik,-0.019737519512118343,0.028127652506413622,0.0004132801405382393,0.03436430288085839,False
1.8539999999999066,thumb_ik,-0.019772425412427935,0.02809442667683379,0.00038043315352129584,0.03435680931597569,False
1.8549999999999065,thumb_ik,-0.019803458821103945,0.0280618848428819,0.00034380018372425283,0.03434770095334844,False
1.8559999999999064,thumb_ik,-0.019830485413925833,0.02803050809736471,0.0003032212923735622,0.03433728992073344,False
1.8569999999999063,thumb_ik,-0.01985338335521461,0.028000437935279024,0.00025856786825563527,0.034325620352136675,False
1.8579999999999062,thumb_ik,-0.01987204889375735,0.027971803700722747,0.00020973150599588875,0.03431273986163531,False
1.858999999999906,thumb_ik,-0.0198863975231358,0.027944695116659438,0.0001566134889083859,0.034298678099835556,False
1.859999999999906,thumb_ik,-0.01989653955069888,0.027919139692849246,9.933419928391182e-05,0.03428353124409011,False
1.8609999999999058,thumb_ik,-0.01990289196356365,0.027895027282997878,3.833648881182081e-05,0.03426746453005908,False
1.8619999999999057,thumb_ik,-0.019905824604049327,0.027871889877517875,-2.5967220741177077e-05,0.03425032514894146,False
1.8629999999999056,thumb_ik,-0.019905672291617674,0.02784967154919883,-9.321817131010407e-05,0.0342322754780776,False
1.8639999999999055,thumb_ik,-0.019902735285685993,0.02782832430628515,-0.00016309384687488923,0.03421346379936939,False
1.8649999999999054,thumb_ik,-0.019897282932753432,0.027807807221525857,-0.00023530439117466773,0.03419402548300057,False
1.8659999999999053,thumb_ik,-0.019889560735267625,0.02778845399063659,-0.0003096039506566457,0.034174385964313804,False
1.8669999999999052,thumb_ik,-0.01987978574854385,0.027770205384874694,-0.0003857596000455439,0.03415463363871962,False
1.867999999999905,thumb_ik,-0.019868152768076394,0.027753007234092103,-0.0004635623216810991,0.03413484722358184,False
1.868999999999905,thumb_ik,-0.01985483267949459,0.02773642888648155,-0.0005428093076183492,0.034114784332456384,False
1.8699999999999048,thumb_ik,-0.019839982300299666,0.027720455663708954,-0.000623331518952927,0.03409453184987848,False
1.8709999999999047,thumb_ik,-0.01982374247326467,0.027705075056355014,-0.0007049772796815512,0.03407416825821945,False
1.8719999999999046,thumb_ik,-0.01980623969065619,0.027690275986571117,-0.000787610522333497,0.03405376403910575,False
1.8729999999999045,thumb_ik,-0.019787587606502677,0.027676048672583567,-0.0008711092840552256,0.03403338250596023,False
1.8739999999999044,thumb_ik,-0.01976789234625266,0.027662770205658493,-0.0009553805578809207,0.034013396996984566,False
1.8749999999999043,thumb_ik,-0.01974724578801358,0.027650401289726553,-0.0010403276428845032,0.03399383310689869,False
1.8759999999999042,thumb_ik,-0.019726437055690035,0.027653192981977978,-0.0011211935755464295,0.0339865925924395,False
1.876999999999904,thumb_ik,-0.01970538512961767,0.027669100786071377,-0.0011990116414234177,0.03398998338235254,False
1.877999999999904,thumb_ik,-0.019683978518557854,0.0276936139223236,-0.0012749166668853118,0.03400030404136505,False
1.8789999999999039,thumb_ik,-0.01966174669468826,0.02771580227935723,-0.0013524525989592473,0.034008515214677335,False
1.8799999999999037,thumb_ik,-0.01963875954415048,0.02773513653189605,-0.001431437953728902,0.034014227750916996,False
1.8809999999999036,thumb_ik,-0.019615076506245332,0.02775171510859585,-0.0015117227718387458,0.034017557577718904,False
1.8819999999999035,thumb_ik,-0.019590751279275995,0.027765641326864904,-0.0015931698109630764,0.03401862084249046,False
1.8829999999999034,thumb_ik,-0.019565828422284118,0.02777758004278949,-0.0016756707505326852,0.03401798740884047,False
1.8839999999999033,thumb_ik,-0.019540355479847255,0.02778704514762191,-0.0017590950424683158,0.03401528752903923,False
1.8849999999999032,thumb_ik,-0.01951437198162745,0.027794149461018297,-0.001843338057100432,0.03401063588484498,False
1.885999999999903,thumb_ik,-0.019487914586424057,0.027798986525831515,-0.0019283121605218508,0.03400412996357263,False
1.886999999999903,thumb_ik,-0.019461015320272834,0.0278016687694142,-0.0020139297258356705,0.03399587940619744,False
1.8879999999999029,thumb_ik,-0.01943370042056755,0.02780208867397571,-0.0021001024468550247,0.033985809935313624,False
1.8889999999999028,thumb_ik,-0.01940599278510019,0.027800411726198154,-0.0021867566868455507,0.03397406883093281,False
1.8899999999999026,thumb_ik,-0.019377913292905335,0.027796797626888956,-0.0022738253751418136,0.033960797454332774,False
1.8909999999999025,thumb_ik,-0.01934948099133546,0.027791400418581233,-0.002361247436736557,0.03394613146320895,False
1.8919999999999024,thumb_ik,-0.019320713269054685,0.02778436861298983,-0.0024489672645529766,0.0339302010178303,False
1.8929999999999023,thumb_ik,-0.019291626015630767,0.02777584537178246,-0.002536934235294469,0.03391313102263399,False
1.8939999999999022,thumb_ik,-0.019262233767836756,0.027765968633981175,-0.002625102264613141,0.03389504131594611,False
1.894999999999902,thumb_ik,-0.019232549842182936,0.027754871260269126,-0.0027134293990727087,0.03387604686515113,False
1.895999999999902,thumb_ik,-0.01920289633911025,0.02775620195683777,-0.0027989341605987247,0.03386727044381854,False
1.8969999999999019,thumb_ik,-0.019173191669164702,0.027766305562333088,-0.0028825237018898046,0.033865734101822344,False
1.8979999999999018,thumb_ik,-0.019143190627217768,0.027773480337745404,-0.002966761334929492,0.03386192006191559,False
1.8989999999999017,thumb_ik,-0.01911290748653932,0.027777877055850442,-0.003051568191814888,0.033855955971560596,False
1.8999999999999015,thumb_ik,-0.01908235531634453,0.027779645591157323,-0.003136871892077925,0.03384796831209869,False
1.9009999999999014,thumb_ik,-0.019051545080908464,0.02777894324482552,-0.003222606059516124,0.033838088710563353,False
1.9019999999999013,thumb_ik,-0.019020483587887535,0.027775957253330805,-0.0033087093613909796,0.03382647121551575,False
1.9029999999999012,thumb_ik,-0.01898917733669027,0.02777086853932162,-0.0033951255881489867,0.033813264750861584,False
1.903999999999901,thumb_ik,-0.018957632510969477,0.02776385031047332,-0.0034818035555675905,0.03379861196089123,False
1.904999999999901,thumb_ik,-0.018925756651083106,0.027745993120951926,-0.0035683900952693665,0.03377510632042399,False
1.9059999999999009,thumb_ik,-0.01889356054289419,0.02771926999466985,-0.003654858841851766,0.03374437067392537,False
1.9069999999999008,thumb_ik,-0.01886371509262487,0.027698941337807245,-0.003732171735971797,0.03371943362806969,False
1.9079999999999007,thumb_ik,-0.018835919073473997,0.027683803441143406,-0.0038016453475217607,0.03369921850219466,False
1.9089999999999006,thumb_ik,-0.018809904829741264,0.027672858776519954,-0.0038644152640636073,0.03368283446953758,False
1.9099999999999004,thumb_ik,-0.01878497688019841,0.02766544217281497,-0.00392206193173885,0.03366949089017167,False
1.9109999999999003,thumb_ik,-0.018760939464984194,0.02766088268649837,-0.003975311165851349,0.03365858552391008,False
1.9119999999999002,thumb_ik,-0.0187375997998257,0.027658639368652732,-0.004024776841674682,0.03364961822382084,False
1.9129999999999001,thumb_ik,-0.01871479377898501,0.027658263867533506,-0.004070993761336378,0.03364217675122829,False
1.9139999999999,thumb_ik,-0.018692382278399144,0.027659385271254763,-0.004114427352365092,0.033635922185416674,False
1.9149999999999,thumb_ik,-0.018670248125763803,0.027661696920305776,-0.004155481887658789,0.033630576434356595,False
1.9159999999998998,thumb_ik,-0.01864829319244332,0.027664945700967433,-0.004194508038134946,0.03362591199225358,False
1.9169999999998997,thumb_ik,-0.018626435816144815,0.027668923074969376,-0.004231809546338915,0.03362174337208022,False
1.9179999999998996,thumb_ik,-0.018604608527702876,0.027673457577697777,-0.0042676491133449915,0.033617919949460694,False
1.9189999999998995,thumb_ik,-0.01858276547717483,0.027678402251962594,-0.004302260006599015,0.03361432083451204,False
1.9199999999998993,thumb_ik,-0.018560889792992585,0.02768362337629872,-0.004335856491807538,0.03361085069833727,False
1.9209999999998992,thumb_ik,-0.018538693549001284,0.027687753417597036,-0.004369506763241802,0.03360636007025238,False
1.9219999999998991,thumb_ik,-0.01851503835154067,0.02768284145805472,-0.004408027758157112,0.03359430108020553,False
1.922999999999899,thumb_ik,-0.01849006304226232,0.02767017849953922,-0.004450937877827233,0.03357576592567137,False
1.923999999999899,thumb_ik,-0.018465516023672038,0.027661279621872523,-0.004491659191956664,0.03356034378007171,False
1.9249999999998988,thumb_ik,-0.018441069482387287,0.027655487464856687,-0.004530747750923974,0.03354738001328246,False
1.9259999999998987,thumb_ik,-0.018416669129116853,0.027652236656006135,-0.004568436194784458,0.033536405638603425,False
1.9269999999998986,thumb_ik,-0.0183922768467652,0.02765104721482324,-0.004604935723023753,0.033527029285303815,False
1.9279999999998985,thumb_ik,-0.018367876418848517,0.027651506211715957,-0.0046404434212939695,0.03351892592343746,False
1.9289999999998984,thumb_ik,-0.018343189594401385,0.027651998486421928,-0.004675989940464007,0.033510752106041375,False
1.9299999999998982,thumb_ik,-0.01831723660744125,0.02764413734034414,-0.0047161668586585374,0.03349569697832103,False
1.9309999999998981,thumb_ik,-0.01829118947521663,0.02763793010965658,-0.004755685930637483,0.033481925599275215,False
1.931999999999898,thumb_ik,-0.018265048965409522,0.027633091301741478,-0.004794639881116839,0.033469214514069257,False
1.932999999999898,thumb_ik,-0.018238815799147823,0.02762937882458763,-0.004833110595370806,0.033457374882302125,False
1.9339999999998978,thumb_ik,-0.018212490711534884,0.02762658751474338,-0.004871170236516353,0.033446247249888025,False
1.9349999999998977,thumb_ik,-0.018186074498807353,0.02762454369568415,-0.0049088821888293825,0.033435697157599996,False
1.9359999999998976,thumb_ik,-0.01815956805523654,0.027623100603875378,-0.004946301901289914,0.03342561145922826,False
1.9369999999998975,thumb_ik,-0.018131927213445434,0.027613630825811725,-0.004988113571172532,0.03340899083864728,False
1.9379999999998974,thumb_ik,-0.01810435511034697,0.027606217113845297,-0.0050290012886152445,0.03339403766032501,False
1.9389999999998973,thumb_ik,-0.01807699309967227,0.02760182440699739,-0.005068424082046576,0.033381541498196055,False
1.9399999999998971,thumb_ik,-0.018049778023289192,0.027599878824525553,-0.005106590706579022,0.03337102135780424,False
1.940999999999897,thumb_ik,-0.01802254394881475,0.027598583439449903,-0.005144364746384213,0.03336103096271274,False
1.941999999999897,thumb_ik,-0.01799528358429238,0.027597800410082446,-0.0051818081802500575,0.033351461059011434,False
1.9429999999998968,thumb_ik,-0.01796692147333233,0.02758891388954883,-0.005223592246192298,0.03333533189857739,False
1.9439999999998967,thumb_ik,-0.01793868277881437,0.02758200909998633,-0.005264425827948057,0.03332083049878299,False
1.9449999999998966,thumb_ik,-0.017910719417893378,0.027578054425123552,-0.005303779938554954,0.0333087531675714,False
1.9459999999998965,thumb_ik,-0.017882960656775776,0.02757648202669577,-0.005341863562643604,0.03329862082943323,False
1.9469999999998964,thumb_ik,-0.017855359250793554,0.027576808801970068,-0.005378872494763886,0.03329003615183138,False
1.9479999999998963,thumb_ik,-0.017827739687363897,0.027577343564667012,-0.005415638854255344,0.03328163644780423,False
1.9489999999998961,thumb_ik,-0.017799012003283807,0.027569588985640242,-0.005456767346566509,0.033266550392319474,False
1.949999999999896,thumb_ik,-0.017770416676602785,0.027563583462193328,-0.005497021603690273,0.03325291098007537,False
1.950999999999896,thumb_ik,-0.01774192979044903,0.027559009503228857,-0.005536520649505373,0.03324045935889997,False
1.9519999999998958,thumb_ik,-0.017713530031410296,0.027555599971668385,-0.005575369514183737,0.03322897803411917,False
1.9529999999998957,thumb_ik,-0.017685198470809044,0.027553130272490317,-0.005613660686537594,0.03321828440886595,False
1.9539999999998956,thumb_ik,-0.0176569183547141,0.027551411799379005,-0.005651475398259973,0.033208225368139416,False
1.9549999999998955,thumb_ik,-0.017628674945598194,0.02755028662101512,-0.005688884735903756,0.033198672906850434,False
1.9559999999998954,thumb_ik,-0.017599336907553984,0.027541104010043893,-0.005730539106071391,0.033182648298830233,False
1.9569999999998953,thumb_ik,-0.017570179835300584,0.027533956762954157,-0.005771188176466834,0.03316830727422222,False
1.9579999999998952,thumb_ik,-0.01754138956167356,0.027529788335128605,-0.005810319429233341,0.03315643837026377,False
1.958999999999895,thumb_ik,-0.017512508410299513,0.027527921914155304,-0.005848627053352599,0.03314635536739825,False
1.959999999999895,thumb_ik,-0.017483439453204172,0.027526625962132137,-0.005886855615666566,0.033136699609536975,False
1.9609999999998948,thumb_ik,-0.017453323325715142,0.027517283025667222,-0.005929203501191863,0.03312061011492952,False
1.9619999999998947,thumb_ik,-0.017423166662887485,0.027509940435843955,-0.0059708755334838375,0.03310611596039004,False
1.9629999999998946,thumb_ik,-0.01739296361245922,0.027504236745816812,-0.006011968465411941,0.033092929562421304,False
1.9639999999998945,thumb_ik,-0.017362708833448176,0.027499866967242756,-0.006052568016246557,0.03308080895084701,False
1.9649999999998944,thumb_ik,-0.017331496538211005,0.027487882758066698,-0.00609701006745857,0.03306263756172414,False
1.9659999999998943,thumb_ik,-0.017300503608141546,0.02747978424808417,-0.006139853070027835,0.03304759844736231,False
1.9669999999998942,thumb_ik,-0.017269666957322197,0.02747484211488542,-0.006181315703630879,0.03303508755675791,False
1.967999999999894,thumb_ik,-0.017238949750965238,0.027472434137927368,-0.0062216090074624746,0.033024603625491096,False
1.968999999999894,thumb_ik,-0.017208203157357008,0.027470772585452344,-0.006261509428775531,0.03301472554290216,False
1.9699999999998938,thumb_ik,-0.01717651230760199,0.027461137847590064,-0.006305268296289416,0.032998531410136096,False
1.9709999999998937,thumb_ik,-0.01714491160070647,0.027453621995027502,-0.006348110438996555,0.03298405464141112,False
1.9719999999998936,thumb_ik,-0.017113380641305034,0.02744783668520595,-0.0063901634956263186,0.03297098307865216,False
1.9729999999998935,thumb_ik,-0.017081901115524406,0.02744345499539355,-0.006431540205446843,0.03295905455590352,False
1.9739999999998934,thumb_ik,-0.01705025837881359,0.02744010896807436,-0.006472624696239156,0.03294792499418534,False
1.9749999999998933,thumb_ik,-0.017017725100931733,0.02742908287688521,-0.006517399612905272,0.032930746313927006,False
1.9759999999998932,thumb_ik,-0.016985147205597045,0.02742035846374176,-0.006561382251321839,0.032915391854326397,False
1.976999999999893,thumb_ik,-0.01695251888973659,0.02741351555272696,-0.0066046865074807885,0.03290152907584354,False
1.977999999999893,thumb_ik,-0.01691907624940514,0.02739952219611215,-0.006651424449726936,0.032882068136278364,False
1.9789999999998928,thumb_ik,-0.016885811356621955,0.02738974691520636,-0.006696510908144011,0.03286597206220091,False
1.9799999999998927,thumb_ik,-0.016852665637536485,0.02738339886070397,-0.006740169528111222,0.032852591336494076,False
1.9809999999998926,thumb_ik,-0.016819606589417113,0.027379804380345513,-0.006782619861225799,0.03284138830668773,False
1.9819999999998925,thumb_ik,-0.0167865095054143,0.02737715906863515,-0.0068246012861024295,0.032830944591330104,False
1.9829999999998924,thumb_ik,-0.016752608470867444,0.027366819179820256,-0.006870085237655022,0.03281448999713089,False
1.9839999999998923,thumb_ik,-0.01671816955884063,0.027350366423442657,-0.006918362122875981,0.032793344924816226,False
1.9849999999998922,thumb_ik,-0.01668412830044194,0.027338608268120873,-0.006964678408167318,0.03277600318087254,False
1.985999999999892,thumb_ik,-0.01665039862090037,0.027330667913120735,-0.0070092940068019645,0.03276173660363501,False
1.986999999999892,thumb_ik,-0.016616904932978363,0.027325811670647113,-0.007052438919555228,0.03274993752246517,False
1.9879999999998919,thumb_ik,-0.016583597167187936,0.02732341646106312,-0.007094332877961237,0.032740102948701624,False
1.9889999999998917,thumb_ik,-0.01655015632201673,0.027321612108033383,-0.007135975906258415,0.03273072432134259,False
1.9899999999998916,thumb_ik,-0.01651607694005805,0.027312569295993835,-0.007180709079383212,0.03271574272305489,False
1.9909999999998915,thumb_ik,-0.016481415102666916,0.027297369736403426,-0.0072282040208323205,0.03269602990699494,False
1.9919999999998914,thumb_ik,-0.016446220862584793,0.027276940774839706,-0.007278157410765231,0.032672331627707704,False
1.9929999999998913,thumb_ik,-0.016411219262131807,0.027261793174228943,-0.007326179063259917,0.032652815872618854,False
1.9939999999998912,thumb_ik,-0.01637635222435037,0.027250955934313772,-0.007372521148159072,0.032636690696054786,False
1.994999999999891,thumb_ik,-0.01634156991487795,0.027243613961803956,-0.007417408878033976,0.032623294797530504,False
1.995999999999891,thumb_ik,-0.016306852258787932,0.027239069541688227,-0.007461069151868841,0.03261208200921605,False
1.9969999999998909,thumb_ik,-0.016272119892196776,0.02723558600308605,-0.007504156963892655,0.03260170858185597,False
1.9979999999998908,thumb_ik,-0.016236822108962518,0.02722536884900717,-0.0075500155897832676,0.0325861601998234,False
1.9989999999998906,thumb_ik,-0.016201008455291058,0.02720944340094926,-0.0075983418839293305,0.03256625991026523,False
1.9999999999998905,thumb_ik,-0.01616530660173343,0.027196727728102915,-0.007645380136304166,0.03254890127290325,False
2.0009999999998906,thumb_ik,-0.01612969687029346,0.027186639911575744,-0.007691304513944026,0.03253362377503394,False
2.0019999999998905,thumb_ik,-0.0160941510814447,0.027178692259187454,-0.007736266943936223,0.03252003748736806,False
2.0029999999998904,thumb_ik,-0.016058654026766622,0.027172472537407094,-0.007780403686706124,0.03250781928206875,False
2.0039999999998903,thumb_ik,-0.01602261856618735,0.0271601812594124,-0.007827059603871114,0.03249096203260561,False
2.00499999999989,thumb_ik,-0.015986091996526897,0.027142754328250973,-0.00787595178114665,0.032470215064026836,False
2.00599999999989,thumb_ik,-0.015949564700543845,0.027128726953211377,-0.007923646570967165,0.032452128053801516,False
2.00699999999989,thumb_ik,-0.015913029609558677,0.027117486006018113,-0.007970308606869123,0.0324362201547901,False
2.00799999999989,thumb_ik,-0.015876479619177097,0.027108514934725686,-0.008016083909952645,0.032422087969712764,False
2.0089999999998898,thumb_ik,-0.01583990786176534,0.027101378708620963,-0.008061101276450256,0.032409393125550766,False
2.0099999999998897,thumb_ik,-0.01580287630499254,0.027088592839122266,-0.008108381771993373,0.032392416033309945,False
2.0109999999998895,thumb_ik,-0.01576542503632017,0.02707104019766486,-0.008157664221981064,0.03237186014917907,False
2.0119999999998894,thumb_ik,-0.01572804587619188,0.02705697175145222,-0.00820564601005801,0.03235403798422788,False
2.0129999999998893,thumb_ik,-0.01569072414341162,0.027045757417336405,-0.008252504457459234,0.03233845463596602,False
2.013999999999889,thumb_ik,-0.015653436726456776,0.02703685464466629,-0.008298412319401056,0.03232468464577476,False
2.014999999999889,thumb_ik,-0.015615740775746179,0.02702284174579793,-0.008346333371086739,0.03230706759727749,False
2.015999999999889,thumb_ik,-0.01557767135974196,0.027004490000037865,-0.008396023450340798,0.032286212768501396,False
2.016999999999889,thumb_ik,-0.01553972146481103,0.02698985783515115,-0.008444301089524871,0.03226827528790669,False
2.0179999999998888,thumb_ik,-0.015502024412307525,0.026979742685411423,-0.008490848077228056,0.03225389553714957,False
2.0189999999998887,thumb_ik,-0.015464464009732032,0.026972888217504112,-0.008536008734428464,0.032242050043638795,False
2.0199999999998886,thumb_ik,-0.015426507954164614,0.02696095242261587,-0.008583086960620486,0.032226378713222405,False
2.0209999999998884,thumb_ik,-0.015388189832784158,0.026944670916200827,-0.008631846556689634,0.0322074595721301,False
2.0219999999998883,thumb_ik,-0.015350103581931854,0.026932836894583992,-0.008678881441721211,0.032192023332585896,False
2.022999999999888,thumb_ik,-0.015312192887756815,0.026924606070192522,-0.008724416221747622,0.03217938938944012,False
2.023999999999888,thumb_ik,-0.015273908008182124,0.026911721826904753,-0.008771690950211655,0.03216326475433016,False
2.024999999999888,thumb_ik,-0.015235279665844592,0.026894842641061595,-0.00882048421351327,0.03214416352846656,False
2.025999999999888,thumb_ik,-0.015196920691859697,0.026882555498958904,-0.008867511734915238,0.03212866248442562,False
2.026999999999888,thumb_ik,-0.015158768792419924,0.026873992563967664,-0.008913002115441371,0.032116060691499755,False
2.0279999999998877,thumb_ik,-0.015120251161787682,0.026861049326636466,-0.008960094265426734,0.0321001753167934,False
2.0289999999998876,thumb_ik,-0.01508139707365938,0.026844352571516267,-0.009008581068395503,0.03208149521987882,False
2.0299999999998875,thumb_ik,-0.015042833375633877,0.02683225480945786,-0.009055306265939592,0.032066420219549356,False
2.0309999999998873,thumb_ik,-0.015004821415111072,0.026823698539814977,-0.009100210070449647,0.03205416185740256,False
2.0319999999998872,thumb_ik,-0.014966766644804369,0.02681096983649145,-0.009146263264400458,0.03203882549462456,False
2.032999999999887,thumb_ik,-0.014928681884968584,0.026794673765618546,-0.009193289377626448,0.03202087841720297,False
2.033999999999887,thumb_ik,-0.014891058682771324,0.026781738651056028,-0.009238689858123521,0.03200560176221972,False
2.034999999999887,thumb_ik,-0.014853856709659899,0.026771534836853975,-0.009282665612591817,0.03199249939512681,False
2.035999999999887,thumb_ik,-0.014817040867728212,0.02676353211551115,-0.00932539251570878,0.03198115534101234,False
2.0369999999998867,thumb_ik,-0.014780131290619669,0.026751577343385277,-0.009369236902298777,0.03196688554517747,False
2.0379999999998866,thumb_ik,-0.01474315733042493,0.02673624372070127,-0.009414020011386057,0.031950135979948155,False
2.0389999999998865,thumb_ik,-0.014706148472054162,0.02671808208721624,-0.009459573072702055,0.031931336270490086,False
2.0399999999998863,thumb_ik,-0.014669612671329033,0.02670363924780131,-0.009503459569834675,0.03191547632104234,False
2.0409999999998862,thumb_ik,-0.01463362041457121,0.026693085386077522,-0.009545578647898453,0.031902691510112366,False
2.041999999999886,thumb_ik,-0.014598116273967246,0.026685645193805105,-0.00958613312807233,0.03189235968860013,False
2.042999999999886,thumb_ik,-0.014562993415584771,0.026679847005213586,-0.00962562998572809,0.03188334621814526,False
2.043999999999886,thumb_ik,-0.014527806787368633,0.026670174003944766,-0.009666157558124059,0.031871459856590886,False
2.044999999999886,thumb_ik,-0.014492599368503653,0.026657168883747903,-0.009707551261680419,0.03185712857196585,False
2.0459999999998857,thumb_ik,-0.014457416732308742,0.026641377965214194,-0.00974964067004538,0.031840782208545755,False
2.0469999999998856,thumb_ik,-0.014422302336410883,0.02662329354817894,-0.009792269470043195,0.03182280794350632,False
2.0479999999998855,thumb_ik,-0.014387759776086195,0.02660879665592379,-0.009833244761865718,0.03180767821450388,False
2.0489999999998854,thumb_ik,-0.014353771238751964,0.026598030034186634,-0.0098725394096606,0.03179548686322037,False
2.0499999999998852,thumb_ik,-0.014320158741371464,0.026590296267294852,-0.009910465877129796,0.03178565927997005,False
2.050999999999885,thumb_ik,-0.014286751667806838,0.02658419561366697,-0.009947542198092605,0.03177710379229241,False
2.051999999999885,thumb_ik,-0.014253063129677335,0.026574434210228773,-0.009985778405997282,0.03176580130495729,False
2.052999999999885,thumb_ik,-0.014219171517971252,0.02656153779286896,-0.010024982960986407,0.03175217176741709,False
2.053999999999885,thumb_ik,-0.014185147830970884,0.026546013216927566,-0.010064986542114147,0.03173662223351329,False
2.0549999999998847,thumb_ik,-0.014151587402653182,0.02653349595542509,-0.010103617287747339,0.03172344426333242,False
2.0559999999998846,thumb_ik,-0.014118474697439293,0.026523400631152147,-0.010141025804127634,0.03171218240964847,False
2.0569999999998845,thumb_ik,-0.014083962963809663,0.02651153541599173,-0.01018016527906319,0.0316994524872022,False
2.0579999999998844,thumb_ik,-0.014048779484095136,0.02650283519626949,-0.010218971294492948,0.031689049413812086,False
2.0589999999998843,thumb_ik,-0.014012422319871556,0.026492156889063742,-0.010259334140062058,0.031677062567457934,False
2.059999999999884,thumb_ik,-0.013975015342888336,0.026479808178864375,-0.01030107653218287,0.03166375645348015,False
2.060999999999884,thumb_ik,-0.013936662894426216,0.026466050392011914,-0.010344043534084569,0.03164935437920381,False
2.061999999999884,thumb_ik,-0.013897452767012125,0.026451103439967302,-0.010388100394326454,0.03163404331421749,False
2.062999999999884,thumb_ik,-0.013858096336572728,0.026440076782795613,-0.010431152341135636,0.03162172407567047,False
2.0639999999998837,thumb_ik,-0.013818596931619506,0.026432243038816555,-0.010473355428932806,0.03161183745311852,False
2.0649999999998836,thumb_ik,-0.013778345466062325,0.026422296252063784,-0.010516717998619068,0.031600346524626316,False
2.0659999999998835,thumb_ik,-0.013737409827946995,0.02641055280951278,-0.01056111627498409,0.03158751185925811,False
2.0669999999998834,thumb_ik,-0.013695849996790743,0.026397285374492527,-0.0106064381859791,0.03157355718429562,False
2.0679999999998833,thumb_ik,-0.013653719022365368,0.026382730178552596,-0.010652581940441278,0.03155867546038375,False
2.068999999999883,thumb_ik,-0.013611726937676843,0.026372116067348947,-0.01069745245340067,0.031546839858983815,False
2.069999999999883,thumb_ik,-0.013569842488000278,0.026364698605491094,-0.010741240965731678,0.03153747318970615,False
2.070999999999883,thumb_ik,-0.013527396085386112,0.02635506920993176,-0.010786011884395801,0.03152646777362697,False
2.071999999999883,thumb_ik,-0.013484433998201872,0.026343555948201952,-0.010831661761083144,0.031514088861244585,False
2.0729999999998827,thumb_ik,-0.013440997455170245,0.026330442799327433,-0.010878095792663144,0.03150056505323202,False
2.0739999999998826,thumb_ik,-0.013397123199565916,0.026315975409484632,-0.010925227404561439,0.03148609320983357,False
2.0749999999998825,thumb_ik,-0.01335284413924022,0.026300366845095832,-0.01097297743790664,0.03147084327828325,False
2.0759999999998824,thumb_ik,-0.013308896759421818,0.026288972900045005,-0.011019234486609724,0.03145886771266789,False
2.0769999999998823,thumb_ik,-0.013265222532224313,0.026281001421184544,-0.011064207101867434,0.0314495444056468,False
2.077999999999882,thumb_ik,-0.01322109729121082,0.02627088073872602,-0.011110018557669559,0.03143865615327395,False
2.078999999999882,thumb_ik,-0.013176556556702343,0.026258934765192338,-0.011156577316419166,0.03142646202027585,False
2.079999999999882,thumb_ik,-0.013131631249451187,0.02624544253170427,-0.011203801256327254,0.03141318442227458,False
2.080999999999882,thumb_ik,-0.013087061710431835,0.026235777781713848,-0.011249595319292958,0.03140287590129253,False
2.0819999999998817,thumb_ik,-0.013042092913435235,0.0262242117215451,-0.011296127946499455,0.03139120855530712,False
2.0829999999998816,thumb_ik,-0.012996754976648248,0.026211035039533148,-0.01134331677719003,0.031378413491990734,False
2.0839999999998815,thumb_ik,-0.012951797739221074,0.02620163866985871,-0.011389070621004128,0.03136854895072048,False
2.0849999999998814,thumb_ik,-0.012906453527082515,0.026190297060255954,-0.011435554821806939,0.031357297664718245,False
2.0859999999998813,thumb_ik,-0.01286075226367163,0.026177315809699175,-0.011482687345672194,0.03134490262334087,False
2.086999999999881,thumb_ik,-0.012814720452774889,0.026162956568379178,-0.011530393080295919,0.03133157067987174,False
2.087999999999881,thumb_ik,-0.012769133890931872,0.026152624009132236,-0.011576580667158675,0.03132136240381023,False
2.088999999999881,thumb_ik,-0.012723918959857708,0.0261455538610018,-0.011621454608228433,0.031313676047482614,False
2.089999999999881,thumb_ik,-0.012678302724094398,0.026136192379809423,-0.01166712796017982,0.031304341342973455,False
2.0909999999998807,thumb_ik,-0.012632317613763933,0.02612489382780206,-0.011713513308420968,0.031293640245831034,False
2.0919999999998806,thumb_ik,-0.012585992275068153,0.026111961116773802,-0.011760530077870101,0.031281812329602476,False
2.0929999999998805,thumb_ik,-0.012539352277733645,0.026097654255562153,-0.01180810387296435,0.03126906187052437,False
2.0939999999998804,thumb_ik,-0.012492420492888234,0.02608219696763779,-0.011856166150509422,0.03125556341226748,False
2.0949999999998803,thumb_ik,-0.012446007707597531,0.026070985748586836,-0.011902633576335895,0.031245353123514442,False
2.09599999999988,thumb_ik,-0.012400024116256306,0.026063227753950105,-0.011947706202694957,0.031237799579098533,False
2.09699999999988,thumb_ik,-0.01235366198156801,0.026053317203749496,-0.011993512610569853,0.031228715093867158,False
2.09799999999988,thumb_ik,-0.012306952056561488,0.026041589309146865,-0.012039970577573892,0.031218365334809258,False
2.09899999999988,thumb_ik,-0.01225992164823328,0.026028330912458084,-0.012087004216472765,0.031206976140572645,False
2.0999999999998797,thumb_ik,-0.012212595097171902,0.026013788352344275,-0.012134543496064399,0.031194740090372746,False
2.1009999999998796,thumb_ik,-0.012165799535017341,0.026003325288745188,-0.012180524565757734,0.03118565027533578,False
2.1019999999998795,thumb_ik,-0.01211944431372132,0.025996175083764714,-0.012225142720475642,0.031179098190857603,False
2.1029999999998794,thumb_ik,-0.012072706337902361,0.025986805175642752,-0.01227050261438228,0.03117097232951842,False
2.1039999999998793,thumb_ik,-0.012025617478251732,0.025975559480278132,-0.012316521197960933,0.03116154457767653,False
2.104999999999879,thumb_ik,-0.01197820601125095,0.025962732265317867,-0.012363121822635072,0.03115104600378391,False
2.105999999999879,thumb_ik,-0.011930497064792878,0.025948575914612512,-0.012410233913154201,0.03113967337639627,False
2.106999999999879,thumb_ik,-0.01188251300599702,0.025933307324434995,-0.012457792646305931,0.03112759453828124,False
2.107999999999879,thumb_ik,-0.011835112312109097,0.0259222595696144,-0.012503750750738087,0.03111875973542784,False
2.1089999999998787,thumb_ik,-0.011788198439867809,0.02591464296107983,-0.012548307930192192,0.031112543678858375,False
2.1099999999998786,thumb_ik,-0.011740911329561288,0.025904918105951483,-0.0125935584518484,0.03110484681532439,False
2.1109999999998785,thumb_ik,-0.011693282387533727,0.025893413409155422,-0.012639423360818438,0.031095927930615594,False
2.1119999999998784,thumb_ik,-0.01164533948170951,0.0258804097888736,-0.012685829853199337,0.031086006844697988,False
2.1129999999998783,thumb_ik,-0.011597107371213375,0.02586614800416491,-0.012732710982725891,0.03107527056877292,False
2.113999999999878,thumb_ik,-0.011549457890225115,0.025855911748366836,-0.012778043356941996,0.03106761242724176,False
2.114999999999878,thumb_ik,-0.011502294997029885,0.025848942854475587,-0.012822020274057929,0.031062434560108064,False
2.115999999999878,thumb_ik,-0.011454747602534177,0.025839794196241564,-0.01286670712216503,0.031055729888531905,False
2.116999999999878,thumb_ik,-0.011406848761962546,0.025828803034347814,-0.012912023561960004,0.03104776348354309,False
2.1179999999998778,thumb_ik,-0.011358627793047985,0.025816257786228633,-0.012957895540369014,0.03103876041759928,False
2.1189999999998776,thumb_ik,-0.011310110735630985,0.025802405642357085,-0.013004254955681558,0.03102891214234467,False
2.1199999999998775,thumb_ik,-0.011261865494483408,0.02578844190130898,-0.013050657721018943,0.031019236242438596,False
2.1209999999998774,thumb_ik,-0.011213804470860816,0.025774398075199004,-0.013097077856300297,0.031009715497300385,False
2.1219999999998773,thumb_ik,-0.011166513530300987,0.025764592494283978,-0.013141903965148954,0.031003465784458794,False
2.122999999999877,thumb_ik,-0.0111198196938255,0.02575821314252466,-0.013185336793034127,0.030999823236022798,False
2.123999999999877,thumb_ik,-0.011072999617739401,0.025750558751416186,-0.013229073731711869,0.030995338171145394,False
2.124999999999877,thumb_ik,-0.011026001020275608,0.025741831397933915,-0.013273075147986809,0.030990145306256312,False
2.125999999999877,thumb_ik,-0.010978813492267564,0.025732206690785325,-0.01331729966772555,0.0309843715010535,False
2.1269999999998768,thumb_ik,-0.010931081044221233,0.025720865499244724,-0.01336209153497495,0.030977361814954796,False
2.1279999999998767,thumb_ik,-0.010882862981522815,0.025708073007598836,-0.013407385028315327,0.030969334796474488,False
2.1289999999998765,thumb_ik,-0.010834211201960237,0.025694057562770267,-0.013453119494708472,0.03096047723383052,False
2.1299999999998764,thumb_ik,-0.010785171204908031,0.02567901600744059,-0.013499239183914411,0.030950948928491637,False
2.1309999999998763,thumb_ik,-0.010736698565177491,0.025668112512150607,-0.01354377961968738,0.030944509406396575,False
2.131999999999876,thumb_ik,-0.010688704315879982,0.02566057165032641,-0.01358693851154372,0.030940559715207427,False
2.132999999999876,thumb_ik,-0.010640258598097446,0.02565101817544399,-0.013630735057121254,0.030935202838655817,False
2.133999999999876,thumb_ik,-0.010591407187540439,0.02563976433945417,-0.013675097172769084,0.030928687399883397,False
2.134999999999876,thumb_ik,-0.010542493102955089,0.02562813760839701,-0.013719548097440169,0.030922024482539348,False
2.1359999999998758,thumb_ik,-0.010493506222286217,0.025616206302850775,-0.013764069369637023,0.030915260047419162,False
2.1369999999998757,thumb_ik,-0.010444439446212414,0.025604031884015957,-0.013808641989012358,0.030908435056534626,False
2.1379999999998756,thumb_ik,-0.010394986707856685,0.02559060569966677,-0.013853660577597692,0.030900788988820642,False
2.1389999999998754,thumb_ik,-0.010346117068065222,0.02558101768911078,-0.013897193591479642,0.030895996409175282,False
2.1399999999998753,thumb_ik,-0.010297740161023153,0.025574539353165338,-0.013939427282161517,0.030893496864311434,False
2.1409999999998752,thumb_ik,-0.01024891100065363,0.02556593168551015,-0.013982336831995023,0.030889525456550077,False
2.141999999999875,thumb_ik,-0.010199675411451795,0.02555551629383679,-0.01402584662257535,0.030884335269251634,False
2.142999999999875,thumb_ik,-0.010150390139603033,0.025544672843492544,-0.014069461264249374,0.030878964861753858,False
2.143999999999875,thumb_ik,-0.010101043210412566,0.0255334758002317,-0.014113160345012792,0.030873463610416003,False
2.144999999999875,thumb_ik,-0.0100516262748888,0.025521991472274047,-0.014156923625869153,0.03086787530798899,False
2.1459999999998747,thumb_ik,-0.010001819523308586,0.02550917383479087,-0.014201161182367316,0.030861421264063525,False
2.1469999999998746,thumb_ik,-0.009951663695991847,0.02549523068244204,-0.014245814142626278,0.030854264185932342,False
2.1479999999998745,thumb_ik,-0.00990152181294604,0.025481492954798818,-0.014290379657102874,0.030847391594133976,False
2.1489999999998743,thumb_ik,-0.009852169825839266,0.025471912635111518,-0.01433341292930881,0.03084364293934827,False
2.1499999999998742,thumb_ik,-0.00980348365558839,0.025465698847349547,-0.014375105733876344,0.03084240221560917,False
2.150999999999874,thumb_ik,-0.009754305661709636,0.025457354846303015,-0.014417446547259464,0.03083968481771064,False
2.151999999999874,thumb_ik,-0.009704688360246835,0.025447205200967715,-0.014460362906320665,0.03083574750337931,False
2.152999999999874,thumb_ik,-0.009655008678977464,0.025436690170381387,-0.014503334807386924,0.030831657755467323,False
2.153999999999874,thumb_ik,-0.009605259593553933,0.025425875914593568,-0.014546347309349544,0.030827461749681723,False
2.1549999999998737,thumb_ik,-0.009555105145907142,0.02541365480618339,-0.01458984077432925,0.030822351285673677,False
2.1559999999998736,thumb_ik,-0.00950492642061318,0.025401435722393617,-0.014633290423235207,0.030817361204861657,False
2.1569999999998735,thumb_ik,-0.009454713349169724,0.025389233263274316,-0.014676688874008501,0.03081249692115795,False
2.1579999999998734,thumb_ik,-0.009404458634000051,0.025377063434080277,-0.014720027612269513,0.030807765313990713,False
2.1589999999998732,thumb_ik,-0.009353816422159489,0.025363730478107527,-0.014763774040556652,0.03080230071514392,False
2.159999999999873,thumb_ik,-0.009303993594402524,0.02535448216723614,-0.014806012956132337,0.03079987146776001,False
2.160999999999873,thumb_ik,-0.009253735235791427,0.025343619492347952,-0.014848758008175967,0.0307963679542315,False
2.161999999999873,thumb_ik,-0.00920344025789381,0.02533263694810539,-0.014891459484501133,0.030792878606971347,False
2.162999999999873,thumb_ik,-0.009153101026983704,0.025321566979844723,-0.014934111969691733,0.03078942534455982,False
2.1639999999998727,thumb_ik,-0.00910351873351542,0.025314154906085004,-0.014975369535031213,0.030788669744753097,False
2.1649999999998726,thumb_ik,-0.009053450736240892,0.025304861730245085,-0.015017206098251312,0.03078664444881448,False
2.1659999999998725,thumb_ik,-0.009003307579985825,0.025295239033266484,-0.015059057099672129,0.030784474428859496,False
2.1669999999998724,thumb_ik,-0.008952729438461135,0.025284078998489404,-0.01510141209205659,0.03078130377963634,False
2.1679999999998723,thumb_ik,-0.008902129220979771,0.025272911028062117,-0.015143700749685646,0.030778232712347135,False
2.168999999999872,thumb_ik,-0.008851498191383117,0.025261747927194517,-0.015185920517201305,0.03077526783837844,False
2.169999999999872,thumb_ik,-0.008800829793303516,0.02525060249988373,-0.015228067682098358,0.030772415845825327,False
2.170999999999872,thumb_ik,-0.008750119415018576,0.025239487398560648,-0.01527013776807452,0.030769683478631408,False
2.171999999999872,thumb_ik,-0.008699363953860298,0.025228415618430908,-0.015312125512263772,0.030767077786512838,False
2.1729999999998717,thumb_ik,-0.008648561646824968,0.02521739989241506,-0.01535402525077723,0.03076460575554986,False
2.1739999999998716,thumb_ik,-0.008597335576157439,0.025205106046765402,-0.01539636598427439,0.030761333445731405,False
2.1749999999998715,thumb_ik,-0.008546960243259405,0.025196716880992703,-0.015437266385257196,0.030760921059522116,False
2.1759999999998714,thumb_ik,-0.008496498922097806,0.02518799787281184,-0.01547815674310667,0.030760348940448667,False
2.1769999999998713,thumb_ik,-0.008445570401191954,0.02517764265672065,-0.0155195729949846,0.030758714132708215,False
2.177999999999871,thumb_ik,-0.008394620155888571,0.02516729824880863,-0.015560896773058466,0.030757178952041716,False
2.178999999999871,thumb_ik,-0.008343641551913458,0.025156973125705556,-0.015602129547926027,0.030755749017452896,False
2.179999999999871,thumb_ik,-0.008292629861738315,0.025146676711530633,-0.0156432710303344,0.030754430383060756,False
2.180999999999871,thumb_ik,-0.008241581725915895,0.02513641796747132,-0.015684320069969452,0.030753228670134983,False
2.1819999999998707,thumb_ik,-0.008190494412273416,0.025126203120097168,-0.015725275904510654,0.030752147635943184,False
2.1829999999998706,thumb_ik,-0.008139366622120683,0.025116039564868686,-0.01576613665868407,0.03075119180736973,False
2.1839999999998705,thumb_ik,-0.008088197942260386,0.025105934535466473,-0.01580689994243992,0.03075036553673176,False
2.1849999999998704,thumb_ik,-0.008036988387519511,0.025095894917958564,-0.01584756333643134,0.030749672970237337,False
2.1859999999998703,thumb_ik,-0.007985738656302616,0.02508592737255355,-0.015888124168445993,0.030749118094991847,False
2.18699999999987,thumb_ik,-0.007934036750009157,0.025074551449725743,-0.01592917493936399,0.0307476939591297,False
2.18799999999987,thumb_ik,-0.007882361553245246,0.025063505844019507,-0.015970042444920392,0.0307465966334786,False
2.18899999999987,thumb_ik,-0.00783070347043785,0.025052748445396858,-0.016010737651599976,0.030745793885645935,False
2.18999999999987,thumb_ik,-0.007779054737332966,0.02504224476956217,-0.016051269594023306,0.030745259330262665,False
2.1909999999998697,thumb_ik,-0.007727409148017436,0.02503196678644988,-0.01609164567224017,0.03074497152022944,False
2.1919999999998696,thumb_ik,-0.007675761747374749,0.02502189142151251,-0.01613187206116237,0.030744912829769638,False
2.1929999999998695,thumb_ik,-0.007624108620069833,0.025011999530097834,-0.016171953976777762,0.030745068680542175,False
2.1939999999998694,thumb_ik,-0.007572446697523813,0.02500227508119479,-0.016211895898946577,0.03074542692598127,False
2.1949999999998693,thumb_ik,-0.007520773737460809,0.02499270387508923,-0.016251701890937376,0.030745976955528307,False
2.195999999999869,thumb_ik,-0.007469087876570635,0.02498327547656512,-0.016291375135947233,0.030746710898338935,False
2.196999999999869,thumb_ik,-0.0074173876828752955,0.024973979504969476,-0.01633091889173061,0.030747621114502327,False
2.197999999999869,thumb_ik,-0.007365672136247656,0.02496480711289853,-0.016370336041755012,0.03074870114855109,False
2.198999999999869,thumb_ik,-0.007313940285087792,0.024955749572331,-0.016409629628319728,0.030749944776362732,False
2.1999999999998687,thumb_ik,-0.007262191533705956,0.024946799306498416,-0.016448802396984968,0.03075134666654452,False
2.2009999999998686,thumb_ik,-0.007210425520481789,0.024937949531243675,-0.016487856909067077,0.03075290211448576,False
2.2019999999998685,thumb_ik,-0.007158641914437033,0.024929193605830582,-0.016526795783068707,0.030754606593994607,False
2.2029999999998684,thumb_ik,-0.007106840377510651,0.02492052496409755,-0.01656562169177127,0.030756455691001,False
2.2039999999998683,thumb_ik,-0.007055020608434853,0.02491193733418129,-0.016604337273059693,0.030758445243625945,False
2.204999999999868,thumb_ik,-0.007003182421344664,0.024903424732668655,-0.01664294507235239,0.03076057132310228,False
2.205999999999868,thumb_ik,-0.006951325651029558,0.02489498170801259,-0.0166814475399986,0.03076283040584316,False
2.206999999999868,thumb_ik,-0.006899450052291714,0.024886602635952937,-0.016719847195023802,0.03076521886820949,False
2.207999999999868,thumb_ik,-0.006847555421766294,0.024878282210582636,-0.016758146463093686,0.03076773332376067,False
2.2089999999998677,thumb_ik,-0.006795641542991615,0.024870015276964766,-0.016796347729813917,0.030770370503426174,False
2.2099999999998676,thumb_ik,-0.006743708214766775,0.024861796954187915,-0.01683445328606999,0.030773127330806876,False
2.2109999999998675,thumb_ik,-0.006691755207291872,0.02485362248999852,-0.0168724653757575,0.030776000820214016,False
2.2119999999998674,thumb_ik,-0.006639782279960357,0.02484548730369522,-0.016910386165381406,0.030778988098143816,False
2.2129999999998673,thumb_ik,-0.006587789182662798,0.024837387043964626,-0.016948217755278872,0.030782086455717405,False
2.213999999999867,thumb_ik,-0.006535775680553371,0.024829317633096495,-0.01698596211753244,0.030785293354619127,False
2.214999999999867,thumb_ik,-0.006483741644961613,0.024821275610631216,-0.017023620977396844,0.03078860665635247,False
2.215999999999867,thumb_ik,-0.0064316868376673025,0.02481325731475585,-0.0170611961245826,0.030792024086564687,False
2.216999999999867,thumb_ik,-0.006379610947501502,0.02480525905399128,-0.0170986893790149,0.030795543363563733,False
2.2179999999998667,thumb_ik,-0.006327513745274738,0.0247972776003849,-0.01713610231772616,0.030799162476125408,False
2.2189999999998666,thumb_ik,-0.006275395092571134,0.024789310224197086,-0.01717343631933548,0.03080287973507703,False
2.2199999999998665,thumb_ik,-0.006223254695875827,0.02478135378528891,-0.01721069287240998,0.030806693162198,False
2.2209999999998664,thumb_ik,-0.006171092536028086,0.02477340641516111,-0.017247873018813736,0.030810601619768643,False
2.2219999999998663,thumb_ik,-0.006118908365692496,0.024765465552475274,-0.01728497800463755,0.030814603489893958,False
2.222999999999866,thumb_ik,-0.006066702000229976,0.02475752894301675,-0.017322008939005182,0.03081869734766351,False
2.223999999999866,thumb_ik,-0.006014473328787101,0.024749594669484606,-0.017358966800873354,0.030822881989202366,False
2.224999999999866,thumb_ik,-0.005962222429721956,0.024741661698435558,-0.017395852195668204,0.03082715675366197,False
2.225999999999866,thumb_ik,-0.005909949133304421,0.02473372814219718,-0.01743266605557651,0.030831520435677707,False
2.2269999999998658,thumb_ik,-0.005857653445962285,0.02472579287064068,-0.017469408996899517,0.030835972299828217,False
2.2279999999998656,thumb_ik,-0.005805335487119173,0.024717855556462803,-0.017506081324787492,0.0308405121030478,False
2.2289999999998655,thumb_ik,-0.00575299525947133,0.02470991526096783,-0.017542683548233653,0.030845139207550644,False
2.2299999999998654,thumb_ik,-0.005700632587312876,0.024701970448640864,-0.017579216403219414,0.030849852597577814,False
2.2309999999998653,thumb_ik,-0.005648247477318014,0.02469402020935456,-0.017615680332787095,0.030854651630702015,False
2.231999999999865,thumb_ik,-0.00559584001508108,0.024686064014100034,-0.017652075682139338,0.030859535930901526,False
2.232999999999865,thumb_ik,-0.005543410308055219,0.02467810160706853,-0.017688402648245793,0.030864505261201255,False
2.233999999999865,thumb_ik,-0.0054909584785049065,0.02467013270411085,-0.0177246614477929,0.030869559376349713,False
2.234999999999865,thumb_ik,-0.005438484658679091,0.024662157236722673,-0.017760852177361692,0.030874698136461414,False
2.2359999999998648,thumb_ik,-0.0053859890494236395,0.02465417556687967,-0.017796974738202163,0.030879921644253627,False
2.2369999999998647,thumb_ik,-0.0053334717328152315,0.024646187276573667,-0.01783302936214477,0.030885229547921417,False
2.2379999999998645,thumb_ik,-0.00528093286948475,0.024638192335272605,-0.017869016129797684,0.030890621731665745,False
2.2389999999998644,thumb_ik,-0.0052283728927160905,0.024630192024503922,-0.017904934557429853,0.030896098843949067,False
2.2399999999998643,thumb_ik,-0.005175792073120966,0.024622186685590533,-0.01794078458321433,0.03090166099460601,False
2.240999999999864,thumb_ik,-0.005123190508976666,0.024614176342451777,-0.017976566189734002,0.03090730803519564,False
2.241999999999864,thumb_ik,-0.00507056827224954,0.024606160809979225,-0.018012279490678153,0.030913039722104425,False
2.242999999999864,thumb_ik,-0.005017925541525789,0.024598140223493048,-0.018047924468525562,0.03091885600756482,False
2.243999999999864,thumb_ik,-0.004965262558904435,0.024590114782370248,-0.018083501011954644,0.030924756848492222,False
2.2449999999998638,thumb_ik,-0.004912579464759037,0.024582084476483176,-0.01811900914370219,0.03093074209514041,False
2.2459999999998637,thumb_ik,-0.004859876404805688,0.024574049355992097,-0.018154448844883434,0.030936811621144998,False
2.2469999999998636,thumb_ik,-0.00480715333711576,0.024566009004158312,-0.01818982032694617,0.030942965034487475,False
2.2479999999998634,thumb_ik,-0.0047544107256568685,0.024557964448339242,-0.01822512319040923,0.03094920280879182,False
2.2489999999998633,thumb_ik,-0.004701648584387083,0.024549915329294014,-0.01826035761836389,0.030955524586689116,False
2.249999999999863,thumb_ik,-0.004648867320213787,0.024541862681021237,-0.018295523193474644,0.03096193082057421,False
2.250999999999863,thumb_ik,-0.004596067100125986,0.024533806524834556,-0.01833061999456576,0.030968421412336293,False
2.251999999999863,thumb_ik,-0.0045432480303117945,0.02452574706502482,-0.018365647870991823,0.030974996262853237,False
2.252999999999863,thumb_ik,-0.004490410348495177,0.02451768457651847,-0.018400606692595082,0.03098165535840684,False
2.253999999999863,thumb_ik,-0.004437554221968704,0.024509619214675135,-0.018435496406097925,0.03098839862368713,False
2.2549999999998627,thumb_ik,-0.00438467980427211,0.024501551104442146,-0.018470316976476085,0.030995225966607864,False
2.2559999999998626,thumb_ik,-0.0043317871638961225,0.024493480035861367,-0.01850506849489397,0.031002137092483673,False
2.2569999999998624,thumb_ik,-0.00427887654391057,0.024485406426872913,-0.018539750788695377,0.031009132069022963,False
2.2579999999998623,thumb_ik,-0.004225948127046242,0.024477330498039795,-0.018574363779507764,0.031016210853298063,False
2.2589999999998622,thumb_ik,-0.004173002058443537,0.02446925213334855,-0.01860890749590684,0.031023373194035083,False
2.259999999999862,thumb_ik,-0.004120038417199615,0.024461170966526113,-0.018643382106786465,0.031030618717525865,False
2.260999999999862,thumb_ik,-0.00406705738817649,0.024453087337558493,-0.01867778749899279,0.031037947451378223,False
2.261999999999862,thumb_ik,-0.004014059144732185,0.02444500146816099,-0.01871212358717925,0.031045359343026956,False
2.262999999999862,thumb_ik,-0.003961043957766849,0.024436913918309794,-0.018746390120233155,0.031052854516553215,False
2.2639999999998617,thumb_ik,-0.0039080120197824,0.024428825014147462,-0.018780586975975188,0.03106043297638926,False
2.2649999999998616,thumb_ik,-0.003854963578106066,0.02442073548427756,-0.01881471388372644,0.031068094957819124,False
2.2659999999998615,thumb_ik,-0.0038018987582383312,0.02441264049808027,-0.01884877007628955,0.031075836008790356,False
2.2669999999998613,thumb_ik,-0.003748817711931321,0.024404541373577227,-0.01888275558891118,0.03108365700046391,False
2.2679999999998612,thumb_ik,-0.003695720597190741,0.024396439197360398,-0.01891667043664669,0.031091558607630233,False
2.268999999999861,thumb_ik,-0.0036426030483136668,0.024388332291587766,-0.018950525622602177,0.031099545499980997,False
2.269999999999861,thumb_ik,-0.003589470034505174,0.02438022933481776,-0.01898430938997787,0.031107617725588066,False
2.270999999999861,thumb_ik,-0.0035363218452914846,0.024372129866586198,-0.019018021593510567,0.03111577464500061,False
2.271999999999861,thumb_ik,-0.003483158398489325,0.024364032799528743,-0.019051662688578105,0.031124015452457902,False
2.2729999999998607,thumb_ik,-0.0034299797671006743,0.024355937591368504,-0.019085233149413582,0.031132339801640874,False
2.2739999999998606,thumb_ik,-0.0033767861689261575,0.024347839295343537,-0.01911873216225753,0.031140743129775602,False
2.2749999999998605,thumb_ik,-0.0033235778665700183,0.024339738922417475,-0.019152159562255845,0.03114922593813057,False
2.2759999999998604,thumb_ik,-0.003270354989957175,0.024331637281011426,-0.019185515464265248,0.031157788723922688,False
2.2769999999998602,thumb_ik,-0.0032171176714524685,0.0243235350384145,-0.019218799958045898,0.031166431857117278,False
2.27799999999986,thumb_ik,-0.0031638659499406002,0.024315437594909797,-0.019252014062573642,0.0311751599618459,False
2.27899999999986,thumb_ik,-0.0031105999816701813,0.024307344344682416,-0.019285157701999355,0.031183972308349617,False
2.27999999999986,thumb_ik,-0.0030573198710780874,0.024299249571129847,-0.019318230112361976,0.031192863754203656,False
2.28099999999986,thumb_ik,-0.0030040259571552236,0.024291154511173363,-0.0193512308151001,0.031201834777721645,False
2.2819999999998597,thumb_ik,-0.002950718287751092,0.024283059602572432,-0.01938416001100215,0.031210885623575133,False
2.2829999999998596,thumb_ik,-0.0028973967879095813,0.024274964625074266,-0.01941701827392228,0.031220016245111525,False
2.2839999999998595,thumb_ik,-0.0028440616519861683,0.02426687524023037,-0.01944980634423329,0.031229231297510058,False
2.2849999999998594,thumb_ik,-0.002790713002179507,0.024258785459128157,-0.019482523386701627,0.03123852538974779,False
2.2859999999998593,thumb_ik,-0.002737351133362917,0.02425069634024901,-0.019515168922104368,0.03124789884572334,False
2.286999999999859,thumb_ik,-0.0026839761919057875,0.024242608346503436,-0.019547742999953144,0.031257351839733515,False
2.287999999999859,thumb_ik,-0.002630588337131992,0.024234521875138706,-0.019580245643676896,0.0312668844783544,False
2.288999999999859,thumb_ik,-0.0025771877205028187,0.024226437262104578,-0.019612676874596304,0.031276496817078545,False
2.289999999999859,thumb_ik,-0.0025237744821851593,0.02421835476784731,-0.019645036720244754,0.031286188854477086,False
2.2909999999998587,thumb_ik,-0.0024703486954882614,0.024210274425459893,-0.019677325294590365,0.03129596046109631,False
2.2919999999998586,thumb_ik,-0.0024169104894166404,0.024202196367767922,-0.019709542671771257,0.031305811563801106,False
2.2929999999998585,thumb_ik,-0.0023634607009985764,0.024194120690586685,-0.019741689699270853,0.0313157426010966,False
2.2939999999998584,thumb_ik,-0.002309998850890463,0.024186048612832398,-0.01977376513103277,0.03132575345703044,False
2.2949999999998583,thumb_ik,-0.0022565250706051976,0.024177980126847534,-0.01980576901510363,0.031335843928130346,False
2.295999999999858,thumb_ik,-0.002203039615124275,0.024169915323645763,-0.01983770119158385,0.03134601376354863,False
2.296999999999858,thumb_ik,-0.002149542290991263,0.024161853143760834,-0.019869562195388896,0.031356262233210336,False
2.297999999999858,thumb_ik,-0.002096033281680121,0.024153793807796947,-0.019901351996602184,0.031366589265014816,False
2.298999999999858,thumb_ik,-0.002042512680900943,0.024145737333086947,-0.01993307066932234,0.03137699468907545,False
2.2999999999998577,thumb_ik,-0.0019889806266699395,0.02413768394506681,-0.019964718279115123,0.03138747849269893,False
2.3009999999998576,thumb_ik,-0.0019354371077294624,0.02412963313855325,-0.01999629499135649,0.03139804015508758,False
2.3019999999998575,thumb_ik,-0.0018818825486553864,0.024121585688748087,-0.020027800556023923,0.03140867990187462,False
2.3029999999998574,thumb_ik,-0.0018283170063303072,0.024113541928843893,-0.020059234914032175,0.03141939771488429,False
2.3039999999998573,thumb_ik,-0.0017747406249893904,0.02410550184535222,-0.02009059806502107,0.031430193351497146,False
2.304999999999857,thumb_ik,-0.0017211532413001496,0.02409746516719223,-0.020121890733494945,0.03144106681801352,False
2.305999999999857,thumb_ik,-0.0016675549928781563,0.02408943186738141,-0.020153112851978672,0.03145201782035728,False
2.306999999999857,thumb_ik,-0.0016139460203814932,0.02408140192975214,-0.02018426436277185,0.031463046078300125,False
2.307999999999857,thumb_ik,-0.0015603264620380614,0.024073375332351307,-0.020215345220874727,0.03147415131436493,False
2.3089999999998567,thumb_ik,-0.001506696529950169,0.024065352087543818,-0.02024635573296762,0.0314853335062007,False
2.3099999999998566,thumb_ik,-0.0014530570930608167,0.024057332624716113,-0.020277294927125,0.0314965921568276,False
2.3109999999998565,thumb_ik,-0.001399378278716168,0.024049294698211113,-0.020308236359194144,0.031507956123322925,False
2.3119999999998564,thumb_ik,-0.0013456762729967403,0.02404125288673928,-0.02033913836775462,0.0315194104408462,False
2.3129999999998563,thumb_ik,-0.0012919064318397538,0.02403317081282684,-0.020370097356925815,0.031530987740281416,False
2.313999999999856,thumb_ik,-0.0012380424759185216,0.02402502058970317,-0.02040115076632389,0.03154269037507925,False
2.314999999999856,thumb_ik,-0.0011840191901275332,0.024016699991226964,-0.020432454192969917,0.03155453951904552,False
2.315999999999856,thumb_ik,-0.0011298137713858514,0.024008151051507567,-0.0204640473116306,0.031566517521618896,False
2.316999999999856,thumb_ik,-0.0010754026437390235,0.02399930047425472,-0.020495968493499456,0.03157859462652266,False
2.3179999999998557,thumb_ik,-0.0010207613755160716,0.0239900617496053,-0.02052825344588186,0.03159072974899411,False
2.3189999999998556,thumb_ik,-0.0009658896406070233,0.0239804106440481,-0.02056088283020276,0.03160289449104835,False
2.3199999999998555,thumb_ik,-0.0009107746148385165,0.023970264355172133,-0.020593864403644174,0.03161503336597247,False
2.3209999999998554,thumb_ik,-0.0008554157473993351,0.023959584102290585,-0.020627178322848345,0.03162710691824687,False
2.3219999999998553,thumb_ik,-0.0007998221455005061,0.02394837843235148,-0.020660781870798343,0.03163909689792457,False
2.322999999999855,thumb_ik,-0.0007440002407714252,0.023936625261825537,-0.020694647392403686,0.03165097148555243,False
2.323999999999855,thumb_ik,-0.000687961488564981,0.02392433243701346,-0.020728734828637112,0.03166271342071674,False
2.324999999999855,thumb_ik,-0.000631719652075452,0.023911525133134784,-0.020763004484590415,0.031674318605748666,False
2.325999999999855,thumb_ik,-0.0005752867381306481,0.023898216646572754,-0.02079741829538811,0.03168577474941934,False
2.3269999999998547,thumb_ik,-0.0005186925871386444,0.02388441205515268,-0.02083193851720402,0.031697063643259506,False
2.3279999999998546,thumb_ik,-0.0004619508713597925,0.023870162205373163,-0.020866535500369234,0.031708206289642826,False
2.3289999999998545,thumb_ik,-0.0004050023148026438,0.02385548137807965,-0.02090111432702949,0.03171915192382132,False
2.3299999999998544,thumb_ik,-0.00034787248700918205,0.0238404309239007,-0.020935672280002243,0.03172994698577596,False
2.3309999999998543,thumb_ik,-0.0002905833866405083,0.02382506351685909,-0.020970206327482744,0.03174063080192577,False
2.331999999999854,thumb_ik,-0.00023315382125572992,0.023809424449966476,-0.021004713163321958,0.03175123664389244,False
2.332999999999854,thumb_ik,-0.0001755064907514592,0.02379325881177287,-0.021039127587340046,0.03176153108791634,False
2.333999999999854,thumb_ik,-0.00011767157991433852,0.02377665510927092,-0.021073457880433705,0.03177158796510417,False
2.334999999999854,thumb_ik,-5.967488078634231e-05,0.023759689830424605,-0.021107710400848512,0.03178147039228153,False
2.3359999999998537,thumb_ik,-1.525594912579753e-06,0.023742425539496237,-0.02114189014105085,0.03179122979002584,False
2.3369999999998536,thumb_ik,5.675511813466039e-05,0.02372491953562786,-0.021176000948459058,0.03180091263288822,False
2.3379999999998535,thumb_ik,0.00011514995460593092,0.023707221035398504,-0.021210045500443,0.031810558292242365,False
2.3389999999998534,thumb_ik,0.00017364417094074824,0.02368937266381231,-0.02124402546712219,0.03182020030657909,False
2.3399999999998533,thumb_ik,0.00023222519842866496,0.023671411162655226,-0.021277941741926844,0.031829867102253134,False
2.340999999999853,thumb_ik,0.00029088250485778677,0.02365336850894774,-0.021311794455798085,0.03183958287066429,False
2.341999999999853,thumb_ik,0.0003496072204523387,0.02363527236031729,-0.021345583212886012,0.03184936808561846,False
2.342999999999853,thumb_ik,0.00040839189551880595,0.023617146613039416,-0.021379307217964934,0.03185924002863615,False
2.343999999999853,thumb_ik,0.0004672302949459556,0.023599011867325548,-0.021412965388148266,0.03186921323121616,False
2.3449999999998528,thumb_ik,0.0005261172167085187,0.023580885846167063,-0.02144655643940926,0.03187929986251966,False
2.3459999999998526,thumb_ik,0.0005850483436067866,0.023562783732704123,-0.021480078967912524,0.031889510050584054,False
2.3469999999998525,thumb_ik,0.0006440200963158949,0.023544718509920612,-0.021513531495275285,0.03189985217824776,False
2.3479999999998524,thumb_ik,0.000703029534943167,0.023526701216882023,-0.021546912526234783,0.03191033312406271,False
2.3489999999998523,thumb_ik,0.000762074279549052,0.023508741195125915,-0.021580220576700646,0.03192095847442577,False
2.349999999999852,thumb_ik,0.0008211523340349719,0.023490846390695305,-0.021613454162990518,0.03193173274601029,False
2.350999999999852,thumb_ik,0.0008802621340906758,0.023473023306376226,-0.021646611932453343,0.0319426594497175,False
2.351999999999852,thumb_ik,0.000939402314300522,0.023455277613558673,-0.02167969249750871,0.031953741430758235,False
2.352999999999852,thumb_ik,0.000998571936418488,0.02343761354968185,-0.02171269472304949,0.03196498063432503,False
2.3539999999998518,thumb_ik,0.001057770274986547,0.023420034667387624,-0.021745617505897517,0.03197637850803433,False
2.3549999999998517,thumb_ik,0.001116996784386537,0.02340254357649757,-0.02177845989146476,0.031987935896370945,False
2.3559999999998515,thumb_ik,0.001176251077012691,0.023385142208251775,-0.021811221031804957,0.03199965321053625,False
2.3569999999998514,thumb_ik,0.001235533142548581,0.02336783139370409,-0.021843900341139182,0.03201153023997039,False
2.3579999999998513,thumb_ik,0.001294842801736043,0.023350612032884174,-0.021876497165398145,0.032023566766042094,False
2.358999999999851,thumb_ik,0.0013541909224871612,0.02333347966265774,-0.02190901062950661,0.0320357589731544,False
2.359999999999851,thumb_ik,0.0014135760118289126,0.023316434556553536,-0.021941440734437965,0.032048106637898525,False
2.360999999999851,thumb_ik,0.0014729963617874514,0.023299476615932305,-0.021973787594084335,0.03206060932184774,False
2.361999999999851,thumb_ik,0.0015324509941818665,0.023282605356578348,-0.022006051228475102,0.032073266265068956,False
2.3629999999998508,thumb_ik,0.0015919392074960487,0.023265819919925698,-0.02203823169869022,0.03208607647238797,False
2.3639999999998507,thumb_ik,0.001651460418750611,0.02324911927915757,-0.022070329061605446,0.03209903882764626,False
2.3649999999998506,thumb_ik,0.0017110142635568537,0.023232502338839736,-0.022102343334389835,0.0321121521484552,False
2.3659999999998504,thumb_ik,0.0017706003597050823,0.023215967750192273,-0.022134274614441823,0.03212541512446616,False
2.3669999999998503,thumb_ik,0.001830218405644568,0.0231995140950281,-0.022166123001615603,0.03213882640328548,False
2.3679999999998502,thumb_ik,0.001889868157141525,0.02318313990985202,-0.022197888592450168,0.032152384603540377,False
2.36899999999985,thumb_ik,0.0019495494348695241,0.02316684366650082,-0.022229571501577842,0.032166088316903735,False
2.36999999999985,thumb_ik,0.00200926204494882,0.0231506239496395,-0.022261171785395325,0.03217993617895745,False
2.37099999999985,thumb_ik,0.002069005882240474,0.023134479200150188,-0.022292689556566794,0.032193926769942025,False
2.37199999999985,thumb_ik,0.0021287808773085976,0.023118407828452384,-0.022324124943245444,0.03220805866592826,False
2.3729999999998497,thumb_ik,0.0021885868658467617,0.023102408582905506,-0.022355477955612327,0.03222233060200227,False
2.3739999999998496,thumb_ik,0.002248423775967845,0.023086479890685255,-0.022386748699798596,0.03223674115923144,False
2.3749999999998495,thumb_ik,0.002308291640854998,0.023070619936436387,-0.02241793739873921,0.032251288838812744,False
2.3759999999998493,thumb_ik,0.0023681904361596146,0.023054827241846043,-0.022449044159310347,0.03226597230458041,False
2.3769999999998492,thumb_ik,0.002427997871035717,0.023039145909472564,-0.02248010343535913,0.03228083747928739,False
2.377999999999849,thumb_ik,0.0024877625949137894,0.023023703166321116,-0.022511074653396124,0.03229594947157136,False
2.378999999999849,thumb_ik,0.0025476010986773684,0.023008300343451568,-0.02254194497832614,0.03231116586349584,False
2.379999999999849,thumb_ik,0.002607507457864283,0.022992937012234968,-0.022572718795685575,0.032326488850794165,False
2.380999999999849,thumb_ik,0.002667476341366201,0.022977613019119755,-0.022603399815112866,0.03234192037109136,False
2.3819999999998487,thumb_ik,0.0027275029776405862,0.022962328252684766,-0.022633991224748077,0.03235746204570217,False
2.3829999999998486,thumb_ik,0.002787583074058922,0.022947083050356934,-0.02266449566284808,0.032373115444238876,False
2.3839999999998485,thumb_ik,0.002847720651014199,0.022931871746132093,-0.02269491564651521,0.03238887850620495,False
2.3849999999998484,thumb_ik,0.0029072986743717694,0.022916602061200747,-0.022724951637057112,0.03240442041635707,False
2.3859999999998482,thumb_ik,0.0029657303029755194,0.02290146969588383,-0.02275430028655562,0.03241960906599921,False
2.386999999999848,thumb_ik,0.0030224918598793504,0.02288644537230214,-0.022782735254737858,0.03243420824546026,False
2.387999999999848,thumb_ik,0.0030771567965453134,0.022871438358754256,-0.022810039152313732,0.0324479502076619,False
2.388999999999848,thumb_ik,0.0031293608012857854,0.022856281040272014,-0.02283601090856439,0.03246052797217867,False
2.389999999999848,thumb_ik,0.0031787570639481844,0.022840604051390545,-0.02286051202302412,0.03247153676466251,False
2.3909999999998477,thumb_ik,0.0032250261443423633,0.022824386782600764,-0.0228833983594503,0.03248081504689722,False
2.3919999999998476,thumb_ik,0.00326789146440061,0.02280797419961468,-0.022904519570985302,0.03248845669604883,False
2.3929999999998475,thumb_ik,0.003307110837711305,0.02279137755735358,-0.022923772319117044,0.0324943565930065,False
2.3939999999998474,thumb_ik,0.0033427931301806546,0.022774587766171417,-0.022941210507667353,0.032498542327115756,False
2.3949999999998473,thumb_ik,0.0033752433011704497,0.02275752262913211,-0.022956981536818324,0.03250107851809496,False
2.395999999999847,thumb_ik,0.0034045855107608936,0.02274016070684029,-0.02297115358456946,0.03250200006890167,False
2.396999999999847,thumb_ik,0.003430586790229742,0.02272231935358124,-0.022983631652740397,0.03250107762029256,False
2.397999999999847,thumb_ik,0.0034530163431417127,0.022704137253543547,-0.022994301815135763,0.03249829358996105,False
2.398999999999847,thumb_ik,0.003471663758370075,0.02268575896314573,-0.02300306422977463,0.032493646655065725,False
2.3999999999998467,thumb_ik,0.0034863742269405917,0.022667163245071245,-0.02300984841523702,0.0324870469406065,False
2.4009999999998466,thumb_ik,0.0034981969058065776,0.022644665793128058,-0.023016056719548223,0.032477024762002434,False
2.4019999999998465,thumb_ik,0.003506891220398045,0.022618760802264784,-0.02302145860606004,0.03246373642408265,False
2.4029999999998464,thumb_ik,0.0035122572609632002,0.022589797446702434,-0.02302587814509865,0.03244727976430635,False
2.4039999999998463,thumb_ik,0.003514140351611336,0.022558128269022176,-0.023029171628937372,0.03242778252251508,False
2.404999999999846,thumb_ik,0.0035124135351117386,0.02252405979503469,-0.023031216028600424,0.03240535804844617,False
2.405999999999846,thumb_ik,0.003506975114988181,0.02248785997917374,-0.023031906664878667,0.03238010879413089,False
2.406999999999846,thumb_ik,0.0035004825797305267,0.022455136431282913,-0.02303160272574856,0.03235647160237399,False
2.407999999999846,thumb_ik,0.003493820528408631,0.02242599561266377,-0.02303075128888894,0.032334927957776614,False
2.4089999999998457,thumb_ik,0.0034870453524732253,0.02239991774089241,-0.02302944028448745,0.03231518095115243,False
2.4099999999998456,thumb_ik,0.0034802003141902738,0.022376457813673603,-0.023027743944733888,0.032296975859950616,False
2.4109999999998455,thumb_ik,0.003473317862584868,0.022355234577020253,-0.023025724818334207,0.032280093763460554,False
2.4119999999998454,thumb_ik,0.003466421872550196,0.022335921240912035,-0.02302343550119024,0.03226434627504774,False
2.4129999999998453,thumb_ik,0.0034595295098011625,0.022318237498782645,-0.023020920047802308,0.03224957099448858,False
2.413999999999845,thumb_ik,0.003452654196703528,0.02230194226630161,-0.023018216257635515,0.03223562826337872,False
2.414999999999845,thumb_ik,0.003445802076712731,0.022286829756934898,-0.023015353660959015,0.03222239650779402,False
2.415999999999845,thumb_ik,0.0034389779958287486,0.022272722091793165,-0.02301235797820274,0.03220977085840564,False
2.416999999999845,thumb_ik,0.003432183881415321,0.022259466876930922,-0.02300925004842005,0.03219766046829723,False
2.4179999999998447,thumb_ik,0.0034254201184187316,0.022246933044335185,-0.023006047205794137,0.03218598671630293,False
2.4189999999998446,thumb_ik,0.003418895692120963,0.02223491970989043,-0.023002917384003247,0.03217475268644898,False
2.4199999999998445,thumb_ik,0.0034125733264506047,0.022223345164041564,-0.022999845538338722,0.03216388691958687,False
2.4209999999998444,thumb_ik,0.0034064210835875602,0.022212139159670505,-0.022996818919304603,0.03215332814895783,False
2.4219999999998443,thumb_ik,0.0034004107156068997,0.022201237055918352,-0.022993826548293624,0.03214302069160441,False
2.422999999999844,thumb_ik,0.0033945179991011903,0.02219058414592394,-0.02299085883523588,0.032132917190402996,False
2.423999999999844,thumb_ik,0.0033887234753227358,0.02218013808645071,-0.02298790804458434,0.03212298069283873,False
2.424999999999844,thumb_ik,0.0033830109168123124,0.022169862735233886,-0.022984967602312886,0.032113179727983276,False
2.425999999999844,thumb_ik,0.0033773664721742785,0.02215972743102744,-0.02298203202553199,0.03210348766298414,False
2.4269999999998437,thumb_ik,0.003371778928988378,0.02214970616769521,-0.022979096962902592,0.03209388218479784,False
2.4279999999998436,thumb_ik,0.00336623915402251,0.022139777009166958,-0.02297615890024413,0.03208434462268132,False
2.4289999999998435,thumb_ik,0.003360739811806887,0.022129921531669372,-0.02297321505017821,0.032074859451324836,False
2.4299999999998434,thumb_ik,0.0033552750454466096,0.022120124295119545,-0.022970263363170994,0.032065413897774196,False
2.4309999999998433,thumb_ik,0.003349840015047706,0.02211037246493175,-0.022967302302514158,0.03205599746879668,False
2.431999999999843,thumb_ik,0.003344430785226213,0.022100655479790746,-0.02296433060392541,0.03204660153588768,False
2.432999999999843,thumb_ik,0.003339044653669035,0.022090964622898196,-0.022961347443369442,0.03203721919244028,False
2.433999999999843,thumb_ik,0.0033336797304670818,0.022081292768162494,-0.02295835232575059,0.03202784495360139,False
2.434999999999843,thumb_ik,0.003328334793642168,0.02207163413456431,-0.022955345018031103,0.03201847452277324,False
2.4359999999998427,thumb_ik,0.003323009157903789,0.022061984071467672,-0.02295232549868659,0.03200910459276961,False
2.4369999999998426,thumb_ik,0.0033177025633763235,0.022052338874483532,-0.022949293914380522,0.03199973267548831,False
2.4379999999998425,thumb_ik,0.0033124150813143433,0.02204269562786071,-0.022946250543588936,0.03199035695678596,False
2.4389999999998424,thumb_ik,0.003307147207450789,0.022033052065140765,-0.022943195695330407,0.03198097613693461,False
2.4399999999998423,thumb_ik,0.003301899311883766,0.022023406495435535,-0.02294012994064677,0.031971589488525104,False
2.440999999999842,thumb_ik,0.0032966720293605006,0.022013757631623707,-0.02293705378220841,0.031962196541241654,False
2.441999999999842,thumb_ik,0.0032914660832513293,0.022004104548734915,-0.022933967762505367,0.03195279711231062,False
2.442999999999842,thumb_ik,0.0032862821046374807,0.021994446616770885,-0.022930872526036882,0.03194339128606413,False
2.443999999999842,thumb_ik,0.0032811209199146985,0.0219847834421439,-0.02292776864311977,0.031933979276649704,False
2.4449999999998417,thumb_ik,0.0032759833538645172,0.021975114820644612,-0.022924656693247846,0.03192456143502343,False
2.4459999999998416,thumb_ik,0.003270870213222768,0.02196544069756344,-0.022921537258408783,0.03191513821493722,False
2.4469999999998415,thumb_ik,0.0032657822700500605,0.021955761136815313,-0.02291841091610636,0.03190571014492181,False
2.4479999999998414,thumb_ik,0.0032607202649264228,0.021946076292534672,-0.02291527823747323,0.03189627780767951,False
2.4489999999998413,thumb_ik,0.0032556848949632233,0.02193638638832357,-0.022912139783182277,0.03188684182162296,False
2.449999999999841,thumb_ik,0.0032506768552912763,0.021926691728813355,-0.02290899612991913,0.031877402872075196,False
2.450999999999841,thumb_ik,0.0032456970088138026,0.02191699260243936,-0.022905847757224148,0.03186796158033229,False
2.451999999999841,thumb_ik,0.0032407458584597787,0.021907289345364372,-0.022902695189606536,0.03185851859595273,False
2.452999999999841,thumb_ik,0.0032358238686927276,0.021897582311347613,-0.02289953893504521,0.03184907456472004,False
2.4539999999998408,thumb_ik,0.0032309314654268007,0.021887871864361932,-0.02289637948496878,0.031839630123553744,False
2.4549999999998406,thumb_ik,0.0032260690367115485,0.021878158372753878,-0.02289321731438106,0.03183018589666743,False
2.4559999999998405,thumb_ik,0.0032212369339739977,0.021868442204657376,-0.02289005288208298,0.03182074249271682,False
2.4569999999998404,thumb_ik,0.003216435473746851,0.02185872372455694,-0.022886886630858343,0.031811300502762346,False
2.4579999999998403,thumb_ik,0.003211664677349596,0.02184900330861024,-0.022883719045592197,0.031801860526343345,False
2.45899999999984,thumb_ik,0.0032069248410170337,0.021839281304401867,-0.022880550528581813,0.03179242311179999,False
2.45999999999984,thumb_ik,0.0032022162245164826,0.021829558049714606,-0.022877381469138803,0.03178298878769761,False
2.46099999999984,thumb_ik,0.00319753919616117,0.021819833869364383,-0.022874212156446524,0.03177355801253259,False
2.46199999999984,thumb_ik,0.0031928937867369556,0.02181010907899264,-0.02287104305685687,0.03176413133204718,False
2.4629999999998398,thumb_ik,0.0031882801699974483,0.021800383980749072,-0.02286787451775742,0.03175470921155473,False
2.4639999999998397,thumb_ik,0.003183698494568732,0.021790658863833995,-0.02286470687418266,0.03174529209609831,False
2.4649999999998395,thumb_ik,0.003179148886500602,0.021780934004309346,-0.022861540448799577,0.03173588041058128,False
2.4659999999998394,thumb_ik,0.0031746319955217317,0.021771210444243752,-0.022858375008415876,0.031726474757525616,False
2.4669999999998393,thumb_ik,0.0031701478057502147,0.021761488415952185,-0.022855210937615025,0.03171707556176643,False
2.467999999999839,thumb_ik,0.003165696448857072,0.02175176812843893,-0.022852048500982217,0.031707683160567275,False
2.468999999999839,thumb_ik,0.003161277890973091,0.02174204977276277,-0.022848888049736015,0.03169829792488262,False
2.469999999999839,thumb_ik,0.0031568921020690976,0.021732333523693526,-0.02284572991054194,0.03168892019735905,False
2.470999999999839,thumb_ik,0.003152539054025974,0.021722619541719404,-0.0228425743877437,0.03167955029512024,False
2.4719999999998388,thumb_ik,0.0031482187191738398,0.021712907974683046,-0.02283942176528576,0.0316701885121232,False
2.4729999999998387,thumb_ik,0.003143931341913417,0.02170320194490405,-0.02283627210255736,0.03166083704651524,False
2.4739999999998386,thumb_ik,0.0031396767887749283,0.021693504377303385,-0.022833125309712012,0.03165149781471746,False
2.4749999999998384,thumb_ik,0.0031356114284798037,0.021683936627290554,-0.02283008428432833,0.031642343704540936,False
2.4759999999998383,thumb_ik,0.003131708194192187,0.02167447382259037,-0.022827132885839544,0.03163334328659402,False
2.476999999999838,thumb_ik,0.0031279444426233344,0.021665094912653754,-0.022824257689552856,0.03162447016298529,False
2.477999999999838,thumb_ik,0.003124301248191519,0.021655782118024297,-0.022821447531533656,0.031615702188427436,False
2.478999999999838,thumb_ik,0.0031207619214394244,0.02164652381951912,-0.02281869227863331,0.03160702241189882,False
2.479999999999838,thumb_ik,0.003117312332417535,0.02163730635917316,-0.02281598417248686,0.03159841446050306,False
2.480999999999838,thumb_ik,0.003113940881463509,0.021628118274222896,-0.022813316674748476,0.03158986460242242,False
2.4819999999998377,thumb_ik,0.00311063793243202,0.02161894998538748,-0.022810684364201122,0.031581361401633395,False
2.4829999999998376,thumb_ik,0.0031073954955034844,0.021609793522311876,-0.022808082749306815,0.031572895362029355,False
2.4839999999998374,thumb_ik,0.003104206960526143,0.021600642287649102,-0.022805508112063003,0.0315644586258362,False
2.4849999999998373,thumb_ik,0.0031010492359804936,0.021591490941003183,-0.022802950475735825,0.03155603805642049,False
2.4859999999998372,thumb_ik,0.0030979007333671177,0.021582334281559465,-0.0228004008130472,0.03154762145123427,False
2.486999999999837,thumb_ik,0.0030947654311094114,0.02157316935457078,-0.022797860050487524,0.03153920785238901,False
2.487999999999837,thumb_ik,0.003091646681849275,0.02156399386481435,-0.02279532894615251,0.03153079657050292,False
2.488999999999837,thumb_ik,0.0030885473156732762,0.021554806071356528,-0.022792808119339408,0.03152238714405946,False
2.489999999999837,thumb_ik,0.003085469726368459,0.02154560469867002,-0.022790298074288468,0.03151397930408987,False
2.4909999999998367,thumb_ik,0.0030824159421978803,0.02153638885948743,-0.02278779922061464,0.03150557294300192,False
2.4919999999998366,thumb_ik,0.003079387684834692,0.02152715798932496,-0.02278531188970404,0.03149716808733695,False
2.4929999999998365,thumb_ik,0.0030763864170413047,0.021517911789545735,-0.022782836349252596,0.03148876487394278,False
2.4939999999998363,thumb_ik,0.003073413386024501,0.02150865018206992,-0.022780372812531365,0.03148036352988906,False
2.4949999999998362,thumb_ik,0.003070469655705038,0.021499373267617083,-0.022777921448778552,0.031471964354543545,False
2.495999999999836,thumb_ik,0.003067556134847188,0.021490081291333132,-0.02277548239086465,0.03146356770433274,False
2.496999999999836,thumb_ik,0.003064673600500223,0.02148077461366521,-0.02277305574162614,0.03145517397967937,False
2.497999999999836,thumb_ik,0.0030618210696881504,0.021471455142084706,-0.022770641002578914,0.03144678403032129,False
2.498999999999836,thumb_ik,0.0030589828427569354,0.021462125856224326,-0.0227682275132462,0.031438390645763585,False
2.4999999999998357,thumb_ik,0.0030561620882064017,0.02145278663788576,-0.022765817009923254,0.03142999531290692,False
2.5009999999998356,thumb_ik,0.0030533598648392057,0.021443438830635805,-0.022763410362241072,0.03142159968345365,False
2.5019999999998355,thumb_ik,0.0030507241702341786,0.02143426959799921,-0.022761095410761194,0.03141340948480981,False
2.5029999999998354,thumb_ik,0.003048320384160058,0.021425337719951795,-0.02275891982903488,0.0314055056536734,False
2.5039999999998352,thumb_ik,0.003046010367011978,0.021416507914801347,-0.022756791900070388,0.03139771596794586,False
2.504999999999835,thumb_ik,0.003043780190035386,0.02140775505504683,-0.02275470450291876,0.031390016746686934,False
2.505999999999835,thumb_ik,0.003041618375457633,0.021399059450592645,-0.022752651671541526,0.031382389102782175,False
2.506999999999835,thumb_ik,0.003039515475387236,0.02139040576091307,-0.02275062840794181,0.031374818021749074,False
2.507999999999835,thumb_ik,0.003037463681494934,0.021381781253768647,-0.022748630566087533,0.03136729105027632,False
2.5089999999998347,thumb_ik,0.0030353233130276797,0.02137306879761583,-0.022746564305221064,0.03135964676353651,False
2.5099999999998346,thumb_ik,0.003033112642882793,0.02136428384433922,-0.022744442179860245,0.03135190658570727,False
2.5109999999998345,thumb_ik,0.0030308469115625097,0.02135543960339424,-0.022742274630570634,0.0313440885818657,False
2.5119999999998344,thumb_ik,0.0030285389826192194,0.02134654733593988,-0.022740070333518544,0.03133620797588847,False
2.5129999999998343,thumb_ik,0.003026199420332207,0.021337616665454473,-0.022737836512295908,0.03132827759634092,False
2.513999999999834,thumb_ik,0.003023837026938217,0.021328655787757944,-0.022735579176117755,0.03132030824483792,False
2.514999999999834,thumb_ik,0.0030214591318289685,0.021319671670427393,-0.02273330332544148,0.031312309009504005,False
2.515999999999834,thumb_ik,0.003019071834113096,0.021310670227059,-0.022731013121573187,0.03130428753061035,False
2.516999999999834,thumb_ik,0.003016680204649208,0.02130165646530817,-0.02272871202821228,0.03129625022402092,False
2.5179999999998337,thumb_ik,0.0030142884551949273,0.0212926346152464,-0.02272640292867958,0.03128820247035944,False
2.5189999999998336,thumb_ik,0.003011900079744473,0.021283608240003637,-0.022724088223327787,0.03128014877499626,False
2.5199999999998335,thumb_ik,0.003009517972679676,0.02127458033112581,-0.022721769910489017,0.03127209290339569,False
2.5209999999998334,thumb_ik,0.003007144527529107,0.021265553390757114,-0.02271944965375366,0.03126403799565944,False
2.5219999999998333,thumb_ik,0.003004781719533875,0.02125652950245241,-0.022717128837892762,0.03125598666348726,False
2.522999999999833,thumb_ik,0.0030025685538638686,0.02124765926211082,-0.022714896429637203,0.03124811933298644,False
2.523999999999833,thumb_ik,0.0030004801009114734,0.021238912517773392,-0.022712737651851913,0.03124040232480127,False
2.524999999999833,thumb_ik,0.0029984957282475494,0.02123026381553733,-0.022710640303281345,0.0312328074513749,False
2.525999999999833,thumb_ik,0.0029965983715559003,0.021221691731821105,-0.022708594307420376,0.031225311162258428,False
2.5269999999998327,thumb_ik,0.002994854837222352,0.02121325226943352,-0.022706652504678324,0.031217996337223098,False
2.5279999999998326,thumb_ik,0.0029932375645128767,0.021204914491478224,-0.022704796774981145,0.031210826107325458,False
2.5289999999998325,thumb_ik,0.00299163704952031,0.021196567018707493,-0.022702949775108058,0.031203658024432007,False
2.5299999999998324,thumb_ik,0.0029899293601509946,0.021188097465857494,-0.02270102255913443,0.031196339160736473,False
2.5309999999998323,thumb_ik,0.0029881346531927117,0.021179527248122207,-0.022699028429053667,0.031188895696746762,False
2.531999999999832,thumb_ik,0.00298626973943128,0.021170874624027572,-0.022696978424990657,0.031181349697013257,False
2.532999999999832,thumb_ik,0.0029843486349915432,0.021162155134875182,-0.0226948817124342,0.03117371974386567,False
2.533999999999832,thumb_ik,0.0029823830218875524,0.02115338198437018,-0.02269274590307908,0.031166021473515552,False
2.534999999999832,thumb_ik,0.002980382632776349,0.02114456636650644,-0.02269057732067704,0.031158268029705588,False
2.5359999999998317,thumb_ik,0.002978355572433103,0.021135717748719862,-0.022688381221325247,0.0311504704477088,False
2.5369999999998316,thumb_ik,0.0029763085863522276,0.021126844116280644,-0.022686161976041497,0.031142637979432748,False
2.5379999999998315,thumb_ik,0.0029743703615759953,0.021118082971869886,-0.022684012159252847,0.031134943634054224,False
2.5389999999998314,thumb_ik,0.002972523020041015,0.021109414637648177,-0.022681919413988182,0.031127363327970503,False
2.5399999999998313,thumb_ik,0.002970752358609108,0.0211008304764215,-0.022679872674005678,0.03111988176198569,False
2.540999999999831,thumb_ik,0.0029689297088929673,0.021092215308107648,-0.022677775673129435,0.03111233838368147,False
2.541999999999831,thumb_ik,0.0029670664251913864,0.02108357686610833,-0.02267563692520815,0.03110474572479993,False
2.542999999999831,thumb_ik,0.002965173309313049,0.02107493420584354,-0.022673463081379127,0.031097122578102928,False
2.543999999999831,thumb_ik,0.002963257740559791,0.021066290727116424,-0.022671259997469103,0.031089476214777593,False
2.5449999999998307,thumb_ik,0.0029613258341196075,0.021057649219706834,-0.022669032540467895,0.031081812651079992,False
2.5459999999998306,thumb_ik,0.00295949816407326,0.021049140995316865,-0.02266687056437355,0.03107429785539725,False
2.5469999999998305,thumb_ik,0.002957757989148241,0.02104074144673211,-0.022664763141296004,0.03106690556205511,False
2.5479999999998304,thumb_ik,0.002956091386250956,0.02103242996711366,-0.02266270100113926,0.031059613701275267,False
2.5489999999998303,thumb_ik,0.002954376022128058,0.021024076090087662,-0.022660590930291238,0.031052254256847735,False
2.54999999999983,thumb_ik,0.002952613976632462,0.02101568716160103,-0.022658436139568364,0.031044834746865466,False
2.55099999999983,thumb_ik,0.0029508155925401652,0.02100727093112348,-0.022656244255944143,0.031037366969828572,False
2.55199999999983,thumb_ik,0.0029489894577399423,0.02099883394732012,-0.02265402160965246,0.03102986079665176,False
2.55299999999983,thumb_ik,0.0029471427008489343,0.020990381727971213,-0.022651773456599186,0.03102232447632199,False
2.5539999999998297,thumb_ik,0.002945281237123634,0.020981918906751496,-0.02264950416254163,0.031014764893260743,False
2.5549999999998296,thumb_ik,0.0029435171190314025,0.020973559083691987,-0.022647301709207864,0.03100733378372025,False
2.5559999999998295,thumb_ik,0.002941834635450391,0.020965283051335104,-0.02264515440575671,0.031000008104926313,False
2.5569999999998294,thumb_ik,0.002940285210988408,0.020957155919127182,-0.022643104238394284,0.030992867419639535,False
2.5579999999998293,thumb_ik,0.002938776566665885,0.020949079894567416,-0.02264107775053952,0.030985783156856447,False
2.558999999999829,thumb_ik,0.0029373029498858394,0.02094104319647018,-0.02263907091025261,0.030978743848892324,False
2.559999999999829,thumb_ik,0.002935859623206513,0.020933036005808148,-0.022637080377126164,0.030971739959971656,False
2.560999999999829,thumb_ik,0.002934340209471864,0.020924932619010905,-0.022635022857919258,0.030964615569284842,False
2.561999999999829,thumb_ik,0.002932760786416244,0.02091675096670137,-0.022632910133237986,0.030957392944700145,False
2.5629999999998287,thumb_ik,0.0029311347208496458,0.02090850634248788,-0.022630751968940637,0.03095009083840202,False
2.5639999999998286,thumb_ik,0.002929473103219421,0.02090021175815307,-0.022628556462262108,0.030942725021625195,False
2.5649999999998285,thumb_ik,0.0029277851376596498,0.020891878266396574,-0.0226263303278775,0.030935308749331456,False
2.5659999999998284,thumb_ik,0.002926078457329534,0.020883515234579236,-0.022624079134888262,0.03092785314878867,False
2.5669999999998283,thumb_ik,0.0029243593870560136,0.020875130581296628,-0.02262180750303647,0.03092036754819201,False
2.567999999999828,thumb_ik,0.002922735366185328,0.02086686096596113,-0.022619598625953783,0.03091301522971761,False
2.568999999999828,thumb_ik,0.0029211910732375584,0.02085868525611173,-0.022617441604847122,0.03090577248101987,False
2.569999999999828,thumb_ik,0.002919778100042514,0.020850679191076957,-0.02261537893992029,0.030898726373086764,False
2.570999999999828,thumb_ik,0.0029184732340327424,0.020842808242801283,-0.022613393862324426,0.030891839107385022,False
2.5719999999998278,thumb_ik,0.0029171946722788694,0.020834974523169278,-0.022611419989194432,0.030884988296336242,False
2.5729999999998276,thumb_ik,0.0029159387715384927,0.020827168447671393,-0.022609455026369563,0.030878165441885763,False
2.5739999999998275,thumb_ik,0.002914702760434415,0.020819384035380806,-0.02260749704504206,0.030871364829497556,False
2.5749999999998274,thumb_ik,0.0029134862509632847,0.020811628620313743,-0.022605546336863718,0.03086459157598731,False
2.5759999999998273,thumb_ik,0.0029122874127991832,0.020803896345164025,-0.022603601718247126,0.030857840685184407,False
2.576999999999827,thumb_ik,0.002911013374484142,0.020796085028608635,-0.022601584554342604,0.030850976901074686,False
2.577999999999827,thumb_ik,0.002909680024001368,0.02078821068906217,-0.02259950748685133,0.030844021789370474,False
2.578999999999827,thumb_ik,0.002908300534113617,0.020780286922063934,-0.022597380998086298,0.03083699344184998,False
2.579999999999827,thumb_ik,0.0029068858202447867,0.02077232524018842,-0.02259521378139998,0.030829907020347574,False
2.5809999999998268,thumb_ik,0.002905444921146888,0.02076433536665244,-0.02259301304786673,0.03082277521557246,False
2.5819999999998267,thumb_ik,0.002903985315415525,0.020756325488855046,-0.022590784780208827,0.030815608634215834,False
2.5829999999998265,thumb_ik,0.002902513184699057,0.020748302477249903,-0.02258853394305509,0.03080841612565239,False
2.5839999999998264,thumb_ik,0.0029010336326045078,0.02074027207422792,-0.022586264657051592,0.030801205057738874,False
2.5849999999998263,thumb_ik,0.002899643866772189,0.020732349223014188,-0.022584061265642472,0.03079412382435031,False
2.585999999999826,thumb_ik,0.0028983294594735476,0.02072451523185094,-0.02258191239237101,0.030787150120587536,False
2.586999999999826,thumb_ik,0.0028971393990300243,0.020716880270822982,-0.022579899346920753,0.030780422339046924,False
2.587999999999826,thumb_ik,0.0028960517264099983,0.020709408322931208,-0.022578000753561697,0.03077389846470166,False
2.588999999999826,thumb_ik,0.002895048361798963,0.02070206909373068,-0.022576198462658053,0.03076754307389652,False
2.5899999999998258,thumb_ik,0.0028941144912171674,0.020694836958715518,-0.022574477286611275,0.030761326372570792,False
2.5909999999998257,thumb_ik,0.002893099633456228,0.02068752453949549,-0.022572708996729095,0.030755014038565277,False
2.5919999999998256,thumb_ik,0.0028920203729680127,0.02068014841146383,-0.02257090340032566,0.030748625993118207,False
2.5929999999998254,thumb_ik,0.0028908904348975833,0.020672722577862734,-0.02256906844141474,0.030742178787475698,False
2.5939999999998253,thumb_ik,0.0028897211711367554,0.02066525883944144,-0.022567210544901035,0.03073568615023782,False
2.5949999999998252,thumb_ik,0.002888521964520177,0.020657767114291237,-0.022565334897538824,0.030729159447109702,False
2.595999999999825,thumb_ik,0.002887300562553749,0.02065025570629976,-0.02256344568026213,0.030722608063773308,False
2.596999999999825,thumb_ik,0.0028860633565517962,0.020642731542222917,-0.022561546255594016,0.03071603972952282,False
2.597999999999825,thumb_ik,0.0028848173260062893,0.020635222639146855,-0.022559638300360934,0.030709475160196027,False
2.598999999999825,thumb_ik,0.002883567939973894,0.020627753050888528,-0.02255772289098858,0.030702931814722785,False
2.5999999999998247,thumb_ik,0.002882317319929509,0.020620319650776,-0.022555801648933536,0.030696408970089274,False
2.6009999999998246,thumb_ik,0.0028810671446359987,0.02061291968678995,-0.022553875761261746,0.030689905795886437,False
2.6019999999998245,thumb_ik,0.0028798187262424058,0.020605550749520363,-0.022551946045618023,0.03068342138731504,False
2.6029999999998243,thumb_ik,0.0028785731187417896,0.020598210602536915,-0.022550013150644855,0.030676954808465964,False
2.6039999999998242,thumb_ik,0.002877411507734698,0.02059102143419614,-0.02254814017651077,0.03067064208828938,False
2.604999999999824,thumb_ik,0.002876319657552265,0.020583956653452598,-0.02254631668996093,0.03066445633901974,False
2.605999999999824,thumb_ik,0.0028752858424819505,0.020576993712198302,-0.022544534067970527,0.030658374961007134,False
2.606999999999824,thumb_ik,0.00287430041165887,0.020570113528816936,-0.022542785180786975,0.030652378980300838,False
2.607999999999824,thumb_ik,0.002873278264253709,0.020563185465278397,-0.02254100148516602,0.030646322331032254,False
2.6089999999998237,thumb_ik,0.0028722275586641755,0.020556219674971205,-0.022539189066632898,0.030640217072596714,False
2.6099999999998236,thumb_ik,0.002871155053217278,0.020549224706125177,-0.02253735296177301,0.03063407328263708,False
2.6109999999998235,thumb_ik,0.002870066342823885,0.020542207740288934,-0.022535497338794615,0.03062789937237316,False
2.6119999999998234,thumb_ik,0.002868966055817976,0.02053517479599465,-0.022533625647152517,0.030621702352049262,False
2.6129999999998232,thumb_ik,0.0028678580176685897,0.020528130902696368,-0.022531740741515007,0.0306154880544242,False
2.613999999999823,thumb_ik,0.0028668183920986107,0.020521197278555628,-0.022529905492812658,0.030609391156207987,False
2.614999999999823,thumb_ik,0.002865835889337212,0.020514353815728845,-0.02252811125744338,0.03060339073778049,False
2.615999999999823,thumb_ik,0.00286495077255923,0.020507684648629274,-0.022526391419187348,0.030597571520420534,False
2.616999999999823,thumb_ik,0.0028641454569205,0.020501154719465398,-0.022524732816092397,0.030591898641081534,False
2.6179999999998227,thumb_ik,0.0028633618828088486,0.02049467061651991,-0.022523082840559105,0.03058626530968198,False
2.6189999999998226,thumb_ik,0.002862596958428512,0.020488221295675138,-0.022521439998993285,0.030580662727207452,False
2.6199999999998225,thumb_ik,0.002861848208826581,0.020481798363489373,-0.022519802969703625,0.03057508405822087,False
2.6209999999998224,thumb_ik,0.002861113689028888,0.020475396014622643,-0.02251817053004534,0.030569524325991332,False
2.6219999999998223,thumb_ik,0.0028603917598752776,0.020469009588821627,-0.022516541488651533,0.030563979374050754,False
2.622999999999822,thumb_ik,0.002859724193493951,0.02046270523014343,-0.02251495718587142,0.030558527858524486,False
2.623999999999822,thumb_ik,0.002859054850281151,0.020456388496858935,-0.022513365777910372,0.030553063080832412,False
2.624999999999822,thumb_ik,0.0028583850362293994,0.020450059324503916,-0.022511768436857798,0.03054758598556974,False
2.625999999999822,thumb_ik,0.0028577158473845343,0.020443717834693412,-0.022510166124577135,0.030542097467675892,False
2.6269999999998217,thumb_ik,0.002856981789064947,0.020437262232037026,-0.02250849948728439,0.03053647952291124,False
2.6279999999998216,thumb_ik,0.002856196303943584,0.020430714626517132,-0.022506779377500705,0.03053075622097057,False
2.6289999999998215,thumb_ik,0.002855370519882633,0.020424093746989905,-0.022505014810500417,0.030524947793771736,False
2.6299999999998214,thumb_ik,0.0028545136411832484,0.020417415430332708,-0.02250321327744807,0.03051907123083539,False
2.6309999999998213,thumb_ik,0.0028536332738757497,0.020410693040583475,-0.022501381005034817,0.03051314078216851,False
2.631999999999821,thumb_ik,0.002852735696190517,0.020403937828164187,-0.022499523170740197,0.030507168383161753,False
2.632999999999821,thumb_ik,0.002851892584496765,0.02039732733064116,-0.022497695961182982,0.030501320907604275,False
2.633999999999821,thumb_ik,0.0028510947813783355,0.020390833153380597,-0.022495894175789146,0.030495574644687582,False
2.634999999999821,thumb_ik,0.002850334719956882,0.02038443147253602,-0.02249411350154412,0.030489909752156662,False
2.6359999999998207,thumb_ik,0.0028496061553018592,0.02037810234495553,-0.022492350362417233,0.030484309656732378,False
2.6369999999998206,thumb_ik,0.0028488405419591217,0.020371670041120116,-0.022490549346088348,0.030478609590770638,False
2.6379999999998205,thumb_ik,0.002848046142488306,0.020365154742154293,-0.02248871661506614,0.030472828380286327,False
2.6389999999998204,thumb_ik,0.002847279171469652,0.020358757931940724,-0.02248689680200944,0.03046713887118163,False
2.6399999999998203,thumb_ik,0.002846534920434435,0.020352458015220745,-0.02248508724726515,0.030461524204013525,False
2.64099999999982,thumb_ik,0.002845809492939,0.020346236785989444,-0.02248328575132631,0.030455970206142578,False
2.64199999999982,thumb_ik,0.002845044495566565,0.02033989161993023,-0.02248144619429673,0.030450302006372953,False
2.64299999999982,thumb_ik,0.0028443032551430797,0.020333635461772123,-0.022479619006910003,0.03044470500424144,False
2.64399999999982,thumb_ik,0.0028435814308067353,0.020327453751417868,-0.022477801107697735,0.03043916677583141,False
2.6449999999998197,thumb_ik,0.002842874923970673,0.020321334047440437,-0.022475989180040807,0.03043367616510228,False
2.6459999999998196,thumb_ik,0.0028421808559695866,0.020315265928292733,-0.02247418126159428,0.030428224482120004,False
2.6469999999998195,thumb_ik,0.002841450160805309,0.020309074609438427,-0.022472332241613987,0.030422657130592005,False
2.6479999999998194,thumb_ik,0.0028406904187711357,0.020302784908011573,-0.0224704487122307,0.03041699627519573,False
2.6489999999998193,thumb_ik,0.0028399078567667296,0.020296417831678806,-0.022468536148638887,0.030411260580510423,False
2.649999999999819,thumb_ik,0.002839123656278267,0.02028999333888569,-0.022466577920361826,0.03040545306814806,False
2.650999999999819,thumb_ik,0.002838338880323407,0.020283526377359112,-0.022464581142774356,0.030399589073223862,False
2.651999999999819,thumb_ik,0.0028375545291780685,0.020277029486196016,-0.02246255152077437,0.030393681272816633,False
2.652999999999819,thumb_ik,0.0028368113216506174,0.020270727554178802,-0.022460531216827662,0.030387914646985547,False
2.6539999999998187,thumb_ik,0.0028361356173620816,0.02026462016727963,-0.02245855399767376,0.03038231629469047,False
2.6549999999998186,thumb_ik,0.0028355167631789885,0.02025867338332646,-0.022456612118914848,0.03037685682268595,False
2.6559999999998185,thumb_ik,0.002834946021207596,0.02025285848009023,-0.02245469914964122,0.03037151147800553,False
2.6569999999998184,thumb_ik,0.002834383443936772,0.020247007704372544,-0.022452781806367565,0.03036614004664627,False
2.6579999999998183,thumb_ik,0.002833828300183458,0.02024113068752799,-0.02245086035416202,0.030360749084740842,False
2.658999999999818,thumb_ik,0.002833280025279286,0.02023523550762664,-0.022448935014373592,0.030355344093426603,False
2.659999999999818,thumb_ik,0.00283273818325315,0.020229328923162954,-0.02244700597465141,0.030349929679035728,False
2.660999999999818,thumb_ik,0.002832202436817352,0.020223416571317265,-0.022445073397095536,0.03034450968892313,False
2.661999999999818,thumb_ik,0.002831672524863646,0.020217503139306814,-0.022443137424267536,0.03033908732840371,False
2.6629999999998177,thumb_ik,0.0028311482439712515,0.0202115925080857,-0.02244119818433801,0.03033366525893274,False
2.6639999999998176,thumb_ik,0.002830629434370374,0.020205687875521086,-0.022439255794966226,0.030328245682030953,False
2.6649999999998175,thumb_ik,0.0028301166441314363,0.020199792225006813,-0.022437310346703366,0.030322830701422276,False
2.6659999999998174,thumb_ik,0.0028296110570911054,0.020193908367429472,-0.022435361900809633,0.030317422342719884,False
2.6669999999998173,thumb_ik,0.0028291136502751474,0.02018803855579175,-0.02243341050990658,0.030312022233468596,False
2.667999999999817,thumb_ik,0.002828625227572615,0.02018218457266771,-0.022431456221474817,0.030306631667330303,False
2.668999999999817,thumb_ik,0.002828146448003263,0.020176347804731654,-0.022429499080426445,0.030301251658433254,False
2.669999999999817,thumb_ik,0.002827684440182124,0.020170534719819763,-0.02242752370348069,0.030295875786101496,False
2.670999999999817,thumb_ik,0.0028272383034717297,0.020164744840651783,-0.022425533112307005,0.030290505876996977,False
2.6719999999998167,thumb_ik,0.002826807496970979,0.020158978190872937,-0.022423529676833285,0.030285143643259235,False
2.6729999999998166,thumb_ik,0.002826382152380222,0.020153222302610282,-0.022421496151888137,0.03027976708858337,False
2.6739999999998165,thumb_ik,0.002825964077817031,0.020147480132370693,-0.022419438257087528,0.030274382576969988,False
2.6749999999998164,thumb_ik,0.0028255998322571224,0.02014194649788638,-0.022417403841753242,0.030269159521533164,False
2.6759999999998163,thumb_ik,0.002825279407635689,0.020136585328166118,-0.022415388468536347,0.03026406966363112,False
2.676999999999816,thumb_ik,0.0028249945382651104,0.02013136606646647,-0.02241338843363205,0.030259089129056352,False
2.677999999999816,thumb_ik,0.002824738387630657,0.02012626288214639,-0.02241140063476495,0.030254197774387617,False
2.678999999999816,thumb_ik,0.002824505318633569,0.02012125397904571,-0.02240942247835825,0.030249378634904227,False
2.679999999999816,thumb_ik,0.002824252993449003,0.020116132682095708,-0.022407409598972968,0.03024445740943009,False
2.6809999999998158,thumb_ik,0.002823986649339985,0.020110920812537597,-0.022405367867695935,0.030239453464151595,False
2.6819999999998156,thumb_ik,0.0028237106479148816,0.02010563681577611,-0.022403302211041375,0.030234383134939116,False
2.6829999999998155,thumb_ik,0.002823428729059302,0.020100296377732793,-0.022401216585424304,0.030229260142581465,False
2.6839999999998154,thumb_ik,0.00282314388290332,0.020094912596748046,-0.022399114495957394,0.0302240960800737,False
2.6849999999998153,thumb_ik,0.0028228585874816164,0.02008949648640701,-0.022396998890740396,0.030218900691357138,False
2.685999999999815,thumb_ik,0.0028225748918998123,0.020084057285261414,-0.022394872251957017,0.0302136821529505,False
2.686999999999815,thumb_ik,0.002822294485957444,0.020078602720484548,-0.022392736672172595,0.030208447312660387,False
2.687999999999815,thumb_ik,0.00282201875865222,0.020073139232960516,-0.02239059391805737,0.03020320189223903,False
2.688999999999815,thumb_ik,0.0028217488473331054,0.020067672169488293,-0.02238844548360174,0.030197950659468398,False
2.6899999999998148,thumb_ik,0.0028214850291384264,0.0200622064864803,-0.02238629234952662,0.030192697660763913,False
2.6909999999998147,thumb_ik,0.0028212269988610594,0.02005674667690492,-0.022384135128902905,0.030187446306529878,False
2.6919999999998145,thumb_ik,0.0028209744800987008,0.02005129639817685,-0.02238197435442402,0.03018219939412969,False
2.6929999999998144,thumb_ik,0.0028207669462664564,0.02004607769986655,-0.022379847959533895,0.030177136245941063,False
2.6939999999998143,thumb_ik,0.002820597046217191,0.020041049054079066,-0.022377749773612978,0.030172223978612654,False
2.694999999999814,thumb_ik,0.0028204586664157955,0.0200361753510582,-0.022375674637094733,0.0301674348470737,False
2.695999999999814,thumb_ik,0.0028203467324904447,0.020031426963396784,-0.022373618237039202,0.030162745480114078,False
2.696999999999814,thumb_ik,0.002820257041995733,0.02002677894506119,-0.022371576969757594,0.03015813622906862,False
2.697999999999814,thumb_ik,0.002820140621737341,0.02002199321050553,-0.02236950982062311,0.03015341398354184,False
2.6989999999998138,thumb_ik,0.0028200030560526224,0.02001709608008928,-0.02236742106197338,0.030148599929006356,False
2.6999999999998137,thumb_ik,0.0028198490204487114,0.020012109832870828,-0.022365314307763454,0.030143711990165703,False
2.7009999999998136,thumb_ik,0.0028196823731393428,0.020007053413784573,-0.02236319251473882,0.030138765310455107,False
2.7019999999998134,thumb_ik,0.002819507303356422,0.020001943722228785,-0.02236105794852244,0.030133773190194196,False
2.7029999999998133,thumb_ik,0.002819327807393468,0.01999679519086442,-0.022358912575715654,0.030128747049278634,False
2.703999999999813,thumb_ik,0.002819147566144098,0.0199916205885229,-0.02235675787889675,0.03012369681182508,False
2.704999999999813,thumb_ik,0.002818969677073971,0.019986442450857067,-0.022354593744991876,0.030118637641588536,False
2.705999999999813,thumb_ik,0.0028187961845046183,0.01998126687598452,-0.02235242167095242,0.030113574886671247,False
2.706999999999813,thumb_ik,0.002818628772467885,0.01997609883237672,-0.02235024292115149,0.030108512938243043,False
2.707999999999813,thumb_ik,0.0028184687586209067,0.019970942534865102,-0.02234805839182714,0.030103455379054442,False
2.7089999999998127,thumb_ik,0.002818316976575086,0.019965800751172547,-0.022345868918494296,0.03009840474075832,False
2.7099999999998126,thumb_ik,0.0028181590256334405,0.019960652604431417,-0.02234364641853689,0.030093324973574295,False
2.7109999999998124,thumb_ik,0.0028180615145808607,0.019955769023692713,-0.022341461250022464,0.03008845424433084,False
2.7119999999998123,thumb_ik,0.0028180145723720185,0.019951103268074186,-0.022339307550390906,0.03008375624110815,False
2.7129999999998122,thumb_ik,0.002818009966372964,0.019946615734480116,-0.02233718038059242,0.030079200235124438,False
2.713999999999812,thumb_ik,0.002818041088300527,0.019942273741140895,-0.02233507535911827,0.03007476066138249,False
2.714999999999812,thumb_ik,0.002818043679017987,0.019937804528204997,-0.022332925102910402,0.03007020058519681,False
2.715999999999812,thumb_ik,0.0028180249758146675,0.019933234504414726,-0.02233073757659804,0.03006554412092342,False
2.716999999999812,thumb_ik,0.002817991033418399,0.019928585909741545,-0.022328519528360413,0.030060811601730717,False
2.7179999999998117,thumb_ik,0.0028179469070573754,0.019923877435551796,-0.022326276675866136,0.030056020146473295,False
2.7189999999998116,thumb_ik,0.002817898348166592,0.019919124516578873,-0.022324012421592026,0.030051183058358428,False
2.7199999999998115,thumb_ik,0.0028178485582036478,0.019914340220930735,-0.022321731169527455,0.03004631257470047,False
2.7209999999998113,thumb_ik,0.0028178002082681897,0.01990953546306727,-0.02231943664874939,0.030041418952612524,False
2.7219999999998112,thumb_ik,0.002817755437547989,0.01990471897743082,-0.022317131821013424,0.030036510383079053,False
2.722999999999811,thumb_ik,0.0028177161083159374,0.019899898349890144,-0.022314819388224234,0.030031594075774465,False
2.723999999999811,thumb_ik,0.002817683756287312,0.019895079828766274,-0.02231250164206718,0.030026676017679325,False
2.724999999999811,thumb_ik,0.002817659639017492,0.019890268522796198,-0.022310180527915165,0.03002176115650863,False
2.725999999999811,thumb_ik,0.0028176447778355818,0.019885468571334858,-0.022307857698308235,0.030016853557353083,False
2.7269999999998107,thumb_ik,0.0028176399937827196,0.019880683290313478,-0.022305534557910626,0.030011956536328294,False
2.7279999999998106,thumb_ik,0.002817646112336064,0.019875915123704166,-0.022303212076383336,0.030007072508713442,False
2.7289999999998105,thumb_ik,0.002817663855669658,0.0198711658181029,-0.022300891093364434,0.030002203321292747,False
2.7299999999998104,thumb_ik,0.0028176934971702178,0.019866437097047718,-0.022298572408592624,0.02999735073362642,False
2.7309999999998102,thumb_ik,0.002817735230149651,0.019861730282641557,-0.02229625667374673,0.029992516121679802,False
2.73199999999981,thumb_ik,0.002817789188845038,0.01985704632242906,-0.022293944444139877,0.029987700536090803,False
2.73299999999981,thumb_ik,0.002817855382343415,0.01985238578414146,-0.02229163620161134,0.0299829047095703,False
2.73399999999981,thumb_ik,0.0028179824814952292,0.01984801156607903,-0.022289392810518987,0.029978352527362747,False
2.73499999999981,thumb_ik,0.0028181598284761494,0.01984386975592367,-0.02228720399780938,0.029973999628826135,False
2.7359999999998097,thumb_ik,0.002818378582267189,0.01983991482508496,-0.022285061107006236,0.02996980858535153,False
2.7369999999998096,thumb_ik,0.002818631423109244,0.019836108410035927,-0.0222829568460827,0.02996574787584019,False
2.7379999999998095,thumb_ik,0.0028189123042506176,0.01983241826810403,-0.02228088507504777,0.029961791012347184,False
2.7389999999998094,thumb_ik,0.0028191721407150316,0.019828568203918012,-0.022278782388848183,0.02995770340506869,False
2.7399999999998093,thumb_ik,0.002819416828475696,0.01982458733306275,-0.022276654669900118,0.029953509267878892,False
2.740999999999809,thumb_ik,0.002819651326406783,0.01982050038233349,-0.022274506918851796,0.02994922916347875,False
2.741999999999809,thumb_ik,0.0028198797972056183,0.01981632832304453,-0.022272343387649694,0.029944880534989088,False
2.742999999999809,thumb_ik,0.0028201057275336477,0.019812088913109746,-0.022270167692248755,0.02994047816011485,False
2.743999999999809,thumb_ik,0.0028203320304115986,0.019807797161240065,-0.022267982908090834,0.029936034539290956,False
2.7449999999998087,thumb_ik,0.0028205611324672863,0.019803465724615388,-0.022265791650995587,0.029931560227518153,False
2.7459999999998086,thumb_ik,0.0028207950482596333,0.019799105249708127,-0.022263596145709923,0.02992706411816194,False
2.7469999999998085,thumb_ik,0.0028210354435893314,0.019794724664500205,-0.022261398284010605,0.029922553685751994,False
2.7479999999998084,thumb_ik,0.0028212836893644205,0.019790331429095975,-0.022259199673991027,0.029918035193774672,False
2.7489999999998083,thumb_ik,0.0028215409074909548,0.01978593175074199,-0.02225700168186159,0.02991351387256359,False
2.749999999999808,thumb_ik,0.0028218002225035427,0.019781531177165856,-0.022254802299504158,0.02990899125010607,False
2.750999999999808,thumb_ik,0.002822063641919434,0.019777133858169232,-0.022252603063391715,0.02990447140378605,False
2.751999999999808,thumb_ik,0.0028223328117618768,0.019772743190062336,-0.02225040526435237,0.029899957695428667,False
2.752999999999808,thumb_ik,0.0028226090764925937,0.01976836192784924,-0.022248209985615854,0.02989545287954666,False
2.7539999999998077,thumb_ik,0.0028228935291116225,0.01976399228171158,-0.022246018135378572,0.029890959196182506,False
2.7549999999998076,thumb_ik,0.0028231870532892667,0.01975963600006128,-0.022243830473658983,0.02988647844985518,False
2.7559999999998075,thumb_ik,0.0028234903637388564,0.01975529448760259,-0.022241647670441362,0.02988201213476223,False
2.7569999999998074,thumb_ik,0.0028238040244833312,0.0197509687655872,-0.022239470248994902,0.02987756136808723,False
2.7579999999998073,thumb_ik,0.0028241284799242483,0.019746659579966033,-0.02223729864337198,0.02987312700727356,False
2.758999999999807,thumb_ik,0.0028244640755180628,0.01974236744648565,-0.02223513321207558,0.029868709691995315,False
2.759999999999807,thumb_ik,0.0028248110750682814,0.019738092689335074,-0.02223297424962781,0.029864309879975872,False
2.760999999999807,thumb_ik,0.002825169675175085,0.019733835474222097,-0.022230821996374713,0.029859927877536697,False
2.761999999999807,thumb_ik,0.0028255400172982337,0.019729595836638525,-0.022228676646807975,0.029855563865631547,False
2.7629999999998067,thumb_ik,0.0028259221978158555,0.01972537370597144,-0.02222653835663835,0.029851217922012053,False
2.7639999999998066,thumb_ik,0.0028263163502688093,0.019721168974205713,-0.02222440724701844,0.029846890077565812,False
2.7649999999998065,thumb_ik,0.002826722490458025,0.01971698140629881,-0.022222283413485523,0.02984258024909488,False
2.7659999999998064,thumb_ik,0.002827140612677609,0.019712810715675905,-0.022220166928264996,0.029838288300032885,False
2.7669999999998063,thumb_ik,0.0028275706940914386,0.019708656576386943,-0.022218057844029675,0.02983401405169431,False
2.767999999999806,thumb_ik,0.0028280126983449283,0.019704518633333043,-0.022215956197115232,0.02982975729276911,False
2.768999999999806,thumb_ik,0.0028284665784868435,0.01970039651085348,-0.022213862010248418,0.029825517787304596,False
2.769999999999806,thumb_ik,0.0028289322795146815,0.01969628981981339,-0.022211775294959105,0.029821295281424652,False
2.770999999999806,thumb_ik,0.0028294097403042673,0.01969219816354445,-0.022209696053570507,0.029817089508917826,False
2.7719999999998057,thumb_ik,0.002829898895227362,0.019688121142708667,-0.022207624280931152,0.029812900195891442,False
2.7729999999998056,thumb_ik,0.0028303996754614064,0.01968405835926562,-0.022205559965898073,0.029808727064618543,False
2.7739999999998055,thumb_ik,0.0028309120100414725,0.019680009419675945,-0.02220350309260614,0.02980456983669621,False
2.7749999999998054,thumb_ik,0.0028314358267005485,0.01967597393745525,-0.022201453641552852,0.02980042823561705,False
2.7759999999998053,thumb_ik,0.002831971052534188,0.019671951535177923,-0.022199411590523393,0.029796301988841582,False
2.776999999999805,thumb_ik,0.0028325176145215236,0.01966794184601614,-0.02219737691537686,0.029792190829446445,False
2.777999999999805,thumb_ik,0.0028330756489971243,0.01966394776059939,-0.022195349543187182,0.029788096624470347,False
2.778999999999805,thumb_ik,0.0028336449314778217,0.01965996839592664,-0.0221933293657722,0.02978401868895752,False
2.779999999999805,thumb_ik,0.0028342252636128495,0.01965600295859471,-0.02219131628702439,0.029779956408697766,False
2.7809999999998047,thumb_ik,0.002834816469295856,0.01965205073486867,-0.022189310221562227,0.02977590923228322,False
2.7819999999998046,thumb_ik,0.0028354184603417015,0.019648111347264297,-0.022187311335965795,0.029771877026462723,False
2.7829999999998045,thumb_ik,0.002836031088716967,0.019644184168683826,-0.022185319515167178,0.029767859277741067,False
2.7839999999998044,thumb_ik,0.002836653975231959,0.0196402695653269,-0.022183334682852048,0.029763856135005956,False
2.7849999999998043,thumb_ik,0.00283728705006929,0.019636366905740582,-0.02218135679015736,0.02975986713870905,False
2.785999999999804,thumb_ik,0.002837930232233804,0.019632475610112,-0.022179385794358557,0.029755891866984317,False
2.786999999999804,thumb_ik,0.0028385834344940575,0.019628595147899275,-0.0221774216566589,0.029751929932896156,False
2.787999999999804,thumb_ik,0.002839276299518745,0.01962500001306096,-0.022175516118293697,0.029748203820236862,False
2.788999999999804,thumb_ik,0.0028400011677107984,0.019621634248482622,-0.022173659600025642,0.029744668720152762,False
2.7899999999998037,thumb_ik,0.0028407517113283737,0.01961845062707919,-0.0221718440414598,0.029741286849956163,False
2.7909999999998036,thumb_ik,0.002841522655389714,0.019615409459923655,-0.02217006242660582,0.029738026284223278,False
2.7919999999998035,thumb_ik,0.0028423096525366093,0.0196124774653893,-0.022168308776319045,0.02973486018957429,False
2.7929999999998034,thumb_ik,0.0028430823960892276,0.019609368477208414,-0.022166528296051393,0.029731556069024282,False
2.7939999999998033,thumb_ik,0.002843844416367994,0.019606112162461414,-0.022164725444274395,0.029728137163495285,False
2.794999999999803,thumb_ik,0.0028445987324024896,0.019602733843293113,-0.02216290410879616,0.029724623372131543,False
2.795999999999803,thumb_ik,0.002845347918611865,0.019599255120088838,-0.022161067676081985,0.02972103172139492,False
2.796999999999803,thumb_ik,0.002846094163552776,0.01959569440404972,-0.022159219093073914,0.029717376768139653,False
2.797999999999803,thumb_ik,0.002846839321612657,0.019592067371093425,-0.02215736092032743,0.029713670943695206,False
2.7989999999998028,thumb_ik,0.002847584958673044,0.019588387343236174,-0.02215549537113452,0.029709924839115283,False
2.7999999999998026,thumb_ik,0.00284833239167942,0.019584665622387587,-0.022153624354134243,0.029706147461061157,False
2.8009999999998025,thumb_ik,0.002849082723113003,0.019580911777869817,-0.022151749512325413,0.02970234645398695,False
2.8019999999998024,thumb_ik,0.002849837973312827,0.01957713172064772,-0.02214987231883347,0.029698527010987467,False
2.8029999999998023,thumb_ik,0.002850598680280439,0.019573332564905607,-0.022147993967275074,0.02969469476702638,False
2.803999999999802,thumb_ik,0.0028513969962633834,0.019569556732952534,-0.022146085809239,0.029690859405290457,False
2.804999999999802,thumb_ik,0.002852227379209052,0.019565804140646653,-0.022144153401813086,0.0296870244816803,False
2.805999999999802,thumb_ik,0.002853085887053894,0.019562073646172448,-0.022142201566591958,0.029683192460258856,False
2.806999999999802,thumb_ik,0.0028539690927784217,0.019558364157999206,-0.022140234464990523,0.02967936539557739,False
2.8079999999998018,thumb_ik,0.0028548740169866277,0.01955467463203185,-0.022138255685646684,0.029675544989444812,False
2.8089999999998017,thumb_ik,0.002855798069601692,0.019551004069131864,-0.022136268319852857,0.029671732639906162,False
2.8099999999998015,thumb_ik,0.0028567389994243186,0.01954735151301927,-0.022134275026682016,0.02966792948355459,False
2.8109999999998014,thumb_ik,0.0028576948504705213,0.019543716048535775,-0.02213227808925051,0.029664136432131626,False
2.8119999999998013,thumb_ik,0.0028586639241554718,0.01954009680023122,-0.022130279463363763,0.029660354204227808,False
2.812999999999801,thumb_ik,0.002859644746509196,0.01953649293121676,-0.022128280819621742,0.029656583352769408,False
2.813999999999801,thumb_ik,0.0028606360397360753,0.019532903642239405,-0.02212628357990838,0.029652824288883,False
2.814999999999801,thumb_ik,0.002861636697512035,0.01952932817091703,-0.022124288949062088,0.029649077302633078,False
2.815999999999801,thumb_ik,0.0028626457635033548,0.01952576579108456,-0.022122297942410062,0.02964534258105904,False
2.8169999999998008,thumb_ik,0.0028636624126783805,0.019522215812200178,-0.022120311409760552,0.02964162022387927,False
2.8179999999998007,thumb_ik,0.002864685935349623,0.019518677578672303,-0.0221183300565703,0.02963791025729945,False
2.8189999999998006,thumb_ik,0.0028657455362325612,0.019515182442093534,-0.022116324799297437,0.029634214446390365,False
2.8199999999998004,thumb_ik,0.0028668358317133907,0.019511724233643127,-0.02211430069336012,0.029630531979903434,False
2.8209999999998003,thumb_ik,0.0028679521797032315,0.01950829760646014,-0.022112262076142235,0.029626862124283112,False
2.8219999999998002,thumb_ik,0.002869090586553852,0.01950489792818401,-0.022110212651259394,0.029623204206612082,False
2.8229999999998,thumb_ik,0.0028702476219810424,0.01950152119581028,-0.022108155593611425,0.02961955762859158,False
2.8239999999998,thumb_ik,0.0028714203448330783,0.019498163950732034,-0.022106093608581578,0.02961592184750829,False
2.8249999999998,thumb_ik,0.002872606238666503,0.019494823207876183,-0.022104028994389836,0.029612296369812323,False
2.8259999999998,thumb_ik,0.0028738236825694013,0.019491780264863284,-0.022102010135347346,0.029608904276842252,False
2.8269999999997997,thumb_ik,0.002875065754616546,0.01948897481952236,-0.02210003030734407,0.02960570016390208,False
2.8279999999997996,thumb_ik,0.002876326639241547,0.019486356021148926,-0.022098083657410648,0.029602645612318117,False
2.8289999999997995,thumb_ik,0.0028776014715106574,0.019483881093945,-0.022096165107441553,0.02959970819395261,False
2.8299999999997993,thumb_ik,0.0028788862054402314,0.01948151417063307,-0.022094270264512005,0.029596860622129344,False
2.8309999999997992,thumb_ik,0.002880177502958617,0.019479225308833947,-0.022092395337781425,0.02959408003033195,False
2.831999999999799,thumb_ik,0.002881451192008583,0.019476716585611856,-0.02209049132747885,0.02959113139130699,False
2.832999999999799,thumb_ik,0.0028827105363702227,0.0194740234323897,-0.02208856366743314,0.02958804240858138,False
2.833999999999799,thumb_ik,0.0028839583763854287,0.019471176153647102,-0.022086617098319963,0.02958483685219303,False
2.834999999999799,thumb_ik,0.0028851971786279518,0.01946820065228047,-0.02208465574319404,0.029581535096955498,False
2.8359999999997987,thumb_ik,0.0028864290695913425,0.019465119034143122,-0.022082683178171175,0.02957815457621768,False
2.8369999999997986,thumb_ik,0.002887655889644014,0.01946195015644621,-0.022080702493767448,0.029574710193800046,False
2.8379999999997985,thumb_ik,0.0028888792285475667,0.01945871008611323,-0.022078716351575756,0.029571214671465174,False
2.8389999999997984,thumb_ik,0.0028901004459577495,0.019455412476320127,-0.02207672703660488,0.029567678837883755,False
2.8399999999997982,thumb_ik,0.0028913207132012786,0.01945206891993788,-0.022074736501535557,0.029564111898462742,False
2.840999999999798,thumb_ik,0.002892541034000551,0.019448689235566613,-0.0220727464076937,0.029560521656313454,False
2.841999999999798,thumb_ik,0.0028937496176710126,0.019445284914955396,-0.02207074587478033,0.02955690639669003,False
2.842999999999798,thumb_ik,0.0028949494175540547,0.01944186237443961,-0.022068738168453176,0.029553273068555184,False
2.843999999999798,thumb_ik,0.002896142894159584,0.019438427005812803,-0.022066726023757113,0.02954962750241131,False
2.8449999999997977,thumb_ik,0.0028973321001961733,0.019434983323605645,-0.022064711723972372,0.02954597457437579,False
2.8459999999997976,thumb_ik,0.002898518744056458,0.019431535082553894,-0.02206269716854532,0.02954231834039277,False
2.8469999999997975,thumb_ik,0.0028997042542486112,0.0194280853955745,-0.02206068392957412,0.02953866216233248,False
2.8479999999997974,thumb_ik,0.0029008898256935173,0.019424636827648667,-0.022058673300603873,0.02953500881072547,False
2.8489999999997973,thumb_ik,0.0029020764506096502,0.019421191464535414,-0.02205666633909951,0.02953136054471063,False
2.849999999999797,thumb_ik,0.002903264956269136,0.019417750987308982,-0.022054663901515472,0.029527719190961043,False
2.850999999999797,thumb_ik,0.0029044560288289806,0.01941431672670582,-0.02205266667388908,0.029524086204621276,False
2.851999999999797,thumb_ik,0.0029056502446068028,0.019410889726383163,-0.022050675196878398,0.029520462732687967,False
2.852999999999797,thumb_ik,0.002906848084615485,0.019407470783029596,-0.02204868988807181,0.029516849658483883,False
2.8539999999997967,thumb_ik,0.0029080499545899308,0.01940406049146054,-0.0220467110604436,0.02951324764707091,False
2.8549999999997966,thumb_ik,0.002909256189635709,0.019400659266315165,-0.022044738939105395,0.029509657172490225,False
2.8559999999997965,thumb_ik,0.0029104670703233027,0.019397267376045746,-0.022042773674828677,0.029506078551799545,False
2.8569999999997964,thumb_ik,0.002911682831889098,0.019393884967646963,-0.022040815355848665,0.02950251197105858,False
2.8579999999997963,thumb_ik,0.0029129036722381485,0.019390512088391196,-0.0220388640179662,0.029498957507955916,False
2.858999999999796,thumb_ik,0.0029141297583533954,0.019387148704194584,-0.022036919653231932,0.029495415151003967,False
2.859999999999796,thumb_ik,0.002915361231614247,0.019383794715314942,-0.022034982217407528,0.029491884815958047,False
2.860999999999796,thumb_ik,0.002916598211616675,0.019380449969620003,-0.022033051636986777,0.029488366360161007,False
2.861999999999796,thumb_ik,0.0029178408010669815,0.019377114274176044,-0.022031127813397337,0.029484859593783008,False
2.8629999999997957,thumb_ik,0.0029190890881001103,0.01937378740473926,-0.022029210628470918,0.02948136429037562,False
2.8639999999997956,thumb_ik,0.002920343148754931,0.019370469113861644,-0.02202729994851726,0.029477880195487197,False
2.8649999999997955,thumb_ik,0.002921603049007515,0.019367159137688966,-0.02202539562782332,0.029474407033945195,False
2.8659999999997954,thumb_ik,0.0029228688464361247,0.019363857201630474,-0.022023497511654288,0.029470944515988046,False
2.8669999999997953,thumb_ik,0.0029241405915814422,0.01936056302505608,-0.022021605438822794,0.02946749234240492,False
2.867999999999795,thumb_ik,0.00292541832905506,0.019357276325157963,-0.02201971924388169,0.029464050208819998,False
2.868999999999795,thumb_ik,0.0029267020984553027,0.01935399682010404,-0.022017838758984453,0.029460617809243885,False
2.869999999999795,thumb_ik,0.002927991935062449,0.019350724231555205,-0.02201596381547637,0.02945719483898379,False
2.870999999999795,thumb_ik,0.0029292878704479525,0.01934745828668344,-0.02201409424521771,0.029453780997016947,False
2.8719999999997947,thumb_ik,0.0029305899329501867,0.01934419871973972,-0.022012229881694687,0.02945037598789634,False
2.8729999999997946,thumb_ik,0.0029318981481004647,0.019340945273314966,-0.022010370560939022,0.029446979523306813,False
2.8739999999997945,thumb_ik,0.002933212538834981,0.019337697699090828,-0.02200851612227894,0.02944359132313878,False
2.8749999999997944,thumb_ik,0.0029345331257993185,0.019334455758512073,-0.02200666640894682,0.02944021111641257,False
2.8759999999997943,thumb_ik,0.0029358599275482594,0.019331219223183815,-0.0220048212685568,0.0294368386419144,False
2.876999999999794,thumb_ik,0.002937192960708407,0.019327987875087077,-0.022002980553470927,0.029433473648626116,False
2.877999999999794,thumb_ik,0.0029385322401103975,0.019324761506646707,-0.022001144121069495,0.029430115895983374,False
2.878999999999794,thumb_ik,0.0029398777788988556,0.019321539920678615,-0.02199931183393619,0.029426765153988736,False
2.879999999999794,thumb_ik,0.0029412295886237366,0.019318322930241535,-0.021997483559972483,0.02942342120320734,False
2.8809999999997937,thumb_ik,0.002942587679318584,0.019315110358412726,-0.021995659172449132,0.02942008383466447,False
2.8819999999997936,thumb_ik,0.0029439520595680863,0.01931190203800559,-0.02199383855000575,0.029416752849665082,False
2.8829999999997935,thumb_ik,0.0029453227365685425,0.019308697811242975,-0.021992021576605687,0.029413428059550235,False
2.8839999999997934,thumb_ik,0.002946699716182208,0.019305497529399127,-0.021990208141454,0.0294101092854048,False
2.8849999999997933,thumb_ik,0.002948083003009999,0.019302301052454507,-0.02198839813888602,0.029406796357753576,False
2.885999999999793,thumb_ik,0.002949472600388789,0.019299108248635663,-0.02198659146822686,0.02940348911615265,False
2.886999999999793,thumb_ik,0.002950868510466012,0.019295918994045244,-0.02198478803363694,0.029400187408837413,False
2.887999999999793,thumb_ik,0.002952270734243284,0.019292733172261337,-0.021982987743939787,0.029396891092334055,False
2.888999999999793,thumb_ik,0.002953679271618853,0.01928955067393978,-0.021981190512438624,0.029393600031064643,False
2.8899999999997927,thumb_ik,0.0029550941214294135,0.01928637139642389,-0.021979396256725806,0.02939031409695168,False
2.8909999999997926,thumb_ik,0.0029565152814910733,0.019283195243362458,-0.021977604898486346,0.029387033169023677,False
2.8919999999997925,thumb_ik,0.0029579428705648753,0.019280022314534642,-0.0219758163732442,0.029383757277533912,False
2.8929999999997924,thumb_ik,0.002959376854305057,0.019276852544247533,-0.02197403060467361,0.029380486319895923,False
2.8939999999997923,thumb_ik,0.0029608172043969205,0.01927368586268388,-0.021972247521898608,0.029377220195499317,False
2.894999999999792,thumb_ik,0.0029622638970828313,0.019270522197941634,-0.02197046705876078,0.029373958806354555,False
2.895999999999792,thumb_ik,0.002963716912003367,0.019267361477582318,-0.021968689153222455,0.029370702057547618,False
2.896999999999792,thumb_ik,0.0029651762312904867,0.01926420362978841,-0.02196691374687751,0.029367449857543283,False
2.897999999999792,thumb_ik,0.0029666418434789316,0.019261048591394117,-0.02196514078504795,0.029364202123921268,False
2.8989999999997917,thumb_ik,0.002968149938509107,0.019258222785304605,-0.021963412169855798,0.029361207963039718,False
2.8999999999997916,thumb_ik,0.0029696925385445244,0.01925566037456458,-0.02196171967153024,0.029358417211507535,False
2.9009999999997915,thumb_ik,0.002971262950694567,0.01925330581451648,-0.02196005611039859,0.02935578737968578,False
2.9019999999997914,thumb_ik,0.002972855580345171,0.019251112369174705,-0.021958415254506633,0.029353282580344066,False
2.9029999999997913,thumb_ik,0.002974465771945864,0.019249040845051926,-0.02195679172270923,0.029350872607767343,False
2.903999999999791,thumb_ik,0.0029760896588697516,0.019247058485577256,-0.021955180905717096,0.029348532137189205,False
2.904999999999791,thumb_ik,0.0029777240712457326,0.019245138067944492,-0.021953578857924344,0.029346240041440153,False
2.905999999999791,thumb_ik,0.0029793360191226193,0.019242920796514976,-0.021951920354669335,0.029343708885441456,False
2.906999999999791,thumb_ik,0.0029809300901583458,0.019240455461079997,-0.02195021297787983,0.02934097681275282,False
2.9079999999997908,thumb_ik,0.002982502866490308,0.019237815433570185,-0.02194848214455463,0.029338110614941917,False
2.9089999999997906,thumb_ik,0.0029840597532047736,0.019235032133215757,-0.021946731180439896,0.0293351339400902,False
2.9099999999997905,thumb_ik,0.002985608637266643,0.019232131451254297,-0.021944964327517344,0.029332067748954464,False
2.9109999999997904,thumb_ik,0.002987152982048935,0.019229135949601794,-0.021943184344535765,0.029328929259090104,False
2.9119999999997903,thumb_ik,0.002988695646831782,0.019226064679164573,-0.02194139375278422,0.029325733145678202,False
2.91299999999979,thumb_ik,0.0029902389839422117,0.019222933687546462,-0.02193959483017207,0.02932249187993765,False
2.91399999999979,thumb_ik,0.002991792799955942,0.0192197255877221,-0.021937770821046566,0.029319182533317157,False
2.91499999999979,thumb_ik,0.002993357239618591,0.019216456609512905,-0.02193592595802934,0.029315818934926834,False
2.91599999999979,thumb_ik,0.0029949248326615746,0.019213171640562285,-0.02193408255493414,0.02931244644804773,False
2.9169999999997898,thumb_ik,0.002996508299373077,0.019209882593899788,-0.02193222597538709,0.029309063231278305,False
2.9179999999997897,thumb_ik,0.002998116349467339,0.01920659827854279,-0.021930346397459978,0.029305668601669065,False
2.9189999999997895,thumb_ik,0.0029997473328142316,0.01920332205937965,-0.02192844862696649,0.029302268194842725,False
2.9199999999997894,thumb_ik,0.0030013912029214773,0.019200052625692035,-0.021926549355233478,0.02929887261670332,False
2.9209999999997893,thumb_ik,0.0030030559184225786,0.01919676180289792,-0.021924630831694374,0.029295450938199553,False
2.921999999999789,thumb_ik,0.003004748520490319,0.019193460060852874,-0.02192268357604899,0.029292003652097807,False
2.922999999999789,thumb_ik,0.003006456906882851,0.019190261706632322,-0.02192076964425775,0.029288650861700585,False
2.923999999999789,thumb_ik,0.0030081830632177065,0.019187153684681893,-0.021918880459434603,0.029285377792618892,False
2.924999999999789,thumb_ik,0.0030099252713854524,0.019184121042511562,-0.021917012468081074,0.029282171808782915,False
2.9259999999997888,thumb_ik,0.003011689018381697,0.019181120337167568,-0.021915142837414546,0.029278987921658534,False
2.9269999999997887,thumb_ik,0.00301347155539107,0.019178145346774644,-0.02191327152420143,0.029275821741678615,False
2.9279999999997885,thumb_ik,0.0030152638177274316,0.01917522163249405,-0.021911418140226416,0.029272703760698418,False
2.9289999999997884,thumb_ik,0.0030170656029131215,0.01917234036848349,-0.021909579886625757,0.02926962608004583,False
2.9299999999997883,thumb_ik,0.003018876389487793,0.019169429242221564,-0.021907720540573182,0.029266514165704773,False
2.930999999999788,thumb_ik,0.0030206966203869534,0.019166495423146454,-0.021905843971614117,0.029263375659458937,False
2.931999999999788,thumb_ik,0.0030224813415178214,0.01916345308140255,-0.021903993113693856,0.02926018184816506,False
2.932999999999788,thumb_ik,0.003024237981253744,0.019160322574891697,-0.021902163918552403,0.029256943805809604,False
2.933999999999788,thumb_ik,0.003025964381566104,0.019157149817033134,-0.021900371877389503,0.029253702977891746,False
2.934999999999788,thumb_ik,0.00302773037200528,0.019153978322663884,-0.02189853195672376,0.029250431426737847,False
2.9359999999997877,thumb_ik,0.003029524037522338,0.019150841153376133,-0.021896670479446045,0.02924716927945702,False
2.9369999999997876,thumb_ik,0.003031343359113911,0.019147735852512573,-0.02189479104062793,0.029243917411167754,False
2.9379999999997874,thumb_ik,0.0030331863765490213,0.019144659857617,-0.021892896832955887,0.029240676332759206,False
2.9389999999997873,thumb_ik,0.0030350589330988414,0.01914158026829424,-0.021890971514315134,0.02923741287692006,False
2.9399999999997872,thumb_ik,0.003036957832152229,0.019138499510261697,-0.021889020015432942,0.02923413199694121,False
2.940999999999787,thumb_ik,0.0030388728784404295,0.01913545022275341,-0.021887065588686437,0.02923087141503408,False
2.941999999999787,thumb_ik,0.003040802911314769,0.019132429300074597,-0.021885109404488068,0.02922762985454389,False
2.942999999999787,thumb_ik,0.0030427549953083166,0.019129403793156044,-0.021883133164849758,0.02922437278289534,False
2.943999999999787,thumb_ik,0.0030447270030858065,0.019126375998341022,-0.02188114015658099,0.0292211039474072,False
2.9449999999997867,thumb_ik,0.003046709668668185,0.019123378306136404,-0.021879152230809107,0.029217859948731422,False
2.9459999999997866,thumb_ik,0.003048703142495071,0.01912040781936397,-0.021877169146953188,0.02921463872640315,False
2.9469999999997865,thumb_ik,0.003050583144009744,0.01911731098530106,-0.02187532153645791,0.02921142463404769,False
2.9479999999997863,thumb_ik,0.0030525020869504593,0.019114232069752546,-0.02187343765358802,0.029208199386346907,False
2.9489999999997862,thumb_ik,0.0030544552594988506,0.019111169544976436,-0.021871523041454857,0.0292049656473348,False
2.949999999999786,thumb_ik,0.003056438824993568,0.019108122344839648,-0.021869582377562598,0.029201725825801543,False
2.950999999999786,thumb_ik,0.003058442074937523,0.01910511980282964,-0.02186763872202841,0.02919851526847517,False
2.951999999999786,thumb_ik,0.003060463812320516,0.01910215650341139,-0.021865692907105896,0.02919533093039376,False
2.952999999999786,thumb_ik,0.0030625027494095847,0.01909922744629211,-0.02186374576365696,0.029192170028162805,False
2.9539999999997857,thumb_ik,0.0030645651317555977,0.019096298037630702,-0.02186177897740023,0.029188996869462455,False
2.9549999999997856,thumb_ik,0.0030666482573284554,0.01909336892483969,-0.021859795796566855,0.029185814031851356,False
2.9559999999997855,thumb_ik,0.003068750020592828,0.019090440919804677,-0.021857798922222095,0.02918262385265819,False
2.9569999999997854,thumb_ik,0.003070861267822203,0.01908754483484687,-0.021855809691650276,0.029179461510215266,False
2.9579999999997852,thumb_ik,0.0030729820874104002,0.019084676687463484,-0.021853827455381163,0.02917632392238832,False
2.958999999999785,thumb_ik,0.003075112309669392,0.019081832729628503,-0.021851851760133482,0.0291732082806374,False
2.959999999999785,thumb_ik,0.003077259096889162,0.019078979609034,-0.02184986318987968,0.029170078983228365,False
2.960999999999785,thumb_ik,0.0030794205979102207,0.019076118916333012,-0.021847864032722555,0.029166938593572753,False
2.961999999999785,thumb_ik,0.003081593213919362,0.019073249031273692,-0.021845857527003902,0.029163788101603156,False
2.9629999999997847,thumb_ik,0.003083776317975656,0.01907037218353029,-0.02184384502740995,0.029160629917393342,False
2.9639999999997846,thumb_ik,0.003085962595110403,0.019067520444792402,-0.021841846504091662,0.029157499202765964,False
2.9649999999997845,thumb_ik,0.00308815305167863,0.01906469079398998,-0.02183986040192301,0.029154392923134636,False
2.9659999999997844,thumb_ik,0.003090348290457595,0.019061880280032778,-0.0218378854922767,0.029151308292089156,False
2.9669999999997843,thumb_ik,0.0030925561031215076,0.019059056486891893,-0.021835901719823407,0.029148209916550226,False
2.967999999999784,thumb_ik,0.0030947751994330752,0.019056221530453582,-0.021833910807721207,0.029145100338003188,False
2.968999999999784,thumb_ik,0.0030970046808353052,0.019053377486193415,-0.0218319141427729,0.029141981860571962,False
2.969999999999784,thumb_ik,0.0030992439446644315,0.01905052634799599,-0.0218299128543328,0.029138856573173784,False
2.970999999999784,thumb_ik,0.0031014995256685024,0.019048018739206737,-0.021827973054017055,0.029136003927165227,False
2.9719999999997837,thumb_ik,0.0031037677991428564,0.019045785806725363,-0.02182608418391368,0.02913337059713387,False
2.9729999999997836,thumb_ik,0.00310606873149738,0.01904374464089212,-0.021824202771470985,0.029130871932068477,False
2.9739999999997835,thumb_ik,0.0031083899001998205,0.019041847690344796,-0.02182233313591494,0.029128478757545935,False
2.9749999999997834,thumb_ik,0.0031107214578599413,0.019040087984349086,-0.021820491606825185,0.02912619769904189,False
2.9759999999997833,thumb_ik,0.0031130646734848083,0.019038399511389387,-0.021818653682620703,0.02912396738321736,False
2.976999999999783,thumb_ik,0.0031154107589209667,0.019036787978340464,-0.021816836612123934,0.029121803523978383,False
2.977999999999783,thumb_ik,0.0031177579340653516,0.019034888966282817,-0.02181497217956528,0.029119416609701337,False
2.978999999999783,thumb_ik,0.0031201064149920937,0.019032749536145005,-0.021813067539329767,0.029116842796255652,False
2.979999999999783,thumb_ik,0.0031224498984764454,0.019030439669682805,-0.021811147779732566,0.029114145957923367,False
2.9809999999997827,thumb_ik,0.003124797235350349,0.01902795976227112,-0.021809196939311278,0.02911131535355842,False
2.9819999999997826,thumb_ik,0.003127165833992848,0.01902524967949576,-0.021807194601904133,0.029108298265713893,False
2.9829999999997825,thumb_ik,0.0031295628668217973,0.019022324788229336,-0.021805131655472605,0.029105098704501373,False
2.9839999999997824,thumb_ik,0.0031319862084736583,0.019019227627846344,-0.021803018353239653,0.02910175194866467,False
2.9849999999997823,thumb_ik,0.00313442638977586,0.01901602392417591,-0.02180088150169103,0.029098320036189857,False
2.985999999999782,thumb_ik,0.0031368913842807628,0.019012710447581654,-0.021798708255739173,0.02909479210682191,False
2.986999999999782,thumb_ik,0.0031393532889783665,0.019009436914922698,-0.021796550265516898,0.029091301696085203,False
2.987999999999782,thumb_ik,0.003141807015751466,0.01900622986888169,-0.02179442504843227,0.029087878718544048,False
2.988999999999782,thumb_ik,0.003144262179187854,0.01900305286315547,-0.021792309955000498,0.02908448342237088,False
2.9899999999997817,thumb_ik,0.003146712791645509,0.01899993331864254,-0.021790223108729245,0.02908114665267115,False
2.9909999999997816,thumb_ik,0.003149167737461947,0.018996835710702473,-0.021788142387089066,0.029077829580939484,False
2.9919999999997815,thumb_ik,0.0031516272188066435,0.018993758997185264,-0.021786067537929416,0.02907453135884912,False
2.9929999999997814,thumb_ik,0.0031540915487013738,0.01899070235565095,-0.02178399824422162,0.029071251245221055,False
2.9939999999997813,thumb_ik,0.003156561077262976,0.018987665127986886,-0.021781934157018103,0.029067988586548826,False
2.994999999999781,thumb_ik,0.003159015561733508,0.018984748549345773,-0.0217799213557485,0.029064841837927666,False
2.995999999999781,thumb_ik,0.0031614581910428124,0.018981931682818948,-0.021777952115273426,0.02906179186905136,False
2.996999999999781,thumb_ik,0.00316389749813116,0.01897916745746807,-0.021776000470726073,0.029058789397673774,False
2.997999999999781,thumb_ik,0.003166334081194655,0.018976445001108636,-0.021774063463213797,0.029055825166288046,False
2.9989999999997807,thumb_ik,0.003168768570297853,0.01897375539028777,-0.021772138480885453,0.029052891454955643,False
2.9999999999997806,thumb_ik,0.0031712016006813504,0.0189710913248263,-0.02177022323963295,0.029049981851122012,False
