time,phase,dx,dy,dz,dist,reached
0.0,finger_close,nan,nan,nan,nan,False
0.001,finger_close,nan,nan,nan,nan,False
0.002,finger_close,nan,nan,nan,nan,False
0.003,finger_close,nan,nan,nan,nan,False
0.004,finger_close,nan,nan,nan,nan,False
0.005,finger_close,nan,nan,nan,nan,False
0.006,finger_close,nan,nan,nan,nan,False
0.007,finger_close,nan,nan,nan,nan,False
0.008,finger_close,nan,nan,nan,nan,False
0.009000000000000001,finger_close,nan,nan,nan,nan,False
0.010000000000000002,finger_close,nan,nan,nan,nan,False
0.011000000000000003,finger_close,nan,nan,nan,nan,False
0.012000000000000004,finger_close,nan,nan,nan,nan,False
0.013000000000000005,finger_close,nan,nan,nan,nan,False
0.014000000000000005,finger_close,nan,nan,nan,nan,False
0.015000000000000006,finger_close,nan,nan,nan,nan,False
0.016000000000000007,finger_close,nan,nan,nan,nan,False
0.017000000000000008,finger_close,nan,nan,nan,nan,False
0.01800000000000001,finger_close,nan,nan,nan,nan,False
0.01900000000000001,finger_close,nan,nan,nan,nan,False
0.02000000000000001,finger_close,nan,nan,nan,nan,False
0.02100000000000001,finger_close,nan,nan,nan,nan,False
0.022000000000000013,finger_close,nan,nan,nan,nan,False
0.023000000000000013,finger_close,nan,nan,nan,nan,False
0.024000000000000014,finger_close,nan,nan,nan,nan,False
0.025000000000000015,finger_close,nan,nan,nan,nan,False
0.026000000000000016,finger_close,nan,nan,nan,nan,False
0.027000000000000017,finger_close,nan,nan,nan,nan,False
0.028000000000000018,finger_close,nan,nan,nan,nan,False
0.02900000000000002,finger_close,nan,nan,nan,nan,False
0.03000000000000002,finger_close,nan,nan,nan,nan,False
0.03100000000000002,finger_close,nan,nan,nan,nan,False
0.03200000000000002,finger_close,nan,nan,nan,nan,False
0.03300000000000002,finger_close,nan,nan,nan,nan,False
0.03400000000000002,finger_close,nan,nan,nan,nan,False
0.035000000000000024,finger_close,nan,nan,nan,nan,False
0.036000000000000025,finger_close,nan,nan,nan,nan,False
0.037000000000000026,finger_close,nan,nan,nan,nan,False
0.03800000000000003,finger_close,nan,nan,nan,nan,False
0.03900000000000003,finger_close,nan,nan,nan,nan,False
0.04000000000000003,finger_close,nan,nan,nan,nan,False
0.04100000000000003,finger_close,nan,nan,nan,nan,False
0.04200000000000003,finger_close,nan,nan,nan,nan,False
0.04300000000000003,finger_close,nan,nan,nan,nan,False
0.04400000000000003,finger_close,nan,nan,nan,nan,False
0.04500000000000003,finger_close,nan,nan,nan,nan,False
0.046000000000000034,finger_close,nan,nan,nan,nan,False
0.047000000000000035,finger_close,nan,nan,nan,nan,False
0.048000000000000036,finger_close,nan,nan,nan,nan,False
0.04900000000000004,finger_close,nan,nan,nan,nan,False
0.05000000000000004,finger_close,nan,nan,nan,nan,False
0.05100000000000004,finger_close,nan,nan,nan,nan,False
0.05200000000000004,finger_close,nan,nan,nan,nan,False
0.05300000000000004,finger_close,nan,nan,nan,nan,False
0.05400000000000004,finger_close,nan,nan,nan,nan,False
0.05500000000000004,finger_close,nan,nan,nan,nan,False
0.05600000000000004,finger_close,nan,nan,nan,nan,False
0.057000000000000044,finger_close,nan,nan,nan,nan,False
0.058000000000000045,finger_close,nan,nan,nan,nan,False
0.059000000000000045,finger_close,nan,nan,nan,nan,False
0.060000000000000046,finger_close,nan,nan,nan,nan,False
0.06100000000000005,finger_close,nan,nan,nan,nan,False
0.06200000000000005,finger_close,nan,nan,nan,nan,False
0.06300000000000004,finger_close,nan,nan,nan,nan,False
0.06400000000000004,finger_close,nan,nan,nan,nan,False
0.06500000000000004,finger_close,nan,nan,nan,nan,False
0.06600000000000004,finger_close,nan,nan,nan,nan,False
0.06700000000000005,finger_close,nan,nan,nan,nan,False
0.06800000000000005,finger_close,nan,nan,nan,nan,False
0.06900000000000005,finger_close,nan,nan,nan,nan,False
0.07000000000000005,finger_close,nan,nan,nan,nan,False
0.07100000000000005,finger_close,nan,nan,nan,nan,False
0.07200000000000005,finger_close,nan,nan,nan,nan,False
0.07300000000000005,finger_close,nan,nan,nan,nan,False
0.07400000000000005,finger_close,nan,nan,nan,nan,False
0.07500000000000005,finger_close,nan,nan,nan,nan,False
0.07600000000000005,finger_close,nan,nan,nan,nan,False
0.07700000000000005,finger_close,nan,nan,nan,nan,False
0.07800000000000006,finger_close,nan,nan,nan,nan,False
0.07900000000000006,finger_close,nan,nan,nan,nan,False
0.08000000000000006,finger_close,nan,nan,nan,nan,False
0.08100000000000006,finger_close,nan,nan,nan,nan,False
0.08200000000000006,finger_close,nan,nan,nan,nan,False
0.08300000000000006,finger_close,nan,nan,nan,nan,False
0.08400000000000006,finger_close,nan,nan,nan,nan,False
0.08500000000000006,finger_close,nan,nan,nan,nan,False
0.08600000000000006,finger_close,nan,nan,nan,nan,False
0.08700000000000006,finger_close,nan,nan,nan,nan,False
0.08800000000000006,finger_close,nan,nan,nan,nan,False
0.08900000000000007,finger_close,nan,nan,nan,nan,False
0.09000000000000007,finger_close,nan,nan,nan,nan,False
0.09100000000000007,finger_close,nan,nan,nan,nan,False
0.09200000000000007,finger_close,nan,nan,nan,nan,False
0.09300000000000007,finger_close,nan,nan,nan,nan,False
0.09400000000000007,finger_close,nan,nan,nan,nan,False
0.09500000000000007,finger_close,nan,nan,nan,nan,False
0.09600000000000007,finger_close,nan,nan,nan,nan,False
0.09700000000000007,finger_close,nan,nan,nan,nan,False
0.09800000000000007,finger_close,nan,nan,nan,nan,False
0.09900000000000007,finger_close,nan,nan,nan,nan,False
0.10000000000000007,finger_close,nan,nan,nan,nan,False
0.10100000000000008,finger_close,nan,nan,nan,nan,False
0.10200000000000008,finger_close,nan,nan,nan,nan,False
0.10300000000000008,finger_close,nan,nan,nan,nan,False
0.10400000000000008,finger_close,nan,nan,nan,nan,False
0.10500000000000008,finger_close,nan,nan,nan,nan,False
0.10600000000000008,finger_close,nan,nan,nan,nan,False
0.10700000000000008,finger_close,nan,nan,nan,nan,False
0.10800000000000008,finger_close,nan,nan,nan,nan,False
0.10900000000000008,finger_close,nan,nan,nan,nan,False
0.11000000000000008,finger_close,nan,nan,nan,nan,False
0.11100000000000008,finger_close,nan,nan,nan,nan,False
0.11200000000000009,finger_close,nan,nan,nan,nan,False
0.11300000000000009,finger_close,nan,nan,nan,nan,False
0.11400000000000009,finger_close,nan,nan,nan,nan,False
0.11500000000000009,finger_close,nan,nan,nan,nan,False
0.11600000000000009,finger_close,nan,nan,nan,nan,False
0.11700000000000009,finger_close,nan,nan,nan,nan,False
0.11800000000000009,finger_close,nan,nan,nan,nan,False
0.11900000000000009,finger_close,nan,nan,nan,nan,False
0.12000000000000009,finger_close,nan,nan,nan,nan,False
0.1210000000000001,finger_close,nan,nan,nan,nan,False
0.1220000000000001,finger_close,nan,nan,nan,nan,False
0.1230000000000001,finger_close,nan,nan,nan,nan,False
0.1240000000000001,finger_close,nan,nan,nan,nan,False
0.12500000000000008,finger_close,nan,nan,nan,nan,False
0.12600000000000008,finger_close,nan,nan,nan,nan,False
0.12700000000000009,finger_close,nan,nan,nan,nan,False
0.12800000000000009,finger_close,nan,nan,nan,nan,False
0.1290000000000001,finger_close,nan,nan,nan,nan,False
0.1300000000000001,finger_close,nan,nan,nan,nan,False
0.1310000000000001,finger_close,nan,nan,nan,nan,False
0.1320000000000001,finger_close,nan,nan,nan,nan,False
0.1330000000000001,finger_close,nan,nan,nan,nan,False
0.1340000000000001,finger_close,nan,nan,nan,nan,False
0.1350000000000001,finger_close,nan,nan,nan,nan,False
0.1360000000000001,finger_close,nan,nan,nan,nan,False
0.1370000000000001,finger_close,nan,nan,nan,nan,False
0.1380000000000001,finger_close,nan,nan,nan,nan,False
0.1390000000000001,finger_close,nan,nan,nan,nan,False
0.1400000000000001,finger_close,nan,nan,nan,nan,False
0.1410000000000001,finger_close,nan,nan,nan,nan,False
0.1420000000000001,finger_close,nan,nan,nan,nan,False
0.1430000000000001,finger_close,nan,nan,nan,nan,False
0.1440000000000001,finger_close,nan,nan,nan,nan,False
0.1450000000000001,finger_close,nan,nan,nan,nan,False
0.1460000000000001,finger_close,nan,nan,nan,nan,False
0.1470000000000001,finger_close,nan,nan,nan,nan,False
0.1480000000000001,finger_close,nan,nan,nan,nan,False
0.1490000000000001,finger_close,nan,nan,nan,nan,False
0.1500000000000001,finger_close,nan,nan,nan,nan,False
0.1510000000000001,finger_close,nan,nan,nan,nan,False
0.1520000000000001,finger_close,nan,nan,nan,nan,False
0.1530000000000001,finger_close,nan,nan,nan,nan,False
0.1540000000000001,finger_close,nan,nan,nan,nan,False
0.1550000000000001,finger_close,nan,nan,nan,nan,False
0.1560000000000001,finger_close,nan,nan,nan,nan,False
0.1570000000000001,finger_close,nan,nan,nan,nan,False
0.1580000000000001,finger_close,nan,nan,nan,nan,False
0.1590000000000001,finger_close,nan,nan,nan,nan,False
0.16000000000000011,finger_close,nan,nan,nan,nan,False
0.16100000000000012,finger_close,nan,nan,nan,nan,False
0.16200000000000012,finger_close,nan,nan,nan,nan,False
0.16300000000000012,finger_close,nan,nan,nan,nan,False
0.16400000000000012,finger_close,nan,nan,nan,nan,False
0.16500000000000012,finger_close,nan,nan,nan,nan,False
0.16600000000000012,finger_close,nan,nan,nan,nan,False
0.16700000000000012,finger_close,nan,nan,nan,nan,False
0.16800000000000012,finger_close,nan,nan,nan,nan,False
0.16900000000000012,finger_close,nan,nan,nan,nan,False
0.17000000000000012,finger_close,nan,nan,nan,nan,False
0.17100000000000012,finger_close,nan,nan,nan,nan,False
0.17200000000000013,finger_close,nan,nan,nan,nan,False
0.17300000000000013,finger_close,nan,nan,nan,nan,False
0.17400000000000013,finger_close,nan,nan,nan,nan,False
0.17500000000000013,finger_close,nan,nan,nan,nan,False
0.17600000000000013,finger_close,nan,nan,nan,nan,False
0.17700000000000013,finger_close,nan,nan,nan,nan,False
0.17800000000000013,finger_close,nan,nan,nan,nan,False
0.17900000000000013,finger_close,nan,nan,nan,nan,False
0.18000000000000013,finger_close,nan,nan,nan,nan,False
0.18100000000000013,finger_close,nan,nan,nan,nan,False
0.18200000000000013,finger_close,nan,nan,nan,nan,False
0.18300000000000013,finger_close,nan,nan,nan,nan,False
0.18400000000000014,finger_close,nan,nan,nan,nan,False
0.18500000000000014,finger_close,nan,nan,nan,nan,False
0.18600000000000014,finger_close,nan,nan,nan,nan,False
0.18700000000000014,finger_close,nan,nan,nan,nan,False
0.18800000000000014,finger_close,nan,nan,nan,nan,False
0.18900000000000014,finger_close,nan,nan,nan,nan,False
0.19000000000000014,finger_close,nan,nan,nan,nan,False
0.19100000000000014,finger_close,nan,nan,nan,nan,False
0.19200000000000014,finger_close,nan,nan,nan,nan,False
0.19300000000000014,finger_close,nan,nan,nan,nan,False
0.19400000000000014,finger_close,nan,nan,nan,nan,False
0.19500000000000015,finger_close,nan,nan,nan,nan,False
0.19600000000000015,finger_close,nan,nan,nan,nan,False
0.19700000000000015,finger_close,nan,nan,nan,nan,False
0.19800000000000015,finger_close,nan,nan,nan,nan,False
0.19900000000000015,finger_close,nan,nan,nan,nan,False
0.20000000000000015,finger_close,nan,nan,nan,nan,False
0.20100000000000015,finger_close,nan,nan,nan,nan,False
0.20200000000000015,finger_close,nan,nan,nan,nan,False
0.20300000000000015,finger_close,nan,nan,nan,nan,False
0.20400000000000015,finger_close,nan,nan,nan,nan,False
0.20500000000000015,finger_close,nan,nan,nan,nan,False
0.20600000000000016,finger_close,nan,nan,nan,nan,False
0.20700000000000016,finger_close,nan,nan,nan,nan,False
0.20800000000000016,finger_close,nan,nan,nan,nan,False
0.20900000000000016,finger_close,nan,nan,nan,nan,False
0.21000000000000016,finger_close,nan,nan,nan,nan,False
0.21100000000000016,finger_close,nan,nan,nan,nan,False
0.21200000000000016,finger_close,nan,nan,nan,nan,False
0.21300000000000016,finger_close,nan,nan,nan,nan,False
0.21400000000000016,finger_close,nan,nan,nan,nan,False
0.21500000000000016,finger_close,nan,nan,nan,nan,False
0.21600000000000016,finger_close,nan,nan,nan,nan,False
0.21700000000000016,finger_close,nan,nan,nan,nan,False
0.21800000000000017,finger_close,nan,nan,nan,nan,False
0.21900000000000017,finger_close,nan,nan,nan,nan,False
0.22000000000000017,finger_close,nan,nan,nan,nan,False
0.22100000000000017,finger_close,nan,nan,nan,nan,False
0.22200000000000017,finger_close,nan,nan,nan,nan,False
0.22300000000000017,finger_close,nan,nan,nan,nan,False
0.22400000000000017,finger_close,nan,nan,nan,nan,False
0.22500000000000017,finger_close,nan,nan,nan,nan,False
0.22600000000000017,finger_close,nan,nan,nan,nan,False
0.22700000000000017,finger_close,nan,nan,nan,nan,False
0.22800000000000017,finger_close,nan,nan,nan,nan,False
0.22900000000000018,finger_close,nan,nan,nan,nan,False
0.23000000000000018,finger_close,nan,nan,nan,nan,False
0.23100000000000018,finger_close,nan,nan,nan,nan,False
0.23200000000000018,finger_close,nan,nan,nan,nan,False
0.23300000000000018,finger_close,nan,nan,nan,nan,False
0.23400000000000018,finger_close,nan,nan,nan,nan,False
0.23500000000000018,finger_close,nan,nan,nan,nan,False
0.23600000000000018,finger_close,nan,nan,nan,nan,False
0.23700000000000018,finger_close,nan,nan,nan,nan,False
0.23800000000000018,finger_close,nan,nan,nan,nan,False
0.23900000000000018,finger_close,nan,nan,nan,nan,False
0.24000000000000019,finger_close,nan,nan,nan,nan,False
0.2410000000000002,finger_close,nan,nan,nan,nan,False
0.2420000000000002,finger_close,nan,nan,nan,nan,False
0.2430000000000002,finger_close,nan,nan,nan,nan,False
0.2440000000000002,finger_close,nan,nan,nan,nan,False
0.2450000000000002,finger_close,nan,nan,nan,nan,False
0.2460000000000002,finger_close,nan,nan,nan,nan,False
0.2470000000000002,finger_close,nan,nan,nan,nan,False
0.2480000000000002,finger_close,nan,nan,nan,nan,False
0.2490000000000002,finger_close,nan,nan,nan,nan,False
0.25000000000000017,finger_close,nan,nan,nan,nan,False
0.25100000000000017,finger_close,nan,nan,nan,nan,False
0.25200000000000017,finger_close,nan,nan,nan,nan,False
0.25300000000000017,finger_close,nan,nan,nan,nan,False
0.25400000000000017,finger_close,nan,nan,nan,nan,False
0.25500000000000017,finger_close,nan,nan,nan,nan,False
0.25600000000000017,finger_close,nan,nan,nan,nan,False
0.2570000000000002,finger_close,nan,nan,nan,nan,False
0.2580000000000002,finger_close,nan,nan,nan,nan,False
0.2590000000000002,finger_close,nan,nan,nan,nan,False
0.2600000000000002,finger_close,nan,nan,nan,nan,False
0.2610000000000002,finger_close,nan,nan,nan,nan,False
0.2620000000000002,finger_close,nan,nan,nan,nan,False
0.2630000000000002,finger_close,nan,nan,nan,nan,False
0.2640000000000002,finger_close,nan,nan,nan,nan,False
0.2650000000000002,finger_close,nan,nan,nan,nan,False
0.2660000000000002,finger_close,nan,nan,nan,nan,False
0.2670000000000002,finger_close,nan,nan,nan,nan,False
0.2680000000000002,finger_close,nan,nan,nan,nan,False
0.2690000000000002,finger_close,nan,nan,nan,nan,False
0.2700000000000002,finger_close,nan,nan,nan,nan,False
0.2710000000000002,finger_close,nan,nan,nan,nan,False
0.2720000000000002,finger_close,nan,nan,nan,nan,False
0.2730000000000002,finger_close,nan,nan,nan,nan,False
0.2740000000000002,finger_close,nan,nan,nan,nan,False
0.2750000000000002,finger_close,nan,nan,nan,nan,False
0.2760000000000002,finger_close,nan,nan,nan,nan,False
0.2770000000000002,finger_close,nan,nan,nan,nan,False
0.2780000000000002,finger_close,nan,nan,nan,nan,False
0.2790000000000002,finger_close,nan,nan,nan,nan,False
0.2800000000000002,finger_close,nan,nan,nan,nan,False
0.2810000000000002,finger_close,nan,nan,nan,nan,False
0.2820000000000002,finger_close,nan,nan,nan,nan,False
0.2830000000000002,finger_close,nan,nan,nan,nan,False
0.2840000000000002,finger_close,nan,nan,nan,nan,False
0.2850000000000002,finger_close,nan,nan,nan,nan,False
0.2860000000000002,finger_close,nan,nan,nan,nan,False
0.2870000000000002,finger_close,nan,nan,nan,nan,False
0.2880000000000002,finger_close,nan,nan,nan,nan,False
0.2890000000000002,finger_close,nan,nan,nan,nan,False
0.2900000000000002,finger_close,nan,nan,nan,nan,False
0.2910000000000002,finger_close,nan,nan,nan,nan,False
0.2920000000000002,finger_close,nan,nan,nan,nan,False
0.2930000000000002,finger_close,nan,nan,nan,nan,False
0.2940000000000002,finger_close,nan,nan,nan,nan,False
0.2950000000000002,finger_close,nan,nan,nan,nan,False
0.2960000000000002,finger_close,nan,nan,nan,nan,False
0.2970000000000002,finger_close,nan,nan,nan,nan,False
0.2980000000000002,finger_close,nan,nan,nan,nan,False
0.2990000000000002,finger_close,nan,nan,nan,nan,False
0.3000000000000002,finger_close,nan,nan,nan,nan,False
0.3010000000000002,finger_close,nan,nan,nan,nan,False
0.3020000000000002,finger_close,nan,nan,nan,nan,False
0.3030000000000002,finger_close,nan,nan,nan,nan,False
0.3040000000000002,finger_close,nan,nan,nan,nan,False
0.3050000000000002,finger_close,nan,nan,nan,nan,False
0.3060000000000002,finger_close,nan,nan,nan,nan,False
0.3070000000000002,finger_close,nan,nan,nan,nan,False
0.3080000000000002,finger_close,nan,nan,nan,nan,False
0.3090000000000002,finger_close,nan,nan,nan,nan,False
0.3100000000000002,finger_close,nan,nan,nan,nan,False
0.3110000000000002,finger_close,nan,nan,nan,nan,False
0.3120000000000002,finger_close,nan,nan,nan,nan,False
0.3130000000000002,finger_close,nan,nan,nan,nan,False
0.3140000000000002,finger_close,nan,nan,nan,nan,False
0.3150000000000002,finger_close,nan,nan,nan,nan,False
0.3160000000000002,finger_close,nan,nan,nan,nan,False
0.3170000000000002,finger_close,nan,nan,nan,nan,False
0.3180000000000002,finger_close,nan,nan,nan,nan,False
0.31900000000000023,finger_close,nan,nan,nan,nan,False
0.32000000000000023,finger_close,nan,nan,nan,nan,False
0.32100000000000023,finger_close,nan,nan,nan,nan,False
0.32200000000000023,finger_close,nan,nan,nan,nan,False
0.32300000000000023,finger_close,nan,nan,nan,nan,False
0.32400000000000023,finger_close,nan,nan,nan,nan,False
0.32500000000000023,finger_close,nan,nan,nan,nan,False
0.32600000000000023,finger_close,nan,nan,nan,nan,False
0.32700000000000023,finger_close,nan,nan,nan,nan,False
0.32800000000000024,finger_close,nan,nan,nan,nan,False
0.32900000000000024,finger_close,nan,nan,nan,nan,False
0.33000000000000024,finger_close,nan,nan,nan,nan,False
0.33100000000000024,finger_close,nan,nan,nan,nan,False
0.33200000000000024,finger_close,nan,nan,nan,nan,False
0.33300000000000024,finger_close,nan,nan,nan,nan,False
0.33400000000000024,finger_close,nan,nan,nan,nan,False
0.33500000000000024,finger_close,nan,nan,nan,nan,False
0.33600000000000024,finger_close,nan,nan,nan,nan,False
0.33700000000000024,finger_close,nan,nan,nan,nan,False
0.33800000000000024,finger_close,nan,nan,nan,nan,False
0.33900000000000025,finger_close,nan,nan,nan,nan,False
0.34000000000000025,finger_close,nan,nan,nan,nan,False
0.34100000000000025,finger_close,nan,nan,nan,nan,False
0.34200000000000025,finger_close,nan,nan,nan,nan,False
0.34300000000000025,finger_close,nan,nan,nan,nan,False
0.34400000000000025,finger_close,nan,nan,nan,nan,False
0.34500000000000025,finger_close,nan,nan,nan,nan,False
0.34600000000000025,finger_close,nan,nan,nan,nan,False
0.34700000000000025,finger_close,nan,nan,nan,nan,False
0.34800000000000025,finger_close,nan,nan,nan,nan,False
0.34900000000000025,finger_close,nan,nan,nan,nan,False
0.35000000000000026,finger_close,nan,nan,nan,nan,False
0.35100000000000026,finger_close,nan,nan,nan,nan,False
0.35200000000000026,finger_close,nan,nan,nan,nan,False
0.35300000000000026,finger_close,nan,nan,nan,nan,False
0.35400000000000026,finger_close,nan,nan,nan,nan,False
0.35500000000000026,finger_close,nan,nan,nan,nan,False
0.35600000000000026,finger_close,nan,nan,nan,nan,False
0.35700000000000026,finger_close,nan,nan,nan,nan,False
0.35800000000000026,finger_close,nan,nan,nan,nan,False
0.35900000000000026,finger_close,nan,nan,nan,nan,False
0.36000000000000026,finger_close,nan,nan,nan,nan,False
0.36100000000000027,finger_close,nan,nan,nan,nan,False
0.36200000000000027,finger_close,nan,nan,nan,nan,False
0.36300000000000027,finger_close,nan,nan,nan,nan,False
0.36400000000000027,finger_close,nan,nan,nan,nan,False
0.36500000000000027,finger_close,nan,nan,nan,nan,False
0.36600000000000027,finger_close,nan,nan,nan,nan,False
0.36700000000000027,finger_close,nan,nan,nan,nan,False
0.36800000000000027,finger_close,nan,nan,nan,nan,False
0.36900000000000027,finger_close,nan,nan,nan,nan,False
0.3700000000000003,finger_close,nan,nan,nan,nan,False
0.3710000000000003,finger_close,nan,nan,nan,nan,False
0.3720000000000003,finger_close,nan,nan,nan,nan,False
0.3730000000000003,finger_close,nan,nan,nan,nan,False
0.3740000000000003,finger_close,nan,nan,nan,nan,False
0.3750000000000003,finger_close,nan,nan,nan,nan,False
0.3760000000000003,finger_close,nan,nan,nan,nan,False
0.3770000000000003,finger_close,nan,nan,nan,nan,False
0.3780000000000003,finger_close,nan,nan,nan,nan,False
0.3790000000000003,finger_close,nan,nan,nan,nan,False
0.3800000000000003,finger_close,nan,nan,nan,nan,False
0.3810000000000003,finger_close,nan,nan,nan,nan,False
0.3820000000000003,finger_close,nan,nan,nan,nan,False
0.3830000000000003,finger_close,nan,nan,nan,nan,False
0.3840000000000003,finger_close,nan,nan,nan,nan,False
0.3850000000000003,finger_close,nan,nan,nan,nan,False
0.3860000000000003,finger_close,nan,nan,nan,nan,False
0.3870000000000003,finger_close,nan,nan,nan,nan,False
0.3880000000000003,finger_close,nan,nan,nan,nan,False
0.3890000000000003,finger_close,nan,nan,nan,nan,False
0.3900000000000003,finger_close,nan,nan,nan,nan,False
0.3910000000000003,finger_close,nan,nan,nan,nan,False
0.3920000000000003,finger_close,nan,nan,nan,nan,False
0.3930000000000003,finger_close,nan,nan,nan,nan,False
0.3940000000000003,finger_close,nan,nan,nan,nan,False
0.3950000000000003,finger_close,nan,nan,nan,nan,False
0.3960000000000003,finger_close,nan,nan,nan,nan,False
0.3970000000000003,finger_close,nan,nan,nan,nan,False
0.3980000000000003,finger_close,nan,nan,nan,nan,False
0.3990000000000003,finger_close,nan,nan,nan,nan,False
0.4000000000000003,finger_close,nan,nan,nan,nan,False
0.4010000000000003,finger_close,nan,nan,nan,nan,False
0.4020000000000003,finger_close,nan,nan,nan,nan,False
0.4030000000000003,finger_close,nan,nan,nan,nan,False
0.4040000000000003,finger_close,nan,nan,nan,nan,False
0.4050000000000003,finger_close,nan,nan,nan,nan,False
0.4060000000000003,finger_close,nan,nan,nan,nan,False
0.4070000000000003,finger_close,nan,nan,nan,nan,False
0.4080000000000003,finger_close,nan,nan,nan,nan,False
0.4090000000000003,finger_close,nan,nan,nan,nan,False
0.4100000000000003,finger_close,nan,nan,nan,nan,False
0.4110000000000003,finger_close,nan,nan,nan,nan,False
0.4120000000000003,finger_close,nan,nan,nan,nan,False
0.4130000000000003,finger_close,nan,nan,nan,nan,False
0.4140000000000003,finger_close,nan,nan,nan,nan,False
0.4150000000000003,finger_close,nan,nan,nan,nan,False
0.4160000000000003,finger_close,nan,nan,nan,nan,False
0.4170000000000003,finger_close,nan,nan,nan,nan,False
0.4180000000000003,finger_close,nan,nan,nan,nan,False
0.4190000000000003,finger_close,nan,nan,nan,nan,False
0.4200000000000003,finger_close,nan,nan,nan,nan,False
0.4210000000000003,finger_close,nan,nan,nan,nan,False
0.4220000000000003,finger_close,nan,nan,nan,nan,False
0.4230000000000003,finger_close,nan,nan,nan,nan,False
0.4240000000000003,finger_close,nan,nan,nan,nan,False
0.4250000000000003,finger_close,nan,nan,nan,nan,False
0.4260000000000003,finger_close,nan,nan,nan,nan,False
0.4270000000000003,finger_close,nan,nan,nan,nan,False
0.4280000000000003,finger_close,nan,nan,nan,nan,False
0.4290000000000003,finger_close,nan,nan,nan,nan,False
0.4300000000000003,finger_close,nan,nan,nan,nan,False
0.4310000000000003,finger_close,nan,nan,nan,nan,False
0.43200000000000033,finger_close,nan,nan,nan,nan,False
0.43300000000000033,finger_close,nan,nan,nan,nan,False
0.43400000000000033,finger_close,nan,nan,nan,nan,False
0.43500000000000033,finger_close,nan,nan,nan,nan,False
0.43600000000000033,finger_close,nan,nan,nan,nan,False
0.43700000000000033,finger_close,nan,nan,nan,nan,False
0.43800000000000033,finger_close,nan,nan,nan,nan,False
0.43900000000000033,finger_close,nan,nan,nan,nan,False
0.44000000000000034,finger_close,nan,nan,nan,nan,False
0.44100000000000034,finger_close,nan,nan,nan,nan,False
0.44200000000000034,finger_close,nan,nan,nan,nan,False
0.44300000000000034,finger_close,nan,nan,nan,nan,False
0.44400000000000034,finger_close,nan,nan,nan,nan,False
0.44500000000000034,finger_close,nan,nan,nan,nan,False
0.44600000000000034,finger_close,nan,nan,nan,nan,False
0.44700000000000034,finger_close,nan,nan,nan,nan,False
0.44800000000000034,finger_close,nan,nan,nan,nan,False
0.44900000000000034,finger_close,nan,nan,nan,nan,False
0.45000000000000034,finger_close,nan,nan,nan,nan,False
0.45100000000000035,finger_close,nan,nan,nan,nan,False
0.45200000000000035,finger_close,nan,nan,nan,nan,False
0.45300000000000035,finger_close,nan,nan,nan,nan,False
0.45400000000000035,finger_close,nan,nan,nan,nan,False
0.45500000000000035,finger_close,nan,nan,nan,nan,False
0.45600000000000035,finger_close,nan,nan,nan,nan,False
0.45700000000000035,finger_close,nan,nan,nan,nan,False
0.45800000000000035,finger_close,nan,nan,nan,nan,False
0.45900000000000035,finger_close,nan,nan,nan,nan,False
0.46000000000000035,finger_close,nan,nan,nan,nan,False
0.46100000000000035,finger_close,nan,nan,nan,nan,False
0.46200000000000035,finger_close,nan,nan,nan,nan,False
0.46300000000000036,finger_close,nan,nan,nan,nan,False
0.46400000000000036,finger_close,nan,nan,nan,nan,False
0.46500000000000036,finger_close,nan,nan,nan,nan,False
0.46600000000000036,finger_close,nan,nan,nan,nan,False
0.46700000000000036,finger_close,nan,nan,nan,nan,False
0.46800000000000036,finger_close,nan,nan,nan,nan,False
0.46900000000000036,finger_close,nan,nan,nan,nan,False
0.47000000000000036,finger_close,nan,nan,nan,nan,False
0.47100000000000036,finger_close,nan,nan,nan,nan,False
0.47200000000000036,finger_close,nan,nan,nan,nan,False
0.47300000000000036,finger_close,nan,nan,nan,nan,False
0.47400000000000037,finger_close,nan,nan,nan,nan,False
0.47500000000000037,finger_close,nan,nan,nan,nan,False
0.47600000000000037,finger_close,nan,nan,nan,nan,False
0.47700000000000037,finger_close,nan,nan,nan,nan,False
0.47800000000000037,finger_close,nan,nan,nan,nan,False
0.47900000000000037,finger_close,nan,nan,nan,nan,False
0.48000000000000037,finger_close,nan,nan,nan,nan,False
0.48100000000000037,finger_close,nan,nan,nan,nan,False
0.4820000000000004,finger_close,nan,nan,nan,nan,False
0.4830000000000004,finger_close,nan,nan,nan,nan,False
0.4840000000000004,finger_close,nan,nan,nan,nan,False
0.4850000000000004,finger_close,nan,nan,nan,nan,False
0.4860000000000004,finger_close,nan,nan,nan,nan,False
0.4870000000000004,finger_close,nan,nan,nan,nan,False
0.4880000000000004,finger_close,nan,nan,nan,nan,False
0.4890000000000004,finger_close,nan,nan,nan,nan,False
0.4900000000000004,finger_close,nan,nan,nan,nan,False
0.4910000000000004,finger_close,nan,nan,nan,nan,False
0.4920000000000004,finger_close,nan,nan,nan,nan,False
0.4930000000000004,finger_close,nan,nan,nan,nan,False
0.4940000000000004,finger_close,nan,nan,nan,nan,False
0.4950000000000004,finger_close,nan,nan,nan,nan,False
0.4960000000000004,finger_close,nan,nan,nan,nan,False
0.4970000000000004,finger_close,nan,nan,nan,nan,False
0.4980000000000004,finger_close,nan,nan,nan,nan,False
0.4990000000000004,finger_close,nan,nan,nan,nan,False
0.5000000000000003,finger_close,nan,nan,nan,nan,False
0.5010000000000003,finger_close,nan,nan,nan,nan,False
0.5020000000000003,finger_close,nan,nan,nan,nan,False
0.5030000000000003,finger_close,nan,nan,nan,nan,False
0.5040000000000003,finger_close,nan,nan,nan,nan,False
0.5050000000000003,finger_close,nan,nan,nan,nan,False
0.5060000000000003,finger_close,nan,nan,nan,nan,False
0.5070000000000003,finger_close,nan,nan,nan,nan,False
0.5080000000000003,finger_close,nan,nan,nan,nan,False
0.5090000000000003,finger_close,nan,nan,nan,nan,False
0.5100000000000003,finger_close,nan,nan,nan,nan,False
0.5110000000000003,finger_close,nan,nan,nan,nan,False
0.5120000000000003,finger_close,nan,nan,nan,nan,False
0.5130000000000003,finger_close,nan,nan,nan,nan,False
0.5140000000000003,finger_close,nan,nan,nan,nan,False
0.5150000000000003,finger_close,nan,nan,nan,nan,False
0.5160000000000003,finger_close,nan,nan,nan,nan,False
0.5170000000000003,finger_close,nan,nan,nan,nan,False
0.5180000000000003,finger_close,nan,nan,nan,nan,False
0.5190000000000003,finger_close,nan,nan,nan,nan,False
0.5200000000000004,finger_close,nan,nan,nan,nan,False
0.5210000000000004,finger_close,nan,nan,nan,nan,False
0.5220000000000004,finger_close,nan,nan,nan,nan,False
0.5230000000000004,finger_close,nan,nan,nan,nan,False
0.5240000000000004,finger_close,nan,nan,nan,nan,False
0.5250000000000004,finger_close,nan,nan,nan,nan,False
0.5260000000000004,finger_close,nan,nan,nan,nan,False
0.5270000000000004,finger_close,nan,nan,nan,nan,False
0.5280000000000004,finger_close,nan,nan,nan,nan,False
0.5290000000000004,finger_close,nan,nan,nan,nan,False
0.5300000000000004,finger_close,nan,nan,nan,nan,False
0.5310000000000004,finger_close,nan,nan,nan,nan,False
0.5320000000000004,finger_close,nan,nan,nan,nan,False
0.5330000000000004,finger_close,nan,nan,nan,nan,False
0.5340000000000004,finger_close,nan,nan,nan,nan,False
0.5350000000000004,finger_close,nan,nan,nan,nan,False
0.5360000000000004,finger_close,nan,nan,nan,nan,False
0.5370000000000004,finger_close,nan,nan,nan,nan,False
0.5380000000000004,finger_close,nan,nan,nan,nan,False
0.5390000000000004,finger_close,nan,nan,nan,nan,False
0.5400000000000004,finger_close,nan,nan,nan,nan,False
0.5410000000000004,finger_close,nan,nan,nan,nan,False
0.5420000000000004,finger_close,nan,nan,nan,nan,False
0.5430000000000004,finger_close,nan,nan,nan,nan,False
0.5440000000000004,finger_close,nan,nan,nan,nan,False
0.5450000000000004,finger_close,nan,nan,nan,nan,False
0.5460000000000004,finger_close,nan,nan,nan,nan,False
0.5470000000000004,finger_close,nan,nan,nan,nan,False
0.5480000000000004,finger_close,nan,nan,nan,nan,False
0.5490000000000004,finger_close,nan,nan,nan,nan,False
0.5500000000000004,finger_close,nan,nan,nan,nan,False
0.5510000000000004,finger_close,nan,nan,nan,nan,False
0.5520000000000004,finger_close,nan,nan,nan,nan,False
0.5530000000000004,finger_close,nan,nan,nan,nan,False
0.5540000000000004,finger_close,nan,nan,nan,nan,False
0.5550000000000004,finger_close,nan,nan,nan,nan,False
0.5560000000000004,finger_close,nan,nan,nan,nan,False
0.5570000000000004,finger_close,nan,nan,nan,nan,False
0.5580000000000004,finger_close,nan,nan,nan,nan,False
0.5590000000000004,finger_close,nan,nan,nan,nan,False
0.5600000000000004,finger_close,nan,nan,nan,nan,False
0.5610000000000004,finger_close,nan,nan,nan,nan,False
0.5620000000000004,finger_close,nan,nan,nan,nan,False
0.5630000000000004,finger_close,nan,nan,nan,nan,False
0.5640000000000004,finger_close,nan,nan,nan,nan,False
0.5650000000000004,finger_close,nan,nan,nan,nan,False
0.5660000000000004,finger_close,nan,nan,nan,nan,False
0.5670000000000004,finger_close,nan,nan,nan,nan,False
0.5680000000000004,finger_close,nan,nan,nan,nan,False
0.5690000000000004,finger_close,nan,nan,nan,nan,False
0.5700000000000004,finger_close,nan,nan,nan,nan,False
0.5710000000000004,finger_close,nan,nan,nan,nan,False
0.5720000000000004,finger_close,nan,nan,nan,nan,False
0.5730000000000004,finger_close,nan,nan,nan,nan,False
0.5740000000000004,finger_close,nan,nan,nan,nan,False
0.5750000000000004,finger_close,nan,nan,nan,nan,False
0.5760000000000004,finger_close,nan,nan,nan,nan,False
0.5770000000000004,finger_close,nan,nan,nan,nan,False
0.5780000000000004,finger_close,nan,nan,nan,nan,False
0.5790000000000004,finger_close,nan,nan,nan,nan,False
0.5800000000000004,finger_close,nan,nan,nan,nan,False
0.5810000000000004,finger_close,nan,nan,nan,nan,False
0.5820000000000004,finger_close,nan,nan,nan,nan,False
0.5830000000000004,finger_close,nan,nan,nan,nan,False
0.5840000000000004,finger_close,nan,nan,nan,nan,False
0.5850000000000004,finger_close,nan,nan,nan,nan,False
0.5860000000000004,finger_close,nan,nan,nan,nan,False
0.5870000000000004,finger_close,nan,nan,nan,nan,False
0.5880000000000004,finger_close,nan,nan,nan,nan,False
0.5890000000000004,finger_close,nan,nan,nan,nan,False
0.5900000000000004,finger_close,nan,nan,nan,nan,False
0.5910000000000004,finger_close,nan,nan,nan,nan,False
0.5920000000000004,finger_close,nan,nan,nan,nan,False
0.5930000000000004,finger_close,nan,nan,nan,nan,False
0.5940000000000004,finger_close,nan,nan,nan,nan,False
0.5950000000000004,finger_close,nan,nan,nan,nan,False
0.5960000000000004,finger_close,nan,nan,nan,nan,False
0.5970000000000004,finger_close,nan,nan,nan,nan,False
0.5980000000000004,finger_close,nan,nan,nan,nan,False
0.5990000000000004,finger_close,nan,nan,nan,nan,False
0.6000000000000004,finger_close,nan,nan,nan,nan,False
0.6010000000000004,finger_close,nan,nan,nan,nan,False
0.6020000000000004,finger_close,nan,nan,nan,nan,False
0.6030000000000004,finger_close,nan,nan,nan,nan,False
0.6040000000000004,finger_close,nan,nan,nan,nan,False
0.6050000000000004,finger_close,nan,nan,nan,nan,False
0.6060000000000004,finger_close,nan,nan,nan,nan,False
0.6070000000000004,finger_close,nan,nan,nan,nan,False
0.6080000000000004,finger_close,nan,nan,nan,nan,False
0.6090000000000004,finger_close,nan,nan,nan,nan,False
0.6100000000000004,finger_close,nan,nan,nan,nan,False
0.6110000000000004,finger_close,nan,nan,nan,nan,False
0.6120000000000004,finger_close,nan,nan,nan,nan,False
0.6130000000000004,finger_close,nan,nan,nan,nan,False
0.6140000000000004,finger_close,nan,nan,nan,nan,False
0.6150000000000004,finger_close,nan,nan,nan,nan,False
0.6160000000000004,finger_close,nan,nan,nan,nan,False
0.6170000000000004,finger_close,nan,nan,nan,nan,False
0.6180000000000004,finger_close,nan,nan,nan,nan,False
0.6190000000000004,finger_close,nan,nan,nan,nan,False
0.6200000000000004,finger_close,nan,nan,nan,nan,False
0.6210000000000004,finger_close,nan,nan,nan,nan,False
0.6220000000000004,finger_close,nan,nan,nan,nan,False
0.6230000000000004,finger_close,nan,nan,nan,nan,False
0.6240000000000004,finger_close,nan,nan,nan,nan,False
0.6250000000000004,finger_close,nan,nan,nan,nan,False
0.6260000000000004,finger_close,nan,nan,nan,nan,False
0.6270000000000004,finger_close,nan,nan,nan,nan,False
0.6280000000000004,finger_close,nan,nan,nan,nan,False
0.6290000000000004,finger_close,nan,nan,nan,nan,False
0.6300000000000004,finger_close,nan,nan,nan,nan,False
0.6310000000000004,finger_close,nan,nan,nan,nan,False
0.6320000000000005,finger_close,nan,nan,nan,nan,False
0.6330000000000005,finger_close,nan,nan,nan,nan,False
0.6340000000000005,finger_close,nan,nan,nan,nan,False
0.6350000000000005,finger_close,nan,nan,nan,nan,False
0.6360000000000005,finger_close,nan,nan,nan,nan,False
0.6370000000000005,finger_close,nan,nan,nan,nan,False
0.6380000000000005,finger_close,nan,nan,nan,nan,False
0.6390000000000005,finger_close,nan,nan,nan,nan,False
0.6400000000000005,finger_close,nan,nan,nan,nan,False
0.6410000000000005,finger_close,nan,nan,nan,nan,False
0.6420000000000005,finger_close,nan,nan,nan,nan,False
0.6430000000000005,finger_close,nan,nan,nan,nan,False
0.6440000000000005,finger_close,nan,nan,nan,nan,False
0.6450000000000005,finger_close,nan,nan,nan,nan,False
0.6460000000000005,finger_close,nan,nan,nan,nan,False
0.6470000000000005,finger_close,nan,nan,nan,nan,False
0.6480000000000005,finger_close,nan,nan,nan,nan,False
0.6490000000000005,finger_close,nan,nan,nan,nan,False
0.6500000000000005,finger_close,nan,nan,nan,nan,False
0.6510000000000005,finger_close,nan,nan,nan,nan,False
0.6520000000000005,finger_close,nan,nan,nan,nan,False
0.6530000000000005,finger_close,nan,nan,nan,nan,False
0.6540000000000005,finger_close,nan,nan,nan,nan,False
0.6550000000000005,finger_close,nan,nan,nan,nan,False
0.6560000000000005,finger_close,nan,nan,nan,nan,False
0.6570000000000005,finger_close,nan,nan,nan,nan,False
0.6580000000000005,finger_close,nan,nan,nan,nan,False
0.6590000000000005,finger_close,nan,nan,nan,nan,False
0.6600000000000005,finger_close,nan,nan,nan,nan,False
0.6610000000000005,finger_close,nan,nan,nan,nan,False
0.6620000000000005,finger_close,nan,nan,nan,nan,False
0.6630000000000005,finger_close,nan,nan,nan,nan,False
0.6640000000000005,finger_close,nan,nan,nan,nan,False
0.6650000000000005,finger_close,nan,nan,nan,nan,False
0.6660000000000005,finger_close,nan,nan,nan,nan,False
0.6670000000000005,finger_close,nan,nan,nan,nan,False
0.6680000000000005,finger_close,nan,nan,nan,nan,False
0.6690000000000005,finger_close,nan,nan,nan,nan,False
0.6700000000000005,finger_close,nan,nan,nan,nan,False
0.6710000000000005,finger_close,nan,nan,nan,nan,False
0.6720000000000005,finger_close,nan,nan,nan,nan,False
0.6730000000000005,finger_close,nan,nan,nan,nan,False
0.6740000000000005,finger_close,nan,nan,nan,nan,False
0.6750000000000005,finger_close,nan,nan,nan,nan,False
0.6760000000000005,finger_close,nan,nan,nan,nan,False
0.6770000000000005,finger_close,nan,nan,nan,nan,False
0.6780000000000005,finger_close,nan,nan,nan,nan,False
0.6790000000000005,finger_close,nan,nan,nan,nan,False
0.6800000000000005,finger_close,nan,nan,nan,nan,False
0.6810000000000005,finger_close,nan,nan,nan,nan,False
0.6820000000000005,finger_close,nan,nan,nan,nan,False
0.6830000000000005,finger_close,nan,nan,nan,nan,False
0.6840000000000005,finger_close,nan,nan,nan,nan,False
0.6850000000000005,finger_close,nan,nan,nan,nan,False
0.6860000000000005,finger_close,nan,nan,nan,nan,False
0.6870000000000005,finger_close,nan,nan,nan,nan,False
0.6880000000000005,finger_close,nan,nan,nan,nan,False
0.6890000000000005,finger_close,nan,nan,nan,nan,False
0.6900000000000005,finger_close,nan,nan,nan,nan,False
0.6910000000000005,finger_close,nan,nan,nan,nan,False
0.6920000000000005,finger_close,nan,nan,nan,nan,False
0.6930000000000005,finger_close,nan,nan,nan,nan,False
0.6940000000000005,finger_close,nan,nan,nan,nan,False
0.6950000000000005,finger_close,nan,nan,nan,nan,False
0.6960000000000005,finger_close,nan,nan,nan,nan,False
0.6970000000000005,finger_close,nan,nan,nan,nan,False
0.6980000000000005,finger_close,nan,nan,nan,nan,False
0.6990000000000005,finger_close,nan,nan,nan,nan,False
0.7000000000000005,finger_close,nan,nan,nan,nan,False
0.7010000000000005,finger_close,nan,nan,nan,nan,False
0.7020000000000005,finger_close,nan,nan,nan,nan,False
0.7030000000000005,finger_close,nan,nan,nan,nan,False
0.7040000000000005,finger_close,nan,nan,nan,nan,False
0.7050000000000005,finger_close,nan,nan,nan,nan,False
0.7060000000000005,finger_close,nan,nan,nan,nan,False
0.7070000000000005,finger_close,nan,nan,nan,nan,False
0.7080000000000005,finger_close,nan,nan,nan,nan,False
0.7090000000000005,finger_close,nan,nan,nan,nan,False
0.7100000000000005,finger_close,nan,nan,nan,nan,False
0.7110000000000005,finger_close,nan,nan,nan,nan,False
0.7120000000000005,finger_close,nan,nan,nan,nan,False
0.7130000000000005,finger_close,nan,nan,nan,nan,False
0.7140000000000005,finger_close,nan,nan,nan,nan,False
0.7150000000000005,finger_close,nan,nan,nan,nan,False
0.7160000000000005,finger_close,nan,nan,nan,nan,False
0.7170000000000005,finger_close,nan,nan,nan,nan,False
0.7180000000000005,finger_close,nan,nan,nan,nan,False
0.7190000000000005,finger_close,nan,nan,nan,nan,False
0.7200000000000005,finger_close,nan,nan,nan,nan,False
0.7210000000000005,finger_close,nan,nan,nan,nan,False
0.7220000000000005,finger_close,nan,nan,nan,nan,False
0.7230000000000005,finger_close,nan,nan,nan,nan,False
0.7240000000000005,finger_close,nan,nan,nan,nan,False
0.7250000000000005,finger_close,nan,nan,nan,nan,False
0.7260000000000005,finger_close,nan,nan,nan,nan,False
0.7270000000000005,finger_close,nan,nan,nan,nan,False
0.7280000000000005,finger_close,nan,nan,nan,nan,False
0.7290000000000005,finger_close,nan,nan,nan,nan,False
0.7300000000000005,finger_close,nan,nan,nan,nan,False
0.7310000000000005,finger_close,nan,nan,nan,nan,False
0.7320000000000005,finger_close,nan,nan,nan,nan,False
0.7330000000000005,finger_close,nan,nan,nan,nan,False
0.7340000000000005,finger_close,nan,nan,nan,nan,False
0.7350000000000005,finger_close,nan,nan,nan,nan,False
0.7360000000000005,finger_close,nan,nan,nan,nan,False
0.7370000000000005,finger_close,nan,nan,nan,nan,False
0.7380000000000005,finger_close,nan,nan,nan,nan,False
0.7390000000000005,finger_close,nan,nan,nan,nan,False
0.7400000000000005,finger_close,nan,nan,nan,nan,False
0.7410000000000005,finger_close,nan,nan,nan,nan,False
0.7420000000000005,finger_close,nan,nan,nan,nan,False
0.7430000000000005,finger_close,nan,nan,nan,nan,False
0.7440000000000005,finger_close,nan,nan,nan,nan,False
0.7450000000000006,finger_close,nan,nan,nan,nan,False
0.7460000000000006,finger_close,nan,nan,nan,nan,False
0.7470000000000006,finger_close,nan,nan,nan,nan,False
0.7480000000000006,finger_close,nan,nan,nan,nan,False
0.7490000000000006,finger_close,nan,nan,nan,nan,False
0.7500000000000006,finger_close,nan,nan,nan,nan,False
0.7510000000000006,finger_close,nan,nan,nan,nan,False
0.7520000000000006,finger_close,nan,nan,nan,nan,False
0.7530000000000006,finger_close,nan,nan,nan,nan,False
0.7540000000000006,finger_close,nan,nan,nan,nan,False
0.7550000000000006,finger_close,nan,nan,nan,nan,False
0.7560000000000006,finger_close,nan,nan,nan,nan,False
0.7570000000000006,finger_close,nan,nan,nan,nan,False
0.7580000000000006,finger_close,nan,nan,nan,nan,False
0.7590000000000006,finger_close,nan,nan,nan,nan,False
0.7600000000000006,finger_close,nan,nan,nan,nan,False
0.7610000000000006,finger_close,nan,nan,nan,nan,False
0.7620000000000006,finger_close,nan,nan,nan,nan,False
0.7630000000000006,finger_close,nan,nan,nan,nan,False
0.7640000000000006,finger_close,nan,nan,nan,nan,False
0.7650000000000006,finger_close,nan,nan,nan,nan,False
0.7660000000000006,finger_close,nan,nan,nan,nan,False
0.7670000000000006,finger_close,nan,nan,nan,nan,False
0.7680000000000006,finger_close,nan,nan,nan,nan,False
0.7690000000000006,finger_close,nan,nan,nan,nan,False
0.7700000000000006,finger_close,nan,nan,nan,nan,False
0.7710000000000006,finger_close,nan,nan,nan,nan,False
0.7720000000000006,finger_close,nan,nan,nan,nan,False
0.7730000000000006,finger_close,nan,nan,nan,nan,False
0.7740000000000006,finger_close,nan,nan,nan,nan,False
0.7750000000000006,finger_close,nan,nan,nan,nan,False
0.7760000000000006,finger_close,nan,nan,nan,nan,False
0.7770000000000006,finger_close,nan,nan,nan,nan,False
0.7780000000000006,finger_close,nan,nan,nan,nan,False
0.7790000000000006,finger_close,nan,nan,nan,nan,False
0.7800000000000006,finger_close,nan,nan,nan,nan,False
0.7810000000000006,finger_close,nan,nan,nan,nan,False
0.7820000000000006,finger_close,nan,nan,nan,nan,False
0.7830000000000006,finger_close,nan,nan,nan,nan,False
0.7840000000000006,finger_close,nan,nan,nan,nan,False
0.7850000000000006,finger_close,nan,nan,nan,nan,False
0.7860000000000006,finger_close,nan,nan,nan,nan,False
0.7870000000000006,finger_close,nan,nan,nan,nan,False
0.7880000000000006,finger_close,nan,nan,nan,nan,False
0.7890000000000006,finger_close,nan,nan,nan,nan,False
0.7900000000000006,finger_close,nan,nan,nan,nan,False
0.7910000000000006,finger_close,nan,nan,nan,nan,False
0.7920000000000006,finger_close,nan,nan,nan,nan,False
0.7930000000000006,finger_close,nan,nan,nan,nan,False
0.7940000000000006,finger_close,nan,nan,nan,nan,False
0.7950000000000006,finger_close,nan,nan,nan,nan,False
0.7960000000000006,finger_close,nan,nan,nan,nan,False
0.7970000000000006,finger_close,nan,nan,nan,nan,False
0.7980000000000006,finger_close,nan,nan,nan,nan,False
0.7990000000000006,finger_close,nan,nan,nan,nan,False
0.8000000000000006,finger_close,nan,nan,nan,nan,False
0.8010000000000006,finger_close,nan,nan,nan,nan,False
0.8020000000000006,finger_close,nan,nan,nan,nan,False
0.8030000000000006,finger_close,nan,nan,nan,nan,False
0.8040000000000006,finger_close,nan,nan,nan,nan,False
0.8050000000000006,finger_close,nan,nan,nan,nan,False
0.8060000000000006,finger_close,nan,nan,nan,nan,False
0.8070000000000006,finger_close,nan,nan,nan,nan,False
0.8080000000000006,finger_close,nan,nan,nan,nan,False
0.8090000000000006,finger_close,nan,nan,nan,nan,False
0.8100000000000006,finger_close,nan,nan,nan,nan,False
0.8110000000000006,finger_close,nan,nan,nan,nan,False
0.8120000000000006,finger_close,nan,nan,nan,nan,False
0.8130000000000006,finger_close,nan,nan,nan,nan,False
0.8140000000000006,finger_close,nan,nan,nan,nan,False
0.8150000000000006,finger_close,nan,nan,nan,nan,False
0.8160000000000006,finger_close,nan,nan,nan,nan,False
0.8170000000000006,finger_close,nan,nan,nan,nan,False
0.8180000000000006,finger_close,nan,nan,nan,nan,False
0.8190000000000006,finger_close,nan,nan,nan,nan,False
0.8200000000000006,finger_close,nan,nan,nan,nan,False
0.8210000000000006,finger_close,nan,nan,nan,nan,False
0.8220000000000006,finger_close,nan,nan,nan,nan,False
0.8230000000000006,finger_close,nan,nan,nan,nan,False
0.8240000000000006,finger_close,nan,nan,nan,nan,False
0.8250000000000006,finger_close,nan,nan,nan,nan,False
0.8260000000000006,finger_close,nan,nan,nan,nan,False
0.8270000000000006,finger_close,nan,nan,nan,nan,False
0.8280000000000006,finger_close,nan,nan,nan,nan,False
0.8290000000000006,finger_close,nan,nan,nan,nan,False
0.8300000000000006,finger_close,nan,nan,nan,nan,False
0.8310000000000006,finger_close,nan,nan,nan,nan,False
0.8320000000000006,finger_close,nan,nan,nan,nan,False
0.8330000000000006,finger_close,nan,nan,nan,nan,False
0.8340000000000006,finger_close,nan,nan,nan,nan,False
0.8350000000000006,finger_close,nan,nan,nan,nan,False
0.8360000000000006,finger_close,nan,nan,nan,nan,False
0.8370000000000006,finger_close,nan,nan,nan,nan,False
0.8380000000000006,finger_close,nan,nan,nan,nan,False
0.8390000000000006,finger_close,nan,nan,nan,nan,False
0.8400000000000006,finger_close,nan,nan,nan,nan,False
0.8410000000000006,finger_close,nan,nan,nan,nan,False
0.8420000000000006,finger_close,nan,nan,nan,nan,False
0.8430000000000006,finger_close,nan,nan,nan,nan,False
0.8440000000000006,finger_close,nan,nan,nan,nan,False
0.8450000000000006,finger_close,nan,nan,nan,nan,False
0.8460000000000006,finger_close,nan,nan,nan,nan,False
0.8470000000000006,finger_close,nan,nan,nan,nan,False
0.8480000000000006,finger_close,nan,nan,nan,nan,False
0.8490000000000006,finger_close,nan,nan,nan,nan,False
0.8500000000000006,finger_close,nan,nan,nan,nan,False
0.8510000000000006,finger_close,nan,nan,nan,nan,False
0.8520000000000006,finger_close,nan,nan,nan,nan,False
0.8530000000000006,finger_close,nan,nan,nan,nan,False
0.8540000000000006,finger_close,nan,nan,nan,nan,False
0.8550000000000006,finger_close,nan,nan,nan,nan,False
0.8560000000000006,finger_close,nan,nan,nan,nan,False
0.8570000000000007,finger_close,nan,nan,nan,nan,False
0.8580000000000007,finger_close,nan,nan,nan,nan,False
0.8590000000000007,finger_close,nan,nan,nan,nan,False
0.8600000000000007,finger_close,nan,nan,nan,nan,False
0.8610000000000007,finger_close,nan,nan,nan,nan,False
0.8620000000000007,finger_close,nan,nan,nan,nan,False
0.8630000000000007,finger_close,nan,nan,nan,nan,False
0.8640000000000007,finger_close,nan,nan,nan,nan,False
0.8650000000000007,finger_close,nan,nan,nan,nan,False
0.8660000000000007,finger_close,nan,nan,nan,nan,False
0.8670000000000007,finger_close,nan,nan,nan,nan,False
0.8680000000000007,finger_close,nan,nan,nan,nan,False
0.8690000000000007,finger_close,nan,nan,nan,nan,False
0.8700000000000007,finger_close,nan,nan,nan,nan,False
0.8710000000000007,finger_close,nan,nan,nan,nan,False
0.8720000000000007,finger_close,nan,nan,nan,nan,False
0.8730000000000007,finger_close,nan,nan,nan,nan,False
0.8740000000000007,finger_close,nan,nan,nan,nan,False
0.8750000000000007,finger_close,nan,nan,nan,nan,False
0.8760000000000007,finger_close,nan,nan,nan,nan,False
0.8770000000000007,finger_close,nan,nan,nan,nan,False
0.8780000000000007,finger_close,nan,nan,nan,nan,False
0.8790000000000007,finger_close,nan,nan,nan,nan,False
0.8800000000000007,finger_close,nan,nan,nan,nan,False
0.8810000000000007,finger_close,nan,nan,nan,nan,False
0.8820000000000007,finger_close,nan,nan,nan,nan,False
0.8830000000000007,finger_close,nan,nan,nan,nan,False
0.8840000000000007,finger_close,nan,nan,nan,nan,False
0.8850000000000007,finger_close,nan,nan,nan,nan,False
0.8860000000000007,finger_close,nan,nan,nan,nan,False
0.8870000000000007,finger_close,nan,nan,nan,nan,False
0.8880000000000007,finger_close,nan,nan,nan,nan,False
0.8890000000000007,finger_close,nan,nan,nan,nan,False
0.8900000000000007,finger_close,nan,nan,nan,nan,False
0.8910000000000007,finger_close,nan,nan,nan,nan,False
0.8920000000000007,finger_close,nan,nan,nan,nan,False
0.8930000000000007,finger_close,nan,nan,nan,nan,False
0.8940000000000007,finger_close,nan,nan,nan,nan,False
0.8950000000000007,finger_close,nan,nan,nan,nan,False
0.8960000000000007,finger_close,nan,nan,nan,nan,False
0.8970000000000007,finger_close,nan,nan,nan,nan,False
0.8980000000000007,finger_close,nan,nan,nan,nan,False
0.8990000000000007,finger_close,nan,nan,nan,nan,False
0.9000000000000007,finger_close,nan,nan,nan,nan,False
0.9010000000000007,finger_close,nan,nan,nan,nan,False
0.9020000000000007,finger_close,nan,nan,nan,nan,False
0.9030000000000007,finger_close,nan,nan,nan,nan,False
0.9040000000000007,finger_close,nan,nan,nan,nan,False
0.9050000000000007,finger_close,nan,nan,nan,nan,False
0.9060000000000007,finger_close,nan,nan,nan,nan,False
0.9070000000000007,finger_close,nan,nan,nan,nan,False
0.9080000000000007,finger_close,nan,nan,nan,nan,False
0.9090000000000007,finger_close,nan,nan,nan,nan,False
0.9100000000000007,finger_close,nan,nan,nan,nan,False
0.9110000000000007,finger_close,nan,nan,nan,nan,False
0.9120000000000007,finger_close,nan,nan,nan,nan,False
0.9130000000000007,finger_close,nan,nan,nan,nan,False
0.9140000000000007,finger_close,nan,nan,nan,nan,False
0.9150000000000007,finger_close,nan,nan,nan,nan,False
0.9160000000000007,finger_close,nan,nan,nan,nan,False
0.9170000000000007,finger_close,nan,nan,nan,nan,False
0.9180000000000007,finger_close,nan,nan,nan,nan,False
0.9190000000000007,finger_close,nan,nan,nan,nan,False
0.9200000000000007,finger_close,nan,nan,nan,nan,False
0.9210000000000007,finger_close,nan,nan,nan,nan,False
0.9220000000000007,finger_close,nan,nan,nan,nan,False
0.9230000000000007,finger_close,nan,nan,nan,nan,False
0.9240000000000007,finger_close,nan,nan,nan,nan,False
0.9250000000000007,finger_close,nan,nan,nan,nan,False
0.9260000000000007,finger_close,nan,nan,nan,nan,False
0.9270000000000007,finger_close,nan,nan,nan,nan,False
0.9280000000000007,finger_close,nan,nan,nan,nan,False
0.9290000000000007,finger_close,nan,nan,nan,nan,False
0.9300000000000007,finger_close,nan,nan,nan,nan,False
0.9310000000000007,finger_close,nan,nan,nan,nan,False
0.9320000000000007,finger_close,nan,nan,nan,nan,False
0.9330000000000007,finger_close,nan,nan,nan,nan,False
0.9340000000000007,finger_close,nan,nan,nan,nan,False
0.9350000000000007,finger_close,nan,nan,nan,nan,False
0.9360000000000007,finger_close,nan,nan,nan,nan,False
0.9370000000000007,finger_close,nan,nan,nan,nan,False
0.9380000000000007,finger_close,nan,nan,nan,nan,False
0.9390000000000007,finger_close,nan,nan,nan,nan,False
0.9400000000000007,finger_close,nan,nan,nan,nan,False
0.9410000000000007,finger_close,nan,nan,nan,nan,False
0.9420000000000007,finger_close,nan,nan,nan,nan,False
0.9430000000000007,finger_close,nan,nan,nan,nan,False
0.9440000000000007,finger_close,nan,nan,nan,nan,False
0.9450000000000007,finger_close,nan,nan,nan,nan,False
0.9460000000000007,finger_close,nan,nan,nan,nan,False
0.9470000000000007,finger_close,nan,nan,nan,nan,False
0.9480000000000007,finger_close,nan,nan,nan,nan,False
0.9490000000000007,finger_close,nan,nan,nan,nan,False
0.9500000000000007,finger_close,nan,nan,nan,nan,False
0.9510000000000007,finger_close,nan,nan,nan,nan,False
0.9520000000000007,finger_close,nan,nan,nan,nan,False
0.9530000000000007,finger_close,nan,nan,nan,nan,False
0.9540000000000007,finger_close,nan,nan,nan,nan,False
0.9550000000000007,finger_close,nan,nan,nan,nan,False
0.9560000000000007,finger_close,nan,nan,nan,nan,False
0.9570000000000007,finger_close,nan,nan,nan,nan,False
0.9580000000000007,finger_close,nan,nan,nan,nan,False
0.9590000000000007,finger_close,nan,nan,nan,nan,False
0.9600000000000007,finger_close,nan,nan,nan,nan,False
0.9610000000000007,finger_close,nan,nan,nan,nan,False
0.9620000000000007,finger_close,nan,nan,nan,nan,False
0.9630000000000007,finger_close,nan,nan,nan,nan,False
0.9640000000000007,finger_close,nan,nan,nan,nan,False
0.9650000000000007,finger_close,nan,nan,nan,nan,False
0.9660000000000007,finger_close,nan,nan,nan,nan,False
0.9670000000000007,finger_close,nan,nan,nan,nan,False
0.9680000000000007,finger_close,nan,nan,nan,nan,False
0.9690000000000007,finger_close,nan,nan,nan,nan,False
0.9700000000000008,finger_close,nan,nan,nan,nan,False
0.9710000000000008,finger_close,nan,nan,nan,nan,False
0.9720000000000008,finger_close,nan,nan,nan,nan,False
0.9730000000000008,finger_close,nan,nan,nan,nan,False
0.9740000000000008,finger_close,nan,nan,nan,nan,False
0.9750000000000008,finger_close,nan,nan,nan,nan,False
0.9760000000000008,finger_close,nan,nan,nan,nan,False
0.9770000000000008,finger_close,nan,nan,nan,nan,False
0.9780000000000008,finger_close,nan,nan,nan,nan,False
0.9790000000000008,finger_close,nan,nan,nan,nan,False
0.9800000000000008,finger_close,nan,nan,nan,nan,False
0.9810000000000008,finger_close,nan,nan,nan,nan,False
0.9820000000000008,finger_close,nan,nan,nan,nan,False
0.9830000000000008,finger_close,nan,nan,nan,nan,False
0.9840000000000008,finger_close,nan,nan,nan,nan,False
0.9850000000000008,finger_close,nan,nan,nan,nan,False
0.9860000000000008,finger_close,nan,nan,nan,nan,False
0.9870000000000008,finger_close,nan,nan,nan,nan,False
0.9880000000000008,finger_close,nan,nan,nan,nan,False
0.9890000000000008,finger_close,nan,nan,nan,nan,False
0.9900000000000008,finger_close,nan,nan,nan,nan,False
0.9910000000000008,finger_close,nan,nan,nan,nan,False
0.9920000000000008,finger_close,nan,nan,nan,nan,False
0.9930000000000008,finger_close,nan,nan,nan,nan,False
0.9940000000000008,finger_close,nan,nan,nan,nan,False
0.9950000000000008,finger_close,nan,nan,nan,nan,False
0.9960000000000008,finger_close,nan,nan,nan,nan,False
0.9970000000000008,finger_close,nan,nan,nan,nan,False
0.9980000000000008,finger_close,nan,nan,nan,nan,False
0.9990000000000008,finger_close,nan,nan,nan,nan,False
1.0000000000000007,thumb_ik,0.03843229331954708,0.05723791677710864,0.015784116676206,0.07072735415686779,False
1.0010000000000006,thumb_ik,0.038432281501780095,0.057238008593225156,0.015784947791025856,0.07072760752291567,False
1.0020000000000004,thumb_ik,0.038432268198125605,0.057238091587978226,0.015785703014012845,0.0707278360133622,False
1.0030000000000003,thumb_ik,0.03843225207397894,0.057238157920889,0.015786314778370968,0.07072801747494624,False
1.0040000000000002,thumb_ik,0.038432231944896415,0.057238200516996726,0.015786722073186207,0.0707281319172666,False
1.0050000000000001,thumb_ik,0.03843220675991868,0.05723821299287403,0.01578686982063758,0.0707281613064309,False
1.006,thumb_ik,0.03843217529816621,0.057238172482670505,0.0157864671573648,0.07072802155168398,False
1.007,thumb_ik,0.038432139660716354,0.05723804422062691,0.01578511149281666,0.07072759581622932,False
1.0079999999999998,thumb_ik,0.03843210417279061,0.05723778691754246,0.01578238064198595,0.07072675887593576,False
1.0089999999999997,thumb_ik,0.03843205170152258,0.05723734912220875,0.015777848018336076,0.07072536476127803,False
1.0099999999999996,thumb_ik,0.038431966708117146,0.057236682744928394,0.01577111203158875,0.07072327687127013,False
1.0109999999999995,thumb_ik,0.038431835957083674,0.057235742792476105,0.015761795154556897,0.07072036803165607,False
1.0119999999999993,thumb_ik,0.03843164821427488,0.057234487109936075,0.015749542981635504,0.07071652001713319,False
1.0129999999999992,thumb_ik,0.03843139397515556,0.05723287613105109,0.015734023319283988,0.07071162311047338,False
1.0139999999999991,thumb_ik,0.03843106522104449,0.05723087263808692,0.015714925307710063,0.0707055756950469,False
1.014999999999999,thumb_ik,0.038430655201111955,0.057228441531994786,0.015691958572959,0.07069828387749705,False
1.015999999999999,thumb_ik,0.03843015823799201,0.05722554961347527,0.0156648524086098,0.07068966113757338,False
1.0169999999999988,thumb_ik,0.03842956955496501,0.05722216537538623,0.015633354986276455,0.07067962800238042,False
1.0179999999999987,thumb_ik,0.038428885122779755,0.057218258806796,0.01559723259411136,0.07066811174253987,False
1.0189999999999986,thumb_ik,0.038428103344391014,0.057213806293720235,0.015556389765869288,0.0706550778062708,False
1.0199999999999985,thumb_ik,0.03842722479589859,0.057208791512387766,0.015510877183777078,0.0706405318696893,False
1.0209999999999984,thumb_ik,0.038426249675651475,0.05720319979595763,0.015460745153966674,0.07062448139099965,False
1.0219999999999982,thumb_ik,0.03842517780909354,0.05719701790570854,0.015406043796752733,0.07060693544145548,False
1.0229999999999981,thumb_ik,0.03842400865497884,0.05719023382944892,0.015346823201788618,0.07058790455150152,False
1.023999999999998,thumb_ik,0.03842274131299938,0.05718283660441874,0.015283133552924795,0.07056740057087164,False
1.024999999999998,thumb_ik,0.03842137453277243,0.057174816162152434,0.015215025226992283,0.07054543654143415,False
1.0259999999999978,thumb_ik,0.038419906724072715,0.057166163192986966,0.01514254887020686,0.070522026581631,False
1.0269999999999977,thumb_ik,0.03841833596815984,0.05715686902809676,0.015065755455421359,0.07049718578141945,False
1.0279999999999976,thumb_ik,0.038416660030036395,0.05714692553713603,0.014984696323046224,0.07047093010670627,False
1.0289999999999975,thumb_ik,0.03841487637146695,0.05713632503974912,0.014899423208097357,0.07044327631234185,False
1.0299999999999974,thumb_ik,0.03841298216459371,0.057125060229384086,0.01480998825551252,0.0704142418628261,False
1.0309999999999973,thumb_ik,0.038410971218642155,0.057113132652245616,0.014716510164012509,0.07038386393712584,False
1.0319999999999971,thumb_ik,0.038408834701403154,0.05710055184241418,0.014619165857645933,0.07035219693940838,False
1.032999999999997,thumb_ik,0.038406564491078994,0.057087326757834664,0.014518123421512453,0.07031929308550722,False
1.033999999999997,thumb_ik,0.038404153093792054,0.05707346582632032,0.014413542596291124,0.07028520247146386,False
1.0349999999999968,thumb_ik,0.03840159357153561,0.05705897698643621,0.01430557524225731,0.07024997314294111,False
1.0359999999999967,thumb_ik,0.038398879479235516,0.057043867724059935,0.014194365774932322,0.07021365116509375,False
1.0369999999999966,thumb_ik,0.038396004809762345,0.05702814510526681,0.01408005157433401,0.07017628069251437,False
1.0379999999999965,thumb_ik,0.03839296394588324,0.05701181580606497,0.013962763369634576,0.07013790403890738,False
1.0389999999999964,thumb_ik,0.03838975161827057,0.056994886139407355,0.013842625600886845,0.07009856174617882,False
1.0399999999999963,thumb_ik,0.038386362868796646,0.05697736207983663,0.01371975675934983,0.07005829265267217,False
1.0409999999999962,thumb_ik,0.038382793018442336,0.05695924928605388,0.013594269707824532,0.07001713396031353,False
1.041999999999996,thumb_ik,0.03837903763923127,0.056940553121655954,0.013466271982303105,0.06997512130046661,False
1.042999999999996,thumb_ik,0.03837509252967598,0.056921278674246775,0.013335866076136413,0.0699322887983305,False
1.0439999999999958,thumb_ik,0.03837095369328858,0.05690143077309705,0.013203149707835324,0.06988866913574449,False
1.0449999999999957,thumb_ik,0.03836661731976175,0.05688101400549976,0.013068216073539122,0.06984429361228882,False
1.0459999999999956,thumb_ik,0.03836207976848082,0.05686003273195077,0.012931154085110528,0.06979919220459982,False
1.0469999999999955,thumb_ik,0.03835733755406527,0.056838491100262165,0.012792048594747899,0.06975339362383366,False
1.0479999999999954,thumb_ik,0.038352387333680155,0.05681639305870766,0.012650980606942863,0.06970692537123867,False
1.0489999999999953,thumb_ik,0.03834722589588978,0.05679374236828198,0.01250802747855444,0.06965981379180869,False
1.0499999999999952,thumb_ik,0.03834185015085376,0.05677054261414975,0.012363263107717962,0.0696120841260063,False
1.050999999999995,thumb_ik,0.03833625712169346,0.05674679721634994,0.012216758112257645,0.06956376055955822,False
1.051999999999995,thumb_ik,0.03833044393687675,0.05672250943981423,0.012068579998229141,0.06951486627133452,False
1.0529999999999948,thumb_ik,0.03832440782348973,0.056697682403753155,0.01191879331917417,0.06946542347933403,False
1.0539999999999947,thumb_ik,0.038318146101280676,0.056672319090455794,0.011767459826634494,0.069415453484804,False
1.0549999999999946,thumb_ik,0.03831165617737619,0.05664642235354815,0.011614638612434343,0.0693649767145315,False
1.0559999999999945,thumb_ik,0.038304935541582305,0.056619994925748,0.011460386243209914,0.06931401276134617,False
1.0569999999999944,thumb_ik,0.038297981762195475,0.05659303942615103,0.011304756887632848,0.0692625804228793,False
1.0579999999999943,thumb_ik,0.038290792194366645,0.05656556393909955,0.011147813173589823,0.0692107038627248,False
1.0589999999999942,thumb_ik,0.03828336390308837,0.05653758466069418,0.010989631641804751,0.06915841550110881,False
1.059999999999994,thumb_ik,0.03827569420400264,0.056509116256571026,0.010830284824577815,0.06910574546503685,False
1.060999999999994,thumb_ik,0.03826778064025986,0.05648017203215357,0.010669841439242819,0.06905272177294167,False
1.0619999999999938,thumb_ik,0.03825962096179458,0.056450764082405916,0.010508366574741263,0.06899937050217764,False
1.0629999999999937,thumb_ik,0.03825121310675642,0.05642090342366955,0.010345921871193365,0.0689457159412126,False
1.0639999999999936,thumb_ik,0.03824255518486066,0.05639060010983081,0.010182565692419966,0.0688917807281421,False
1.0649999999999935,thumb_ik,0.03823364546244843,0.05635986333476638,0.010018353291428184,0.06883758597694735,False
1.0659999999999934,thumb_ik,0.0382244823490705,0.056328701522766575,0.00985333696892311,0.06878315139275369,False
1.0669999999999933,thumb_ik,0.03821506438542806,0.056297122408415515,0.00968756622494639,0.06872849537719601,False
1.0679999999999932,thumb_ik,0.0382053902325211,0.05626513310721891,0.00952108790377481,0.06867363512486933,False
1.068999999999993,thumb_ik,0.038195458661875306,0.05623274017810782,0.0093539463322357,0.06861858671173542,False
1.069999999999993,thumb_ik,0.03818526854672716,0.05619994967880319,0.009186183451616047,0.06856336517625448,False
1.0709999999999928,thumb_ik,0.03817481885406526,0.056166767214904365,0.009017838943356067,0.06850798459393082,False
1.0719999999999927,thumb_ik,0.03816410863743438,0.0561331979834558,0.008848950348728755,0.06845245814588403,False
1.0729999999999926,thumb_ik,0.03815313703041999,0.05609924681165408,0.008679553182713379,0.06839679818199414,False
1.0739999999999925,thumb_ik,0.03814190324074053,0.05606491819127403,0.008509681042276878,0.0683410162791098,False
1.0749999999999924,thumb_ik,0.03813040654488259,0.05603021630932335,0.008339365709277024,0.0682851232947606,False
1.0759999999999923,thumb_ik,0.03811864628322057,0.055995145075370886,0.00816863724820326,0.06822912941676636,False
1.0769999999999922,thumb_ik,0.038106621855571184,0.05595970814594149,0.00799752409896876,0.06817304420910095,False
1.077999999999992,thumb_ik,0.03809433271713616,0.055923908946319476,0.007826053164965052,0.0681168766543282,False
1.078999999999992,thumb_ik,0.03808177837479319,0.05588775069006517,0.00765424989658646,0.0680606351929009,False
1.0799999999999919,thumb_ik,0.03806895838369985,0.05585123639650762,0.007482138370427799,0.06800432775958215,False
1.0809999999999917,thumb_ik,0.03805587234417785,0.05581436890644982,0.007309741364353056,0.06794796181722722,False
1.0819999999999916,thumb_ik,0.03804251989885035,0.05577715089628839,0.007137080428627457,0.06789154438813752,False
1.0829999999999915,thumb_ik,0.03802890073000613,0.05573958489073204,0.00696417595329912,0.06783508208318388,False
1.0839999999999914,thumb_ik,0.03801501455716938,0.05570167327427454,0.0067910472320107974,0.0677785811288731,False
1.0849999999999913,thumb_ik,0.03800086113485481,0.05566341830156514,0.006617712522415213,0.06772204739252105,False
1.0859999999999912,thumb_ik,0.037986440250489834,0.05562482210679688,0.006444189103361107,0.0676654864056759,False
1.086999999999991,thumb_ik,0.03797175172248938,0.05558588671222421,0.006270493329011088,0.06760890338592819,False
1.087999999999991,thumb_ik,0.03795679539846798,0.05554661403590387,0.006096640680045146,0.06755230325722739,False
1.0889999999999909,thumb_ik,0.0379415711535774,0.05550700589874423,0.005922645812097758,0.06749569066881798,False
1.0899999999999908,thumb_ik,0.0379260788889583,0.05546706403093708,0.005748522601569925,0.06743907001289626,False
1.0909999999999906,thumb_ik,0.0379103185302964,0.05542679007783881,0.005574284188951308,0.06738244544108307,False
1.0919999999999905,thumb_ik,0.0378942900264731,0.05538618560535759,0.005399943019781615,0.06732582087979667,False
1.0929999999999904,thumb_ik,0.03787799334830395,0.05534525210489878,0.005225510883374109,0.06726920004460601,False
1.0939999999999903,thumb_ik,0.03786142848735649,0.05530399099791457,0.005050998949418753,0.0672125864536372,False
1.0949999999999902,thumb_ik,0.037844595454842055,0.05526240364009573,0.004876417802577394,0.06715598344009871,False
1.09599999999999,thumb_ik,0.03782749428057467,0.05522049132524405,0.004701777475175955,0.0670993941639888,False
1.09699999999999,thumb_ik,0.03781012501199283,0.055178255288854575,0.004527087478096197,0.06704282162304082,False
1.0979999999999899,thumb_ik,0.037792487713238426,0.05513569671143652,0.004352356829963249,0.06698626866295895,False
1.0989999999999898,thumb_ik,0.037774582464289115,0.05509281672159823,0.004177594084718978,0.06692973798699402,False
1.0999999999999897,thumb_ik,0.03775640936014056,0.055049616398916854,0.004002807357669731,0.06687323216490303,False
1.1009999999999895,thumb_ik,0.03773796851003375,0.05500609677661343,0.003828004350089932,0.06681675364133435,False
1.1019999999999894,thumb_ik,0.03771926003672566,0.05496225884405047,0.00365319237245983,0.06676030474367782,False
1.1029999999999893,thumb_ik,0.037700284075799374,0.05491810354906772,0.0034783783664118495,0.06670388768941446,False
1.1039999999999892,thumb_ik,0.037681040775011276,0.054873631800169395,0.0033035689254555627,0.06664750459299927,False
1.104999999999989,thumb_ik,0.03766153029367285,0.0548288444685764,0.0031287703145485013,0.06659115747230843,False
1.105999999999989,thumb_ik,0.03764175280206513,0.054783742390153364,0.0029539884885753133,0.06653484825467855,False
1.1069999999999889,thumb_ik,0.037621708480882886,0.054738326367221715,0.0027792291097952435,0.06647857878256536,False
1.1079999999999888,thumb_ik,0.03760139752070801,0.05469259717026666,0.002604497564315588,0.0664223508188463,False
1.1089999999999887,thumb_ik,0.03758082012150885,0.054646555539546574,0.002429798977642887,0.06636616605178958,False
1.1099999999999886,thumb_ik,0.037559976492165095,0.05460020218661231,0.002255138229364694,0.06631002609971196,False
1.1109999999999884,thumb_ik,0.03753886685001611,0.054553537795742665,0.0020805199670086393,0.06625393251534496,False
1.1119999999999883,thumb_ik,0.03751749142043145,0.05450656302530134,0.0019059486191245756,0.06619788678992734,False
1.1129999999999882,thumb_ik,0.03749585043640228,0.05445927850902223,0.0017314284076332884,0.0661418903570427,False
1.113999999999988,thumb_ik,0.03747394413815265,0.054411684857226514,0.001556963359481845,0.06608594459621718,False
1.114999999999988,thumb_ik,0.037451772772769266,0.05436378265797663,0.0013825573176446601,0.06603005083629297,False
1.115999999999988,thumb_ik,0.03742933659384895,0.05431557247817108,0.0012082139515058807,0.0659742103585917,False
1.1169999999999878,thumb_ik,0.0374066358611628,0.05426705486458348,0.001033936766658746,0.06591842439988074,False
1.1179999999999877,thumb_ik,0.03738367084033585,0.05421823034485011,0.0008597291141530065,0.06586269415515528,False
1.1189999999999876,thumb_ik,0.03736044180254204,0.05416909942840763,0.0006855941992223238,0.06580702078024692,False
1.1199999999999875,thumb_ik,0.03733694902421276,0.05411966260738542,0.0005115350895199926,0.06575140539427049,False
1.1209999999999873,thumb_ik,0.037313192786759486,0.05406992035745385,0.00033755472289085167,0.06569584908191863,False
1.1219999999999872,thumb_ik,0.037289173376308334,0.054019873138631755,0.0001636559147051818,0.06564035289561346,False
1.1229999999999871,thumb_ik,0.0372648910834472,0.053969521396054806,-1.0158635221069884e-05,0.06558491785752477,False
1.123999999999987,thumb_ik,0.03724034620298405,0.05391886556070789,-0.00018388633609602023,0.06552954496146302,False
1.124999999999987,thumb_ik,0.037215539033716286,0.05386790605012172,-0.0003575246999905496,0.06547423517465403,False
1.1259999999999868,thumb_ik,0.03719046987821013,0.05381664326903697,-0.000531071336024095,0.06541898943940348,False
1.1269999999999867,thumb_ik,0.0371651390425902,0.05376507761003761,-0.0007045239448794476,0.06536380867465832,False
1.1279999999999866,thumb_ik,0.037139546836337786,0.05371320945415346,-0.0008778803136268061,0.06530869377746995,False
1.1289999999999865,thumb_ik,0.03711369357209871,0.05366103917143579,-0.0010511383108403223,0.0652536456243674,False
1.1299999999999863,thumb_ik,0.03708757956549925,0.05360856712150501,-0.0012242958819908313,0.06519866507264398,False
1.1309999999999862,thumb_ik,0.037061205134969924,0.05355579365407394,-0.0013973510450987804,0.06514375296156422,False
1.1319999999999861,thumb_ik,0.03703457060157725,0.05350271910944583,-0.0015703018866329993,0.065088910113495,False
1.132999999999986,thumb_ik,0.037007676288862756,0.05344934381899015,-0.0017431465576414652,0.06503413733496656,False
1.133999999999986,thumb_ik,0.03698052252268862,0.0533956681055958,-0.0019158832701007163,0.06497943541766636,False
1.1349999999999858,thumb_ik,0.0369531096310903,0.05334169228410372,-0.002088510293471988,0.06492480513937125,False
1.1359999999999857,thumb_ik,0.03692543794413528,0.053287416661719364,-0.0022610259514520906,0.06487024726482096,False
1.1369999999999856,thumb_ik,0.0368975077937879,0.053232841538406475,-0.0024334286189082524,0.0648157625465369,False
1.1379999999999855,thumb_ik,0.03686931951377981,0.05317796720726205,-0.0026057167189861147,0.06476135172558882,False
1.1389999999999854,thumb_ik,0.036840873439486235,0.05312279395487486,-0.002777888720382097,0.06470701553231425,False
1.1399999999999852,thumb_ik,0.036812169907806905,0.0530673220616671,-0.002949943134769494,0.06465275468699162,False
1.1409999999999851,thumb_ik,0.03678320925705266,0.05301155180221982,-0.0031218785143704124,0.06459856990047108,False
1.141999999999985,thumb_ik,0.036753991826836356,0.052955483445584026,-0.0032936934496656627,0.06454446187476544,False
1.142999999999985,thumb_ik,0.03672451795796853,0.0528991172555774,-0.003465386567233813,0.06449043130360382,False
1.1439999999999848,thumb_ik,0.036694787992357425,0.05284245349106707,-0.0036369565277127626,0.0644364788729499,False
1.1449999999999847,thumb_ik,0.03666480227291304,0.05278549240623932,-0.003808402023876844,0.0643826052614868,False
1.1459999999999846,thumb_ik,0.036634561143455535,0.05272823425085664,-0.003979721778822418,0.06432881114107136,False
1.1469999999999845,thumb_ik,0.03660406494862699,0.05267067927050405,-0.00415091454425701,0.06427509717715978,False
1.1479999999999844,thumb_ik,0.03657331403380732,0.05261282770682231,-0.004321979098884234,0.06422146402920482,False
1.1489999999999843,thumb_ik,0.03654230874503332,0.05255467979773186,-0.0044929142468812,0.06416791235102863,False
1.1499999999999841,thumb_ik,0.03651104942892109,0.052496235777645436,-0.004663718816461274,0.0641144427911705,False
1.150999999999984,thumb_ik,0.03647953643259216,0.05243749587767117,-0.0048343916585187295,0.06406105599321288,False
1.151999999999984,thumb_ik,0.03644777010360202,0.05237846032580652,-0.005004931645349851,0.06400775259608588,False
1.1529999999999838,thumb_ik,0.03641575078987197,0.0523191293471227,-0.005175337669446559,0.0639545332343518,False
1.1539999999999837,thumb_ik,0.03638347883962407,0.052259503163940804,-0.005345608642357971,0.06390139853847147,False
1.1549999999999836,thumb_ik,0.03635095460131815,0.05219958199599996,-0.005515743493616821,0.06384834913505276,False
1.1559999999999835,thumb_ik,0.03631817842359206,0.05213936606061727,-0.005685741169726161,0.06379538564708293,False
1.1569999999999834,thumb_ik,0.03628515065520415,0.05207885557284046,-0.005855600633203544,0.06374250869414548,False
1.1579999999999833,thumb_ik,0.03625187164497805,0.0520180507455935,-0.006025320861679246,0.06368971889262262,False
1.1589999999999832,thumb_ik,0.036218341741750266,0.05195695178981548,-0.006194900847045156,0.06363701685588459,False
1.159999999999983,thumb_ik,0.036184561294319253,0.051895558914592785,-0.0063643395946522095,0.06358440319446566,False
1.160999999999983,thumb_ik,0.03615053065139734,0.051833872327285355,-0.0065336361225525295,0.06353187851622884,False
1.1619999999999828,thumb_ik,0.03611625016156433,0.05177189223364677,-0.006702789460784762,0.0634794434265191,False
1.1629999999999827,thumb_ik,0.03608172017322316,0.05170961883793905,-0.0068717986506995656,0.0634270985283063,False
1.1639999999999826,thumb_ik,0.036046941034557384,0.05164705234304208,-0.007040662744322846,0.06337484442231855,False
1.1649999999999825,thumb_ik,0.03601191309349085,0.051584192950557425,-0.0072093808037555045,0.06332268170716583,False
1.1659999999999824,thumb_ik,0.03597663669764862,0.05152104086090804,-0.007377951900606101,0.06327061097945562,False
1.1669999999999823,thumb_ik,0.035941112194319946,0.05145759627343273,-0.007546375115455976,0.06321863283390004,False
1.1679999999999822,thumb_ik,0.035905339930422955,0.05139385938647682,-0.007714649537354488,0.06316674786341608,False
1.168999999999982,thumb_ik,0.03586932025247041,0.05132983039747753,-0.007882774263342027,0.06311495665921747,False
1.169999999999982,thumb_ik,0.03583305350653766,0.051265509503046744,-0.008050748398000383,0.06306325981090156,False
1.1709999999999818,thumb_ik,0.03579654283371345,0.05120089690102765,-0.008218571230055451,0.06301165951932261,False
1.1719999999999817,thumb_ik,0.03575979253849586,0.0511359927891044,-0.00838624214125729,0.06296015865748275,False
1.1729999999999816,thumb_ik,0.03572280643525012,0.051070797363598,-0.00855376050425281,0.06290875981712046,False
1.1739999999999815,thumb_ik,0.03568558790666741,0.051005310819564095,-0.008721125683474013,0.06285746534208789,False
1.1749999999999814,thumb_ik,0.0356481399552682,0.05093953335089123,-0.008888337035962032,0.06280627735777534,False
1.1759999999999813,thumb_ik,0.03561046524877606,0.050873465150394356,-0.009055393912128198,0.06275519779704694,False
1.1769999999999812,thumb_ik,0.03557256616009149,0.05080710640990792,-0.009222295656455399,0.06270422842310452,False
1.177999999999981,thumb_ik,0.03553444480250796,0.0507404573203742,-0.009389041608141215,0.06265337084964072,False
1.178999999999981,thumb_ik,0.03549610306073575,0.05067351807192923,-0.009555631101686533,0.06260262655860399,False
1.1799999999999808,thumb_ik,0.03545754261823314,0.05060628885398531,-0.009722063467432433,0.06255199691585875,False
1.1809999999999807,thumb_ik,0.03541876498128323,0.05053876985530935,-0.009888338032048302,0.06250148318498812,False
1.1819999999999806,thumb_ik,0.035379771500204715,0.050470961264098876,-0.01005445411897445,0.06245108653946246,False
1.1829999999999805,thumb_ik,0.03534056338803632,0.050402863268053086,-0.01022041104882231,0.062400808073363574,False
1.1839999999999804,thumb_ik,0.03530114173699707,0.05033447605444154,-0.010386208139735491,0.06235064881083927,False
1.1849999999999803,thumb_ik,0.03526150753298564,0.050265799810168835,-0.010551844707713965,0.062300609714436045,False
1.1859999999999802,thumb_ik,0.03522166166835333,0.05019683472183624,-0.010717320066905341,0.062250691692444564,False
1.18699999999998,thumb_ik,0.035181604953155324,0.050127580975799765,-0.010882633529864589,0.062200895605373556,False
1.18799999999998,thumb_ik,0.03514133812506172,0.05005803875822552,-0.011047784407786237,0.06215122227165649,False
1.1889999999999799,thumb_ik,0.03510086185808806,0.049988208255141706,-0.011212772010710293,0.062101672472681176,False
1.1899999999999797,thumb_ik,0.03506017677028545,0.04991808965248824,-0.011377595647704863,0.06205224695722299,False
1.1909999999999796,thumb_ik,0.035019283430514594,0.049847683136162765,-0.011542254627027449,0.06200294644535158,False
1.1919999999999795,thumb_ik,0.0349781823644123,0.049776988892065235,-0.011706748256266653,0.06195377163187461,False
1.1929999999999794,thumb_ik,0.034936874059647315,0.04970600710613894,-0.011871075842466935,0.061904723189372186,False
1.1939999999999793,thumb_ik,0.03489535897054932,0.049634737964410106,-0.012035236692236582,0.06185580177087117,False
1.1949999999999792,thumb_ik,0.03485363752218668,0.04956318165302452,-0.012199230111842738,0.06180700801220179,False
1.195999999999979,thumb_ik,0.034811710113957256,0.04949133835828261,-0.012363055407292451,0.061758342534073835,False
1.196999999999979,thumb_ik,0.034769577122752124,0.049419208266672385,-0.012526711884403265,0.0617098059439065,False
1.1979999999999789,thumb_ik,0.03472723890574111,0.04934679156490031,-0.012690198848862685,0.06166139883743971,False
1.1989999999999787,thumb_ik,0.03468469580282683,0.04927408843992119,-0.012853515606279491,0.06161312180015454,False
1.1999999999999786,thumb_ik,0.03464194813880554,0.049201099078965235,-0.01301666146222594,0.06156497540852302,False
1.2009999999999785,thumb_ik,0.03459899622527073,0.049127823669565016,-0.013179635722273712,0.061516960231110286,False
1.2019999999999784,thumb_ik,0.03455584036228918,0.04905426239957954,-0.013342437692022691,0.06146907682954352,False
1.2029999999999783,thumb_ik,0.03451248083987717,0.048980415457218304,-0.01350506667712469,0.06142132575936621,False
1.2039999999999782,thumb_ik,0.034468917939300917,0.04890628303106316,-0.013667521983301876,0.061373707570789277,False
1.204999999999978,thumb_ik,0.03442515193422125,0.0488318653100895,-0.01382980291636109,0.061326222809352356,False
1.205999999999978,thumb_ik,0.03438118309170203,0.04875716248368629,-0.013991908782204191,0.06127887201650538,False
1.2069999999999779,thumb_ik,0.03433701167309805,0.04868217474167487,-0.014153838886835374,0.061231655730119953,False
1.2079999999999778,thumb_ik,0.03429263793483722,0.04860690227432675,-0.014315592536365124,0.061184574484938775,False
1.2089999999999776,thumb_ik,0.03424806212910892,0.04853134527238136,-0.01447716903701234,0.06113762881297104,False
1.2099999999999775,thumb_ik,0.0342032845044705,0.048455503927061536,-0.014638567695103816,0.06109081924383863,False
1.2109999999999774,thumb_ik,0.03415830530638129,0.048379378430089756,-0.01479978781707222,0.06104414630508113,False
1.2119999999999773,thumb_ik,0.03411312477767285,0.04830296897370227,-0.014960828709452385,0.06099761052242207,False
1.2129999999999772,thumb_ik,0.034067743158963104,0.048226275750663614,-0.015121689678876445,0.06095121242000327,False
1.213999999999977,thumb_ik,0.03402216068902088,0.04814929895427987,-0.015282370032067536,0.06090495252058908,False
1.214999999999977,thumb_ik,0.033976377605087024,0.048072038778411666,-0.015442869075833376,0.06085883134574558,False
1.2159999999999769,thumb_ik,0.03393039414315748,0.04799449541748661,-0.015603186117058254,0.060812849415996933,False
1.2169999999999768,thumb_ik,0.03388421053823193,0.04791666906651097,-0.015763320462695022,0.06076700725096125,False
1.2179999999999767,thumb_ik,0.033837827024533494,0.047838559921080895,-0.015923271419756403,0.06072130536946919,False
1.2189999999999765,thumb_ik,0.0337912438357017,0.0477601681773938,-0.01608303829530622,0.060675744289667134,False
1.2199999999999764,thumb_ik,0.033744461204962585,0.047681494032258506,-0.016242620396450174,0.06063032452910596,False
1.2209999999999763,thumb_ik,0.03369747936527885,0.047602537683105364,-0.01640201703032636,0.06058504660481805,False
1.2219999999999762,thumb_ik,0.03365029854948161,0.047523299327996135,-0.01656122750409599,0.060539911033383485,False
1.222999999999976,thumb_ik,0.03360291899038702,0.047443779165633346,-0.016720251124934398,0.06049491833098684,False
1.223999999999976,thumb_ik,0.03355534092089861,0.04736397739536975,-0.01687908720002099,0.0604500690134655,False
1.2249999999999759,thumb_ik,0.033507564574097724,0.0472838942172165,-0.017037735036530745,0.06040536359635025,False
1.2259999999999758,thumb_ik,0.03345959018332312,0.04720352983185226,-0.01719619394162449,0.060360802594899794,False
1.2269999999999757,thumb_ik,0.0334114179822414,0.04712288444063119,-0.017354463222440417,0.06031638652412927,False
1.2279999999999756,thumb_ik,0.033363048204908846,0.04704195824559122,-0.01751254218608504,0.06027211589883358,False
1.2289999999999754,thumb_ik,0.0333144810858262,0.04696075144946192,-0.017670430139624733,0.06022799123360641,False
1.2299999999999753,thumb_ik,0.0332657168599869,0.046879264255671835,-0.01782812639007746,0.060184013042854693,False
1.2309999999999752,thumb_ik,0.033216755762919846,0.046797496868356256,-0.017985630244404704,0.06014018184081029,False
1.2319999999999751,thumb_ik,0.03316759803072704,0.046715449492364405,-0.018142941009503397,0.060096498141537814,False
1.232999999999975,thumb_ik,0.03311824390011688,0.0466331223332664,-0.018300057992198544,0.06005296245893993,False
1.233999999999975,thumb_ik,0.03306869360843381,0.04655051559736066,-0.018456980499236015,0.06000957530676058,False
1.2349999999999748,thumb_ik,0.033018947393684724,0.04646762949167989,-0.018613707837275024,0.059966337198584935,False
1.2359999999999747,thumb_ik,0.0329690054945615,0.04638446422399865,-0.01877023931288187,0.05992324864783862,False
1.2369999999999746,thumb_ik,0.032918868150462466,0.04630102000283938,-0.018926574232522943,0.059880310167784424,False
1.2379999999999745,thumb_ik,0.03286853560151028,0.046217297037479,-0.019082711902558853,0.05983752227151769,False
1.2389999999999743,thumb_ik,0.03281800808856828,0.046133295537955046,-0.019238651629237987,0.05979488547196004,False
1.2399999999999742,thumb_ik,0.03276728585325532,0.046049015715072375,-0.019394392718691002,0.05975240028185264,False
1.2409999999999741,thumb_ik,0.03271636913795882,0.045964457780408655,-0.019549934476925216,0.05971006721374733,False
1.241999999999974,thumb_ik,0.0326652581858462,0.04587962194632088,-0.019705276209819444,0.05966788677999747,False
1.242999999999974,thumb_ik,0.032613953240875806,0.045794508425951105,-0.019860417223118664,0.05962585949274768,False
1.2439999999999738,thumb_ik,0.03256245454780629,0.045709117433232485,-0.020015356822429522,0.0595839858639229,False
1.2449999999999737,thumb_ik,0.032510762352205,0.045623449182894946,-0.020170094313215505,0.05954226640521636,False
1.2459999999999736,thumb_ik,0.03245887690045618,0.04553750389047102,-0.020324629000792706,0.059500701628077426,False
1.2469999999999735,thumb_ik,0.03240679843976786,0.04545128177230158,-0.020478960190325617,0.05945929204369857,False
1.2479999999999734,thumb_ik,0.032354527218178386,0.0453647830455413,-0.02063308718682309,0.059418038163001646,False
1.2489999999999732,thumb_ik,0.03230206348456238,0.04527800792816432,-0.020787009295134617,0.05937694049662396,False
1.2499999999999731,thumb_ik,0.0322494074886365,0.045190956638970034,-0.02094072581994692,0.059335999554904144,False
1.250999999999973,thumb_ik,0.03219655948096416,0.045103629397588094,-0.021094236065780276,0.05929521584786669,False
1.251999999999973,thumb_ik,0.03214351971296091,0.04501602642448434,-0.0212475393369855,0.05925458988520741,False
1.2529999999999728,thumb_ik,0.03209028843689826,0.04492814794096568,-0.021400634937740876,0.059214122176277174,False
1.2539999999999727,thumb_ik,0.032036865905908415,0.04483999416918637,-0.02155352217204919,0.0591738132300669,False
1.2549999999999726,thumb_ik,0.03198325237398779,0.04475156533215201,-0.021706200343735025,0.05913366355519018,False
1.2559999999999725,thumb_ik,0.03192944809600132,0.04466286165372639,-0.02185866875644237,0.059093673659868326,False
1.2569999999999724,thumb_ik,0.03187545332768571,0.04457388335863542,-0.022010926713632025,0.05905384405191237,False
1.2579999999999723,thumb_ik,0.031821268325653046,0.0444846306724732,-0.022162973518579345,0.05901417523870686,False
1.2589999999999721,thumb_ik,0.031766893347394035,0.04439510382170721,-0.022314808474372113,0.058974667727192655,False
1.259999999999972,thumb_ik,0.03171232865128144,0.04430530303368334,-0.022466430883908674,0.05893532202384951,False
1.260999999999972,thumb_ik,0.03165757449657308,0.04421522853663086,-0.022617840049895675,0.05889613863467821,False
1.2619999999999718,thumb_ik,0.031602631143414925,0.044124880559668275,-0.022769035274846767,0.05885711806518347,False
1.2629999999999717,thumb_ik,0.03154749885284405,0.04403425933280787,-0.022920015861080705,0.05881826082035548,False
1.2639999999999716,thumb_ik,0.03149217788679183,0.04394336508696138,-0.023070781110719803,0.058779567404652296,False
1.2649999999999715,thumb_ik,0.03143666850808646,0.043852198053944594,-0.02322133032568859,0.058741038321981014,False
1.2659999999999714,thumb_ik,0.031380970980456224,0.043760758466483016,-0.023371662807712464,0.058702674075679986,False
1.2669999999999713,thumb_ik,0.03132508556853189,0.04366904655821667,-0.023521777858316436,0.05866447516849976,False
1.2679999999999712,thumb_ik,0.03126901253785,0.04357706256370551,-0.02367167477882406,0.05862644210258491,False
1.268999999999971,thumb_ik,0.031212752154855347,0.04348480671843423,-0.023821352870356496,0.058588575379454756,False
1.269999999999971,thumb_ik,0.03115630468690371,0.043392279258817515,-0.023970811433831337,0.05855087549998447,False
1.2709999999999708,thumb_ik,0.031099670402264856,0.043299480422205314,-0.024120049769961866,0.058513342964386234,False
1.2719999999999707,thumb_ik,0.031042849570125125,0.04320641044688768,-0.024269067179256486,0.05847597827218974,False
1.2729999999999706,thumb_ik,0.030985842460590315,0.04311306957210016,-0.024417862962017717,0.058438781922223085,False
1.2739999999999705,thumb_ik,0.03092864934468814,0.04301945803802863,-0.024566436418341806,0.058401754412592904,False
1.2749999999999704,thumb_ik,0.030871270494371453,0.04292557608581461,-0.02471478684811815,0.058364896240665265,False
1.2759999999999703,thumb_ik,0.03081370618252055,0.04283142395756019,-0.024862913551028768,0.05832820790304547,False
1.2769999999999702,thumb_ik,0.030755956682946103,0.042737001896333435,-0.02501081582654813,0.058291689895558656,False
1.27799999999997,thumb_ik,0.030698022270391992,0.04264231014617327,-0.025158492973942435,0.05825534271322954,False
1.27899999999997,thumb_ik,0.030639903220537862,0.04254734895209454,-0.025305944292269938,0.05821916685026243,False
1.2799999999999698,thumb_ik,0.03058159981000226,0.04245211856009322,-0.025453169080380204,0.05818316280002114,False
1.2809999999999697,thumb_ik,0.030523112316344927,0.042356619217151906,-0.025600166636914504,0.058147331055008876,False
1.2819999999999696,thumb_ik,0.0304644410180699,0.042260851171244104,-0.025746936260305307,0.05811167210684724,False
1.2829999999999695,thumb_ik,0.03040558619462834,0.042164814671340325,-0.02589347724877675,0.058076186446256686,False
1.2839999999999694,thumb_ik,0.03034654812642114,0.04206850996741236,-0.02603978890034418,0.05804087456303493,False
1.2849999999999693,thumb_ik,0.030287327094801794,0.04197193731043898,-0.026185870512814746,0.058005736946036945,False
1.2859999999999692,thumb_ik,0.03022792338207933,0.04187509695241119,-0.026331721383787383,0.05797077408315419,False
1.286999999999969,thumb_ik,0.030168337271521045,0.04177798914633683,-0.026477340810653092,0.0579359864612933,False
1.287999999999969,thumb_ik,0.030108569047355233,0.04168061414624606,-0.026622728090595214,0.05790137456635527,False
1.2889999999999688,thumb_ik,0.03004861899477443,0.04158297220719674,-0.02676788252058977,0.05786693888321475,False
1.2899999999999687,thumb_ik,0.029988487399937813,0.04148506358527905,-0.026912803397405895,0.05783267989569822,False
1.2909999999999686,thumb_ik,0.02992817454997429,0.041386888537621444,-0.02705749001760634,0.05779859808656346,False
1.2919999999999685,thumb_ik,0.029867680732985333,0.04128844732239513,-0.02720194167754784,0.057764693937477546,False
1.2929999999999684,thumb_ik,0.029807006238048023,0.04118974019881967,-0.02734615767338178,0.05773096792899589,False
1.2939999999999683,thumb_ik,0.029746151355217743,0.04109076742716812,-0.027490137301054842,0.05769742054054054,False
1.2949999999999682,thumb_ik,0.029685116375531104,0.04099152926877227,-0.027633879856309457,0.057664052250378524,False
1.295999999999968,thumb_ik,0.029623901591009014,0.04089202598602763,-0.027777384634684692,0.05763086353560012,False
1.296999999999968,thumb_ik,0.029562507294659465,0.04079225784239916,-0.027920650931516956,0.05759785487209735,False
1.2979999999999678,thumb_ik,0.02950093378048052,0.04069222510242608,-0.02806367804194077,0.05756502673454187,False
1.2989999999999677,thumb_ik,0.029439181343463336,0.04059192803172747,-0.028206465260889577,0.05753237959636323,False
1.2999999999999676,thumb_ik,0.029377250279594966,0.04049136689700707,-0.028349011883096662,0.05749991392972652,False
1.3009999999999675,thumb_ik,0.029315140885861457,0.04039054196605925,-0.028491317203096157,0.05746763020551084,False
1.3019999999999674,thumb_ik,0.029252853460250708,0.04028945350777359,-0.028633380515223805,0.057435528893286514,False
1.3029999999999673,thumb_ik,0.029190388301755604,0.04018810179214062,-0.02877520111361816,0.05740361046129327,False
1.3039999999999672,thumb_ik,0.029127745710376907,0.0400864870902571,-0.02891677829222176,0.05737187537641799,False
1.304999999999967,thumb_ik,0.02906492598712608,0.03998460967433114,-0.02905811134478174,0.057340324104171794,False
1.305999999999967,thumb_ik,0.02900192943402885,0.03988246981768763,-0.029199199564851553,0.05730895710866828,False
1.3069999999999669,thumb_ik,0.028938756354127446,0.03978006779477376,-0.02934004224579197,0.057277774852600605,False
1.3079999999999667,thumb_ik,0.028875407051484364,0.03967740388116413,-0.029480638680772078,0.057246777797219,False
1.3089999999999666,thumb_ik,0.028811881831184896,0.03957447835356613,-0.029620988162770732,0.05721596640230803,False
1.3099999999999665,thumb_ik,0.02874818099934029,0.03947129148982541,-0.029761089984578038,0.05718534112616401,False
1.3109999999999664,thumb_ik,0.02868430486309094,0.03936784356893132,-0.02990094343879648,0.05715490242557235,False
1.3119999999999663,thumb_ik,0.028620253730609377,0.03926413487102211,-0.030040547817842354,0.05712465075578447,False
1.3129999999999662,thumb_ik,0.02855602791110315,0.039160165677390654,-0.03017990241394736,0.05709458657049522,False
1.313999999999966,thumb_ik,0.028491627714818155,0.039055936270489325,-0.03031900651915981,0.0570647103218195,False
1.314999999999966,thumb_ik,0.02842705345304153,0.03895144693393597,-0.030457859425346425,0.05703502246026975,False
1.3159999999999659,thumb_ik,0.02836230543810475,0.03884669795251901,-0.030596460424193842,0.05700552343473263,False
1.3169999999999658,thumb_ik,0.028297383983386867,0.03874168961220319,-0.03073480880721007,0.05697621369244616,False
1.3179999999999656,thumb_ik,0.028232289403317387,0.03863642220013462,-0.030872903865726293,0.05694709367897628,False
1.3189999999999655,thumb_ik,0.028167022013379492,0.03853089600464667,-0.03101074489089854,0.056918163838193966,False
1.3199999999999654,thumb_ik,0.028101582130113156,0.03842511131526506,-0.031148331173709343,0.056889424612251785,False
1.3209999999999653,thumb_ik,0.028035970071118077,0.03831906842271361,-0.031285662004969586,0.05686087644156071,False
1.3219999999999652,thumb_ik,0.027970186155057225,0.03821276761891983,-0.03142273667532021,0.05683251976476704,False
1.322999999999965,thumb_ik,0.02790423070165937,0.03810620919702,-0.031559554475234314,0.05680435501872865,False
1.323999999999965,thumb_ik,0.02783810403172264,0.03799939345136498,-0.031696114695018665,0.056776382638491774,False
1.3249999999999649,thumb_ik,0.027771806467117605,0.03789232067752597,-0.031832416624815965,0.056748603057267914,False
1.3259999999999648,thumb_ik,0.02770533833079014,0.037784991172299456,-0.03196845955460664,0.056721016706409784,False
1.3269999999999647,thumb_ik,0.02763869994676496,0.03767740523371328,-0.03210424277421099,0.056693624015388445,False
1.3279999999999645,thumb_ik,0.02757189164014842,0.03756956316103198,-0.03223976557329114,0.05666642541176941,False
1.3289999999999644,thumb_ik,0.027504913737131903,0.03746146525476225,-0.03237502724135308,0.05663942132118919,False
1.3299999999999643,thumb_ik,0.02743776656499486,0.037353111816659026,-0.03251002706774914,0.05661261216733215,False
1.3309999999999642,thumb_ik,0.027370450452107897,0.03724450314973017,-0.03264476434167965,0.05658599837190604,False
1.331999999999964,thumb_ik,0.027302965727936224,0.037135639558242936,-0.032779238352195636,0.05655958035461942,False
1.332999999999964,thumb_ik,0.027235312723042526,0.03702652134772923,-0.03291344838820079,0.05653335853315746,False
1.3339999999999639,thumb_ik,0.02716749176909028,0.03691714882499113,-0.033047393738453834,0.05650733332315842,False
1.3349999999999638,thumb_ik,0.027099503198846894,0.036807522298106674,-0.03318107369157104,0.056481505138190155,False
1.3359999999999637,thumb_ik,0.027031347346186965,0.0366976420764354,-0.03331448753602831,0.056455874389726324,False
1.3369999999999636,thumb_ik,0.02696302454609527,0.03658750847062399,-0.03344763456016392,0.0564304414871228,False
1.3379999999999634,thumb_ik,0.026894535134670175,0.036477121792612074,-0.03358051405218068,0.056405206837594056,False
1.3389999999999633,thumb_ik,0.026825879449126774,0.03636648235563762,-0.03371312530014868,0.05638017084618944,False
1.3399999999999632,thumb_ik,0.026757057827799927,0.036255590474242996,-0.033845467592007794,0.05635533391576966,False
1.340999999999963,thumb_ik,0.02668807061014765,0.036144446464280125,-0.0339775402155702,0.056330696446982874,False
1.341999999999963,thumb_ik,0.02661891813675432,0.03603305064291666,-0.03410934245852301,0.056306258838241294,False
1.342999999999963,thumb_ik,0.026549600749333713,0.03592140332864137,-0.03424087360843105,0.05628202148569735,False
1.3439999999999628,thumb_ik,0.026480118790732268,0.035809504841269976,-0.03437213295273957,0.056257984783220194,False
1.3449999999999627,thumb_ik,0.026410472604932483,0.03569735550195098,-0.03450311977877683,0.05623414912237208,False
1.3459999999999626,thumb_ik,0.026340662537055873,0.035584955633171086,-0.03463383337375711,0.05621051489238455,False
1.3469999999999624,thumb_ik,0.02627068893336633,0.03547230555876103,-0.034764273024783465,0.056187082480134994,False
1.3479999999999623,thumb_ik,0.026200552141273314,0.035359405603901675,-0.034894438018850574,0.05616385227012317,False
1.3489999999999622,thumb_ik,0.026130252509335067,0.03524625609512909,-0.03502432764284784,0.05614082464444739,False
1.3499999999999621,thumb_ik,0.02605979038726189,0.0351328573603409,-0.035153941183562104,0.0561179999827812,False
1.350999999999962,thumb_ik,0.025989166125919255,0.03501920972880186,-0.03528327792768095,0.05609537866234988,False
1.351999999999962,thumb_ik,0.025918380077331216,0.03490531353114938,-0.035412337161795385,0.05607296105790664,False
1.3529999999999618,thumb_ik,0.025847432594683292,0.03479116909939968,-0.03554111817240349,0.05605074754170964,False
1.3539999999999617,thumb_ik,0.025776324032326256,0.03467677676695331,-0.03566962024591301,0.05602873848349827,False
1.3549999999999616,thumb_ik,0.025705054745778652,0.034562136868601004,-0.035797842668644816,0.05600693425046968,False
1.3559999999999615,thumb_ik,0.025633625091730894,0.03444724974052958,-0.03592578472683615,0.055985335207255876,False
1.3569999999999613,thumb_ik,0.025562035428047636,0.03433211572032756,-0.03605344570664394,0.05596394171589996,False
1.3579999999999612,thumb_ik,0.025490286113771576,0.034216735146991153,-0.036180824894147784,0.055942754135832995,False
1.3589999999999611,thumb_ik,0.02541837750912647,0.034101108360929874,-0.03630792157535381,0.05592177282385091,False
1.359999999999961,thumb_ik,0.02534630997552051,0.033985235703972536,-0.03643473503619768,0.05590099813409123,False
1.360999999999961,thumb_ik,0.025274083875549483,0.03386911751937326,-0.036561264562548296,0.05588043041801018,False
1.3619999999999608,thumb_ik,0.025201699572999794,0.03375275415181668,-0.0366875094402111,0.05586007002435903,False
1.3629999999999607,thumb_ik,0.025129157432852323,0.03363614594742438,-0.036813468954931844,0.055839917299161906,False
1.3639999999999606,thumb_ik,0.02505645782128496,0.03351929325376064,-0.03693914239239983,0.05581997258569218,False
1.3649999999999605,thumb_ik,0.02498360110567628,0.03340219641983798,-0.037064529038252,0.055800236224449906,False
1.3659999999999604,thumb_ik,0.024910587654608615,0.03328485579612338,-0.03718962817807618,0.055780708553138915,False
1.3669999999999602,thumb_ik,0.02483741783787148,0.03316727173454391,-0.037314439097415025,0.055761389906644074,False
1.3679999999999601,thumb_ik,0.024764092026464554,0.033049444588492585,-0.037438961081769764,0.05574228061700847,False
1.36899999999996,thumb_ik,0.024690610592601192,0.032931374712834624,-0.03756319341660398,0.05572338101341119,False
1.36999999999996,thumb_ik,0.024616973909711487,0.032813062463912704,-0.037687135387347304,0.05570469142214413,False
1.3709999999999598,thumb_ik,0.02454318235244554,0.03269450819955334,-0.03781078627939981,0.05568621216659025,False
1.3719999999999597,thumb_ik,0.024469236296676897,0.03257571227907251,-0.0379341453781353,0.05566794356720059,False
1.3729999999999596,thumb_ik,0.024395136119505473,0.032456675063281856,-0.03805721196890566,0.05564988594147232,False
1.3739999999999595,thumb_ik,0.024320882199260957,0.03233739691449401,-0.03817998533704517,0.05563203960392644,False
1.3749999999999594,thumb_ik,0.02424647491550616,0.03221787819652909,-0.03830246476787384,0.055614404866085466,False
1.3759999999999593,thumb_ik,0.02417191464904017,0.03209811927472035,-0.038424649546702216,0.05559698203645176,False
1.3769999999999591,thumb_ik,0.024097201781901473,0.0319781205159199,-0.03854653895883528,0.05557977142048516,False
1.377999999999959,thumb_ik,0.024022336697371374,0.0318578822885051,-0.03866813228957666,0.0555627733205815,False
1.378999999999959,thumb_ik,0.023947319779977147,0.031737404962383906,-0.038789428824232974,0.055545988036050556,False
1.3799999999999588,thumb_ik,0.023872151415495257,0.03161668890900128,-0.03891042784811802,0.05552941586309454,False
1.3809999999999587,thumb_ik,0.023796831990954725,0.03149573450134467,-0.03903112864655736,0.05551305709478654,False
1.3819999999999586,thumb_ik,0.023721361894640206,0.031374542113950424,-0.03915153050489245,0.055496912021049075,False
1.3829999999999585,thumb_ik,0.023645741516095317,0.031253112122909224,-0.03927163270848538,0.055480980928632725,False
1.3839999999999584,thumb_ik,0.023569971246125726,0.03113144490587237,-0.039391434542723106,0.055465264101094834,False
1.3849999999999583,thumb_ik,0.02349405147680264,0.03100954084205755,-0.03951093529302219,0.05544976181877857,False
1.3859999999999582,thumb_ik,0.023417982601465825,0.03088740031225469,-0.03963013424483333,0.05543447435879174,False
1.386999999999958,thumb_ik,0.023341765014726915,0.03076502369883212,-0.039749030683646006,0.05541940199498604,False
1.387999999999958,thumb_ik,0.02326539911247258,0.030642411385742543,-0.03986762389499318,0.055404544997936366,False
1.3889999999999578,thumb_ik,0.023188885291867814,0.030519563758528476,-0.03998591316445596,0.055389903634919795,False
1.3899999999999577,thumb_ik,0.023112223951359145,0.030396481204328793,-0.040103897777668554,0.055375478169895576,False
1.3909999999999576,thumb_ik,0.023035415490677683,0.030273164111884285,-0.040221577020323016,0.055361268863484414,False
1.3919999999999575,thumb_ik,0.022958460310842727,0.030149612871543732,-0.04033895017817407,0.05534727597294835,False
1.3929999999999574,thumb_ik,0.022881358814164518,0.030025827875269903,-0.040456016537044046,0.05533349975217057,False
1.3939999999999573,thumb_ik,0.02280411140424765,0.02990180951664549,-0.040572775382828025,0.05531994045163556,False
1.3949999999999572,thumb_ik,0.022726718485994515,0.029777558190878753,-0.040689226001498754,0.055306598318409145,False
1.395999999999957,thumb_ik,0.02264918046560796,0.02965307429480997,-0.04080536767911164,0.05529347359611879,False
1.396999999999957,thumb_ik,0.022571481722707468,0.029528440647801565,-0.04092103560532451,0.055280482534629645,False
1.3979999999999568,thumb_ik,0.022493604420676938,0.02940376304890123,-0.04103602652237329,0.05526752205422955,False
1.3989999999999567,thumb_ik,0.022415533779168814,0.02927914471113001,-0.041150150606424074,0.055254496328821366,False
1.3999999999999566,thumb_ik,0.02233725770029861,0.02915468600176495,-0.04126323076763945,0.05524131615751498,False
1.4009999999999565,thumb_ik,0.02225876643676393,0.029030484233656798,-0.041375101982682363,0.05522789840474079,False
1.4019999999999564,thumb_ik,0.0221800522972712,0.028906633501058362,-0.041485610658509794,0.0552141655011072,False
1.4029999999999563,thumb_ik,0.02210110938517762,0.0287832245541859,-0.04159461402630407,0.05520004499807485,False
1.4039999999999562,thumb_ik,0.022021933366716415,0.02866034470741112,-0.04170197956438772,0.05518546917028374,False
1.404999999999956,thumb_ik,0.021942521265575707,0.028538077776578977,-0.041807584448978696,0.05517037466005463,False
1.405999999999956,thumb_ik,0.021862871280957222,0.028416504041476262,-0.04191131503165586,0.05515470215919621,False
1.4069999999999558,thumb_ik,0.021782982626553815,0.02829570022995291,-0.042013066342425825,0.055138396123800844,False
1.4079999999999557,thumb_ik,0.021702855388162884,0.028175739520612933,-0.0421127416173047,0.0551214045181979,False
1.4089999999999556,thumb_ik,0.02162249039789846,0.0280566915613666,-0.04221025184935434,0.05510367858467157,False
1.4099999999999555,thumb_ik,0.02154188912318529,0.027938622501463797,-0.04230551536214332,0.05508517263594127,False
1.4109999999999554,thumb_ik,0.021461053568911675,0.027821595034918697,-0.04239845740463091,0.05506584386774629,False
1.4119999999999553,thumb_ik,0.021379986191291722,0.027705668453496188,-0.04248900976650534,0.05504565218918806,False
1.4129999999999552,thumb_ik,0.02129868982214521,0.027590898707654035,-0.04257711041303995,0.05502456006875631,False
1.413999999999955,thumb_ik,0.02121716760243751,0.02747733847404006,-0.042662703138563574,0.055002532394209706,False
1.414999999999955,thumb_ik,0.021135422924050365,0.02736503722831761,-0.042745737237673845,0.05497953634469773,False
1.4159999999999549,thumb_ik,0.021053464207223815,0.027254015417726804,-0.042826216380919324,0.05495556860792059,False
1.4169999999999547,thumb_ik,0.020971315783591807,0.02714415937211105,-0.04290437697854328,0.05493074765220883,False
1.4179999999999546,thumb_ik,0.020888977962404312,0.027035473922212325,-0.04298022462225039,0.054905063146230275,False
1.4189999999999545,thumb_ik,0.02080648644604842,0.026927887992948638,-0.04305395667842132,0.05487863168536333,False
1.4199999999999544,thumb_ik,0.020723841746021127,0.02682140596888956,-0.04312557840733204,0.054851444354994484,False
1.4209999999999543,thumb_ik,0.02064105962891126,0.026715955914840564,-0.04319524048140527,0.05482357561573677,False
1.4219999999999542,thumb_ik,0.020558163215446776,0.026611432370551732,-0.043263156136015474,0.05479513743439878,False
1.422999999999954,thumb_ik,0.020475143262000423,0.026507875496165414,-0.043329252259779585,0.05476607577973122,False
1.423999999999954,thumb_ik,0.02039199018351001,0.02640533458333326,-0.04339344241932784,0.054736329828566924,False
1.4249999999999539,thumb_ik,0.02030869609049428,0.026303857175608278,-0.04345564735413733,0.054705843620019234,False
1.4259999999999537,thumb_ik,0.020225254582363725,0.026203488921747856,-0.04351579457106072,0.054674565674949306,False
1.4269999999999536,thumb_ik,0.020141660563684508,0.026104273460703806,-0.043573817959782976,0.05464244865272964,False
1.4279999999999535,thumb_ik,0.02005791008091168,0.026006252334150506,-0.04362965742827875,0.05460944904126397,False
1.4289999999999534,thumb_ik,0.019974000177379117,0.025909464922886746,-0.04368325855736219,0.054575526876665115,False
1.4299999999999533,thumb_ik,0.019889928764577708,0.025813948403881806,-0.043734572273442185,0.054540645489388785,False
1.4309999999999532,thumb_ik,0.019805694507965876,0.025719737725113753,-0.043783554538620734,0.05450477127397092,False
1.431999999999953,thumb_ik,0.01972129672574484,0.025626865595693035,-0.04383016605729807,0.054467873479831334,False
1.432999999999953,thumb_ik,0.01963673529920007,0.025535362489063892,-0.04387437199847974,0.05442992402088877,False
1.4339999999999529,thumb_ik,0.019552010593359204,0.02544525665734164,-0.04391614173300479,0.05439089730197678,False
1.4349999999999528,thumb_ik,0.019467123386848778,0.025356574155084452,-0.043955448584951054,0.05435077006027943,False
1.4359999999999526,thumb_ik,0.0193820748099518,0.02526933887100373,-0.0439922695964981,0.054309521220198206,False
1.4369999999999525,thumb_ik,0.019296866289973305,0.02518357256630467,-0.04402658530556232,0.054267131760241366,False
1.4379999999999524,thumb_ik,0.019211499503115945,0.025099294918510998,-0.04405837953554584,0.05422358459068176,False
1.4389999999999523,thumb_ik,0.019125976332151823,0.0250165235697737,-0.044087639196573214,0.054178864440871166,False
1.4399999999999522,thumb_ik,0.01904029882925326,0.02493527417879042,-0.044114354097616076,0.054132957755221284,False
1.440999999999952,thumb_ik,0.01895446918341144,0.02485556047557401,-0.04413851676893488,0.054085852596971754,False
1.441999999999952,thumb_ik,0.01886848969193375,0.024777394318410847,-0.04416012229429517,0.05403753855896597,False
1.4429999999999519,thumb_ik,0.018782362735564634,0.02470078575243441,-0.044179168152440274,0.05398800668073963,False
1.4439999999999518,thumb_ik,0.018696090756822825,0.02462574306931735,-0.04419565406732892,0.05393724937130549,False
1.4449999999999517,thumb_ik,0.018609676241191905,0.024552272867655336,-0.04420958186667026,0.053885260337086675,False
1.4459999999999515,thumb_ik,0.018523121700839307,0.02448038011367233,-0.04422095534831273,0.05383203451451056,False
1.4469999999999514,thumb_ik,0.018436429660575085,0.024410068201933102,-0.04422978015406474,0.0537775680068303,False
1.4479999999999513,thumb_ik,0.01834960264579172,0.024341339015792177,-0.04423606365054761,0.05372185802478794,False
1.4489999999999512,thumb_ik,0.018262643172154522,0.02427419298735077,-0.04423981481670183,0.0536649028307763,False
1.449999999999951,thumb_ik,0.018175553736837546,0.024208629156727793,-0.04424104413758584,0.05360670168619273,False
1.450999999999951,thumb_ik,0.01808833681112247,0.024144645230483194,-0.044239763504127685,0.0535472548017137,False
1.4519999999999509,thumb_ik,0.018000994834196316,0.024082237639058215,-0.044235986118505446,0.05348656329024553,False
1.4529999999999508,thumb_ik,0.017913530208004652,0.024021401593121675,-0.04422972640485104,0.053424629122335525,False
1.4539999999999507,thumb_ik,0.017825945293030165,0.023962131138732315,-0.04422099992498646,0.05336145508384832,False
1.4549999999999506,thumb_ik,0.017738242404881935,0.023904419211244546,-0.0442098232989193,0.053297044735734996,False
1.4559999999999504,thumb_ik,0.017650423811594276,0.023848257687902094,-0.04419621412983592,0.05323140237573855,False
1.4569999999999503,thumb_ik,0.017562491731543936,0.02379363743907613,-0.044180190933347144,0.0531645330018967,False
1.4579999999999502,thumb_ik,0.017474448331905673,0.023740548378118634,-0.04416177307075314,0.05309644227771697,False
1.4589999999999501,thumb_ik,0.017386295727575288,0.023688979509809402,-0.044140980686107084,0.05302713649891111,False
1.45999999999995,thumb_ik,0.017298035980496645,0.02363891897738564,-0.04411783464686765,0.052956622561586335,False
1.46099999999995,thumb_ik,0.017209671099336854,0.02359035410815126,-0.044092356487945364,0.052884907931803914,False
1.4619999999999498,thumb_ik,0.0171212030394612,0.02354327145766709,-0.044064568358952894,0.05281200061641946,False
1.4629999999999497,thumb_ik,0.01703263370316306,0.023497656852531648,-0.04403449297448454,0.05273790913513146,False
1.4639999999999496,thumb_ik,0.016943964940110856,0.023453495431764823,-0.04400215356725676,0.052662642493668754,False
1.4649999999999495,thumb_ik,0.016855198547979025,0.02341077168681162,-0.043967573843951016,0.052586210158054744,False
1.4659999999999493,thumb_ik,0.016766336273231583,0.02336946950018577,-0.04393077794361082,0.05250862202989179,False
1.4669999999999492,thumb_ik,0.016677379812033447,0.023329572182777605,-0.04389179039844884,0.0524298884226127,False
1.4679999999999491,thumb_ik,0.016588330811266025,0.023291062509849983,-0.04385063609693274,0.05235002003865288,False
1.468999999999949,thumb_ik,0.016499190869627284,0.023253922755750348,-0.04380734024902071,0.052269027947497416,False
1.469999999999949,thumb_ik,0.016409961538798284,0.02321813472736721,-0.04376192835342857,0.05218692356456385,False
1.4709999999999488,thumb_ik,0.016320644324661182,0.023183679796360143,-0.04371442616681413,0.05210371863088178,False
1.4719999999999487,thumb_ik,0.01623124068855558,0.02315053893019557,-0.04366485967477178,0.05201942519353548,False
1.4729999999999486,thumb_ik,0.016141752048561164,0.0231186927220169,-0.043613255064536297,0.051934055586835955,False
1.4739999999999485,thumb_ik,0.016052179780797454,0.023088121419382643,-0.043559638699299755,0.05184762241419303,False
1.4749999999999484,thumb_ik,0.015962525220730994,0.023058804951902642,-0.043504037094050374,0.051760138530657675,False
1.4759999999999482,thumb_ik,0.015872789664483647,0.02303072295780513,-0.04344647689284922,0.05167161702611012,False
1.4769999999999481,thumb_ik,0.01578297437013551,0.023003854809464777,-0.04338698484746166,0.05158207120906602,False
1.477999999999948,thumb_ik,0.015693080559016234,0.02297817963792466,-0.043325587797268736,0.05149151459107947,False
1.478999999999948,thumb_ik,0.015603109416982008,0.022953676356441924,-0.04326231265038476,0.05139996087171891,False
1.4799999999999478,thumb_ik,0.015513062095672145,0.022930323683087464,-0.04319718636591385,0.05130742392409538,False
1.4809999999999477,thumb_ik,0.015422939713744602,0.02290810016243071,-0.043130235937279784,0.05121391778092337,False
1.4819999999999476,thumb_ik,0.015332743358086168,0.02288698418633854,-0.0430614883765683,0.0511194566210946,False
1.4829999999999475,thumb_ik,0.015242474084995877,0.0228669540139161,-0.04299097069982458,0.05102405475674684,False
1.4839999999999474,thumb_ik,0.015152134950215848,0.022847975653543087,-0.04291873257069809,0.05092774087360984,False
1.4849999999999473,thumb_ik,0.015061733448621994,0.022829986710214648,-0.04284487587482133,0.05083057639250969,False
1.4859999999999471,thumb_ik,0.014971275794786937,0.02281292724409585,-0.042769495566385415,0.0507326177066692,False
1.486999999999947,thumb_ik,0.014880767091475275,0.022796739769860394,-0.04269268018034353,0.050633916640395946,False
1.487999999999947,thumb_ik,0.014790211478344917,0.022781369238859858,-0.04261451230285246,0.050534520862291744,False
1.4889999999999468,thumb_ik,0.014699612263054163,0.022766763007197335,-0.04253506900370754,0.05043447425779497,False
1.4899999999999467,thumb_ik,0.014608972036740275,0.0227528707923461,-0.042454422234162556,0.050333817265333765,False
1.4909999999999466,thumb_ik,0.014518292775624761,0.022739644620580632,-0.042372639193196546,0.05023258717989624,False
1.4919999999999465,thumb_ik,0.014427575930313269,0.022727038767160854,-0.04228978266499653,0.050130818427406784,False
1.4929999999999464,thumb_ik,0.014336822504185762,0.022715009690927587,-0.04220591133015936,0.05002854281292566,False
1.4939999999999463,thumb_ik,0.014246033122120971,0.022703515964722545,-0.04212108005288005,0.04992578974536216,False
1.4949999999999461,thumb_ik,0.014155208090663507,0.022692518202831927,-0.04203534014617656,0.049822586441097244,False
1.495999999999946,thumb_ik,0.01406434745061752,0.02268197898647116,-0.04194873961701372,0.049718958108657375,False
1.496999999999946,thumb_ik,0.013973451022944075,0.022671862788163813,-0.04186132339301096,0.0496149281163461,False
1.4979999999999458,thumb_ik,0.013882518448740194,0.02266213589573353,-0.04177313353226747,0.04951051814454131,False
1.4989999999999457,thumb_ik,0.013791549223991534,0.02265276633650544,-0.04168420941769313,0.04940574832417977,False
1.4999999999999456,thumb_ik,0.013700542729713189,0.022643723802211954,-0.04159458793711236,0.04930063736279411,False
1.5009999999999455,thumb_ik,0.013609498258023697,0.022634979575007055,-0.041504303650289176,0.04919520265931978,False
1.5019999999999454,thumb_ik,0.013518415034635925,0.02262650645491808,-0.04141338894392273,0.049089460408765356,False
1.5029999999999453,thumb_ik,0.013427292238195415,0.022618278688996532,-0.041321874175566445,0.048983425697723126,False
1.5039999999999452,thumb_ik,0.013336129016844306,0.022610271902374676,-0.04122978780734289,0.048877112591598035,False
1.504999999999945,thumb_ik,0.013244924502350805,0.022602463031384787,-0.04113715653024802,0.0487705342143411,False
1.505999999999945,thumb_ik,0.01315367782210139,0.022594830258858237,-0.041044005379772014,0.04866370282139463,False
1.5069999999999448,thumb_ik,0.01306238810922071,0.02258735295168475,-0.0409503578435,0.048556629866482647,False
1.5079999999999447,thumb_ik,0.012971054511053778,0.02258001160068525,-0.04085623596130063,0.04844932606281829,False
1.5089999999999446,thumb_ik,0.012879676196217105,0.022572787762823995,-0.04076166041865878,0.048341801439240474,False
1.5099999999999445,thumb_ik,0.012788252360402097,0.022565664005766747,-0.040666650633663995,0.048234065391743325,False
1.5109999999999444,thumb_ik,0.01269678223109312,0.022558623854774043,-0.04057122483812092,0.04812612673081371,False
1.5119999999999443,thumb_ik,0.012605265071341909,0.02255165174190303,-0.040475400153213534,0.04801799372495303,False
1.5129999999999442,thumb_ik,0.012513700182725518,0.022544732957481675,-0.040379192660117094,0.047909674140721926,False
1.513999999999944,thumb_ik,0.012422086907598287,0.022537853603808153,-0.040282617465922085,0.04780117527961446,False
1.514999999999944,thumb_ik,0.012330424630736442,0.022531000551020877,-0.04018568876520509,0.047692504012038464,False
1.5159999999999438,thumb_ik,0.012238712780459737,0.022524161395079415,-0.04008841989755366,0.04758366680865137,False
1.5169999999999437,thumb_ik,0.012146950829308709,0.02251732441779132,-0.03999082340133141,0.047474669769279915,False
1.5179999999999436,thumb_ik,0.012055138294340975,0.022510478548817534,-0.03989291106394373,0.04736551864962722,False
1.5189999999999435,thumb_ik,0.011963274737107149,0.0225036133295851,-0.0397946939688487,0.04725621888595521,False
1.5199999999999434,thumb_ik,0.011871359763356182,0.022496718879037106,-0.03969618253953505,0.047146775617909906,False
1.5209999999999433,thumb_ik,0.011779393022515586,0.02248978586114657,-0.0395973865806757,0.04703719370964421,False
1.5219999999999432,thumb_ik,0.011687374206984374,0.022482805454122137,-0.03949831531664885,0.04692747776937735,False
1.522999999999943,thumb_ik,0.011595303051274403,0.022475769321234754,-0.03939897742760276,0.04681763216751786,False
1.523999999999943,thumb_ik,0.011503179331027985,0.022468669583193393,-0.03929938108323064,0.046707661053466326,False
1.5249999999999428,thumb_ik,0.011411002861938233,0.02246149879200114,-0.0391995339744074,0.04659756837120314,False
1.5259999999999427,thumb_ik,0.011318773498594115,0.022454249906222065,-0.03909944334282971,0.04648735787375639,False
1.5269999999999426,thumb_ik,0.011226491133269664,0.022446916267594555,-0.0389991160087922,0.04637703313664012,False
1.5279999999999425,thumb_ik,0.011134155694673145,0.022439491578925094,-0.038898558397220825,0.046266597570340864,False
1.5289999999999424,thumb_ik,0.01104176714667085,0.02243196988320005,-0.038797776562078015,0.046156054431927176,False
1.5299999999999423,thumb_ik,0.010949325486997119,0.022424345543855626,-0.038696776209244776,0.046045406835848623,False
1.5309999999999422,thumb_ik,0.010856830745961207,0.02241661322614784,-0.03859556271797884,0.0459346577639868,False
1.531999999999942,thumb_ik,0.010764282985159454,0.022408767879565653,-0.0384941411610399,0.045823810075013544,False
1.532999999999942,thumb_ik,0.010671682296199442,0.022400804721234777,-0.0383925163235683,0.04571286651310951,False
1.5339999999999419,thumb_ik,0.0105790396345678,0.022392737582757935,-0.038290681013366204,0.04560183141615454,False
1.5349999999999417,thumb_ik,0.010486388671477567,0.02238461945848501,-0.0381886027144388,0.045490712381229224,False
1.5359999999999416,thumb_ik,0.010393759723798773,0.022376499299352717,-0.03808625057646012,0.045379515698858036,False
1.5369999999999415,thumb_ik,0.010301180054012565,0.02236842224185108,-0.037983595417988236,0.04526824654183483,False
1.5379999999999414,thumb_ik,0.01020867414335247,0.022360429825688102,-0.037880609718457595,0.04515690913245479,False
1.5389999999999413,thumb_ik,0.010116263940489909,0.022352560200558216,-0.0377772676007303,0.045045506890370575,False
1.5399999999999412,thumb_ik,0.010023969087927867,0.022344848322423963,-0.037673544805770745,0.04493404256307552,False
1.540999999999941,thumb_ik,0.00993180712808757,0.022337326139727345,-0.03756941866081202,0.04482251834082338,False
1.541999999999941,thumb_ik,0.009839793690902654,0.022330022769943073,-0.037464868042211844,0.04471093595761612,False
1.5429999999999409,thumb_ik,0.009747942664583856,0.022322964666887865,-0.03735987333404241,0.04459929677973444,False
1.5439999999999408,thumb_ik,0.009656266351067005,0.02231617577918972,-0.03725441638332236,0.044487601883135934,False
1.5449999999999406,thumb_ik,0.009564775607529982,0.02230967770032026,-0.03714848045268068,0.04437585212092007,False
1.5459999999999405,thumb_ik,0.009473479975237842,0.0223034898105791,-0.03704205017113378,0.04426404818193463,False
1.5469999999999404,thumb_ik,0.00938238779686558,0.022297629411413875,-0.0369351114835656,0.04415219064149525,False
1.5479999999999403,thumb_ik,0.00929150632334276,0.022292111852444188,-0.03682765159941519,0.04404028000508749,False
1.5489999999999402,thumb_ik,0.009200841811173019,0.022286950651551382,-0.036719658941005776,0.043928316745838344,False
1.54999999999994,thumb_ik,0.009110399611092473,0.022282157608376943,-0.036611123091881165,0.04381630133645717,False
1.55099999999994,thumb_ik,0.009020184248853855,0.02227774291156666,-0.03650203474546301,0.04370423427628173,False
1.5519999999999399,thumb_ik,0.008941520629195107,0.02226925776777268,-0.03641096317254022,0.04360766987402452,False
1.5529999999999398,thumb_ik,0.008873190154167751,0.022257473144518383,-0.036335349743426865,0.04352454773191937,False
1.5539999999999397,thumb_ik,0.008814160508017616,0.02224302995734305,-0.036273021064089694,0.043453122606554435,False
1.5549999999999395,thumb_ik,0.008763528657694891,0.022226461344640944,-0.03622210263773347,0.04339188562320789,False
1.5559999999999394,thumb_ik,0.008720483362285675,0.022208208924352837,-0.03618096477757321,0.04333951529419312,False
1.5569999999999393,thumb_ik,0.008684269823158328,0.022188633645319658,-0.03614818031516105,0.04329483740014538,False
1.5579999999999392,thumb_ik,0.008654182081090603,0.022168027482126415,-0.0361225100763566,0.04325681500246482,False
1.558999999999939,thumb_ik,0.008629517319308083,0.022146613678141844,-0.0361029460136742,0.04322457376816307,False
1.559999999999939,thumb_ik,0.008609628791074533,0.022124571861925832,-0.03608860831845513,0.04319733832490711,False
1.5609999999999389,thumb_ik,0.00859445434517822,0.02210295540581879,-0.03607884147816169,0.04317508639909464,False
1.5619999999999388,thumb_ik,0.008583330012381998,0.022081660391582866,-0.03607295381524055,0.043157053614758446,False
1.5629999999999387,thumb_ik,0.00857569697692534,0.022060619166045833,-0.036070298952263394,0.043142553970934645,False
1.5639999999999386,thumb_ik,0.00857105669122149,0.022039774099352746,-0.03607032489350927,0.04313099805334844,False
1.5649999999999384,thumb_ik,0.008568965899016609,0.02201907591341333,-0.03607256146473618,0.04312188042382125,False
1.5659999999999383,thumb_ik,0.008569031920059186,0.021998482424308116,-0.03607660916966837,0.0431147685393368,False
1.5669999999999382,thumb_ik,0.008570908165335595,0.021977957557175146,-0.03608212938138239,0.04310929303361894,False
1.567999999999938,thumb_ik,0.008574289883687455,0.021957470547249516,-0.03608883576222424,0.04310513921234486,False
1.568999999999938,thumb_ik,0.008578910149775354,0.02193699527230121,-0.036096486795428276,0.043102039625839195,False
1.569999999999938,thumb_ik,0.008584536103624432,0.021916509681308163,-0.036104879310130775,0.043099767594784254,False
1.5709999999999378,thumb_ik,0.008590965328939743,0.02189599511028255,-0.036113843784814095,0.0430981322108803,False
1.5719999999999377,thumb_ik,0.008598021560458566,0.021875434110217015,-0.03612324781613595,0.043096979303084884,False
1.5729999999999376,thumb_ik,0.008605553697316304,0.02185481238516744,-0.03613298084071381,0.04309617945089395,False
1.5739999999999374,thumb_ik,0.008613432874506666,0.021834118348802653,-0.036142950847127125,0.04309562444020275,False
1.5749999999999373,thumb_ik,0.008621549812684717,0.021813342739741573,-0.03615308156205849,0.04309522420276861,False
1.5759999999999372,thumb_ik,0.008629812429631067,0.021792478287415776,-0.036163310044824704,0.04309490417527602,False
1.5769999999999371,thumb_ik,0.008638143695539086,0.021771519421697097,-0.036173584632952505,0.04309460302208959,False
1.577999999999937,thumb_ik,0.008646479713815755,0.021750462020645386,-0.036183863189021434,0.04309427067296516,False
1.578999999999937,thumb_ik,0.008654768009153421,0.021729303191604613,-0.03619411160573402,0.043093866633353684,False
1.5799999999999368,thumb_ik,0.008662966005107992,0.021708041081608856,-0.03620430253210133,0.04309335853054846,False
1.5809999999999367,thumb_ik,0.008671039674260667,0.021686674713810736,-0.03621441428881898,0.04309272086394009,False
1.5819999999999366,thumb_ik,0.008678962345503485,0.02166520384801375,-0.036224429945407796,0.043091933932470634,False
1.5829999999999365,thumb_ik,0.00868666964458395,0.021643548150799177,-0.036234333859570436,0.04309093125376744,False
1.5839999999999363,thumb_ik,0.00869404574042651,0.021621472954593532,-0.036244096885740554,0.04308954726062686,False
1.5849999999999362,thumb_ik,0.008701109233716725,0.021599050050209803,-0.03625371946593629,0.04308782241055292,False
1.5859999999999361,thumb_ik,0.008707878316507628,0.02157633797217605,-0.0362632030629491,0.043085791178175556,False
1.586999999999936,thumb_ik,0.008714370738326288,0.02155338452350962,-0.036272549901148046,0.043083483124215206,False
1.587999999999936,thumb_ik,0.00872060377039216,0.021530228815536,-0.03628176275796195,0.04308092375744222,False
1.5889999999999358,thumb_ik,0.008726594170828994,0.021506902916042278,-0.03629084479677522,0.043078135230369956,False
1.5899999999999357,thumb_ik,0.008732358152815048,0.021483433181100728,-0.036299799433651234,0.04307513690145583,False
1.5909999999999356,thumb_ik,0.00873791135690899,0.02145984133140484,-0.03630863023167073,0.0430719457901598,False
1.5919999999999355,thumb_ik,0.008743268828259432,0.021436145322257835,-0.03631734081779439,0.04306857694602881,False
1.5929999999999354,thumb_ik,0.00874844499901442,0.021412360046898823,-0.03632593481807382,0.04306504374879651,False
1.5939999999999352,thumb_ik,0.008753453675966139,0.02138849790522339,-0.03633441580778719,0.04306135815313082,False
1.5949999999999351,thumb_ik,0.008758308033265064,0.021364569263788283,-0.03634278727368892,0.04305753088895562,False
1.595999999999935,thumb_ik,0.008763020609904124,0.021340582828010615,-0.03635105258606765,0.04305357162610138,False
1.596999999999935,thumb_ik,0.008767603311586047,0.02131654594345299,-0.036359214978719134,0.0430494891102948,False
1.5979999999999348,thumb_ik,0.008772067416536258,0.02129246483983406,-0.036367277535281683,0.04304529127609698,False
1.5989999999999347,thumb_ik,0.00877642358480328,0.021268344828782218,-0.03637524318065807,0.04304098534127547,False
1.5999999999999346,thumb_ik,0.008780681870583035,0.021244190464229137,-0.036383114676480574,0.04303657788619776,False
1.6009999999999345,thumb_ik,0.008784851737116434,0.021220005672626843,-0.03639089461976182,0.04303207492111021,False
1.6019999999999344,thumb_ik,0.008788942073730086,0.02119579385879021,-0.0363985854440316,0.04302748194359252,False
1.6029999999999343,thumb_ik,0.008792962017798125,0.021171554606166473,-0.03640618779780724,0.043022801111242605,False
1.6039999999999341,thumb_ik,0.00879691926456648,0.021147291262860038,-0.03641370401021056,0.0430180375661973,False
1.604999999999934,thumb_ik,0.008800821004349604,0.021123006712424133,-0.0364211362305385,0.04301319596643756,False
1.605999999999934,thumb_ik,0.00880467394377571,0.021098703454768844,-0.036428486439744834,0.04300828054013728,False
1.6069999999999338,thumb_ik,0.008808484327994553,0.02107438366939969,-0.03643575646054202,0.04300329513018178,False
1.6079999999999337,thumb_ik,0.008812257962985695,0.021050049266969392,-0.0364429479673679,0.04299824323272205,False
1.6089999999999336,thumb_ik,0.008816000238405883,0.02102570192881266,-0.03645006249488525,0.04299312802860347,False
1.6099999999999335,thumb_ik,0.008819716148280157,0.02100134314735093,-0.036457101450119184,0.04298795241777979,False
1.6109999999999334,thumb_ik,0.008823410312691876,0.020976974254055827,-0.0364640661214939,0.042982719045147874,False
1.6119999999999333,thumb_ik,0.008827087000336978,0.020952596436887863,-0.03647095768479826,0.04297743031877254,False
1.6129999999999332,thumb_ik,0.008830750148509273,0.02092821076291855,-0.036477777212862855,0.04297208843323527,False
1.613999999999933,thumb_ik,0.00883440338379099,0.02090381819165922,-0.03648452568208578,0.042966695385894614,False
1.614999999999933,thumb_ik,0.008838050040099368,0.020879419594403023,-0.03649120398253021,0.04296125299854591,False
1.6159999999999328,thumb_ik,0.00884169317736741,0.020855015765001497,-0.03649781292479552,0.04295576293228345,False
1.6169999999999327,thumb_ik,0.008845335600758994,0.020830607423411848,-0.036504353243822216,0.04295022669635294,False
1.6179999999999326,thumb_ik,0.008848979877081914,0.020806195227055804,-0.03651082560641135,0.042944645663378606,False
1.6189999999999325,thumb_ik,0.008852628351105993,0.020781779777626727,-0.03651723061688805,0.04293902108077881,False
1.6199999999999324,thumb_ik,0.008856283161703352,0.020757361624237095,-0.03652356882109148,0.04293335407895156,False
1.6209999999999323,thumb_ik,0.008859946254601889,0.02073294127718482,-0.0365298407152944,0.04292764568809253,False
1.6219999999999322,thumb_ik,0.008863619398287545,0.020708519203192652,-0.03653604674666583,0.042921896839506625,False
1.622999999999932,thumb_ik,0.00886730419710105,0.02068409582977475,-0.03654218731757358,0.042916108374034416,False
1.623999999999932,thumb_ik,0.008871002101663389,0.02065967155732247,-0.03654826279347888,0.042910281056704205,False
1.6249999999999318,thumb_ik,0.008874714423117366,0.020635246750189615,-0.036554273501142945,0.04290441557380149,False
1.6259999999999317,thumb_ik,0.00887844234142747,0.02061082175131508,-0.036560219737323374,0.04289851254899061,False
1.6269999999999316,thumb_ik,0.008882186917546539,0.020586396875551152,-0.03656610176778953,0.04289257254173825,False
1.6279999999999315,thumb_ik,0.008885949102332674,0.020561972414914906,-0.0365719198314373,0.0428865960551551,False
1.6289999999999314,thumb_ik,0.008889729746079572,0.020537548637836398,-0.03657767414157814,0.042880583538675195,False
1.6299999999999313,thumb_ik,0.008893529604903874,0.020513125799547352,-0.03658336489225093,0.04287453539970941,False
1.6309999999999312,thumb_ik,0.00889734935102618,0.020488704131924815,-0.03658899225507828,0.04286845199819953,False
1.631999999999931,thumb_ik,0.008901189577382077,0.02046428385677028,-0.03659455638655133,0.04286233366011992,False
1.632999999999931,thumb_ik,0.00890505080623405,0.020439865177984115,-0.03660005742576364,0.04285618067356182,False
1.6339999999999308,thumb_ik,0.008908933494675406,0.02041544828603127,-0.03660549549742803,0.04284999329456646,False
1.6349999999999307,thumb_ik,0.00891283804095333,0.020391033356320046,-0.036610870712076055,0.04284377174781849,False
1.6359999999999306,thumb_ik,0.008916764788446663,0.02036662055615089,-0.036616183170090175,0.04283751623421116,False
1.6369999999999305,thumb_ik,0.008920714030569682,0.02034221004513241,-0.0366214329628335,0.042831226933007616,False
1.6379999999999304,thumb_ik,0.008924686016507949,0.02031780197025944,-0.03662662017115133,0.04282490399939876,False
1.6389999999999303,thumb_ik,0.008928680954697538,0.02029339646987148,-0.036631744867726634,0.042818547569112936,False
1.6399999999999302,thumb_ik,0.008932699016597892,0.02026899367443695,-0.03663680711802436,0.04281215776037006,False
1.64099999999993,thumb_ik,0.008936740340198757,0.020244593707077443,-0.036641806981054306,0.042805734675503644,False
1.64199999999993,thumb_ik,0.008940805033789509,0.0202201966816057,-0.03664674450890347,0.04279927840041115,False
1.6429999999999298,thumb_ik,0.008944893177607452,0.02019580270897116,-0.03665161975006245,0.04279278901078619,False
1.6439999999999297,thumb_ik,0.00894900482655081,0.02017141189726039,-0.03665643274993578,0.042786266573108855,False
1.6449999999999296,thumb_ik,0.008953140013878966,0.02014702434632766,-0.03666118354875443,0.042779711141090034,False
1.6459999999999295,thumb_ik,0.008957298752795398,0.02012264015143718,-0.03666587218342392,0.0427731227593011,False
1.6469999999999294,thumb_ik,0.008961481039089003,0.02009825940092673,-0.036670498686683164,0.04276650146190267,False
1.6479999999999293,thumb_ik,0.00896568685171796,0.020073882182466016,-0.036675063090148036,0.0427598472783163,False
1.6489999999999292,thumb_ik,0.008969916154503474,0.020049508583008593,-0.036679565424630814,0.04275316023382049,False
1.649999999999929,thumb_ik,0.008974168898934626,0.02002513868312948,-0.03668400571777407,0.04274644034544695,False
1.650999999999929,thumb_ik,0.008978445024906828,0.020000772560549065,-0.03668838399570347,0.04273968762520706,False
1.6519999999999289,thumb_ik,0.008982744461985936,0.01997641029034518,-0.03669270028326092,0.042732902080654014,False
1.6529999999999287,thumb_ik,0.008989433930474466,0.019952558975633763,-0.036697730529392625,0.0427274848086618,False
1.6539999999999286,thumb_ik,0.008998087841650348,0.019929141709663603,-0.036703304224801156,0.042723164853603904,False
1.6549999999999285,thumb_ik,0.009008337104703834,0.019906091852815153,-0.03670927800397962,0.042719711162625615,False
1.6559999999999284,thumb_ik,0.009019862183341096,0.01988335378514232,-0.036715527134911816,0.04271692409743527,False
1.6569999999999283,thumb_ik,0.009032387426994637,0.019860878106715982,-0.03672194986375782,0.04271463570718477,False
1.6579999999999282,thumb_ik,0.009045676038071604,0.01983862109032304,-0.03672846362876013,0.042712705162285244,False
1.658999999999928,thumb_ik,0.00905952844171315,0.019816544357958252,-0.03673500312955491,0.04271101662107266,False
1.659999999999928,thumb_ik,0.00907377786762932,0.019794614390450452,-0.036741517478771316,0.04270947565003071,False
1.6609999999999279,thumb_ik,0.009088283069528344,0.01977280184668008,-0.036747966369432256,0.04270800410120888,False
1.6619999999999278,thumb_ik,0.009102925137211032,0.019751081127719658,-0.03675431826580573,0.04270653770737653,False
1.6629999999999276,thumb_ik,0.009117604654665129,0.01972942998124809,-0.03676054888931532,0.04270502402138985,False
1.6639999999999275,thumb_ik,0.009130114346621379,0.01970734606087092,-0.03676577259272536,0.042701996570246,False
1.6649999999999274,thumb_ik,0.009140751258843643,0.01968488475252826,-0.036770156279428895,0.04269768628520749,False
1.6659999999999273,thumb_ik,0.009149779061065746,0.019662094464585375,-0.036773841606496924,0.04269229253741617,False
1.6669999999999272,thumb_ik,0.009157431413344172,0.01963901764219665,-0.03677694866973416,0.04268598736701396,False
1.667999999999927,thumb_ik,0.009163915012269847,0.019615691598597038,-0.036779579132530854,0.04267891911013532,False
1.668999999999927,thumb_ik,0.009169412344777791,0.01959214921332443,-0.036781818894652527,0.04267121552926223,False
1.6699999999999269,thumb_ik,0.009174084179533956,0.019568419512291477,-0.03678374036963067,0.04266298651433818,False
1.6709999999999268,thumb_ik,0.00917807182082872,0.019544528151990023,-0.036785404431432855,0.04265432641850415,False
1.6719999999999267,thumb_ik,0.009181499145068495,0.01952049783765196,-0.036786862085750605,0.042645316090946066,False
1.6729999999999265,thumb_ik,0.009184474443062238,0.019496348673283634,-0.036788155901349054,0.042636024638883434,False
1.6739999999999264,thumb_ik,0.00918709208625261,0.019472098455792522,-0.036789321236657,0.042626510956531555,False
1.6749999999999263,thumb_ik,0.009189434030417498,0.019447762937444504,-0.03679038729726283,0.04261682506420479,False
1.6759999999999262,thumb_ik,0.009191571173992552,0.01942335605101085,-0.03679137804412584,0.04260700927449257,False
1.676999999999926,thumb_ik,0.009193564584444175,0.01939889010355557,-0.03679231297347951,0.04259709920824,False
1.677999999999926,thumb_ik,0.009195466602467228,0.01937437595580381,-0.0367932077913877,0.04258712468920802,False
1.6789999999999259,thumb_ik,0.009197321838014236,0.019349823174578965,-0.03679407499167954,0.042577110521650294,False
1.6799999999999258,thumb_ik,0.009199168068069002,0.019325240162428273,-0.03679492435045255,0.04256707716575848,False
1.6809999999999257,thumb_ik,0.009201037042315383,0.01930063428232652,-0.03679576335462133,0.042557041335171214,False
1.6819999999999256,thumb_ik,0.009202955207349012,0.019276011966321907,-0.03679659756891056,0.04254701651729075,False
1.6829999999999254,thumb_ik,0.009204944356946868,0.019251378810231687,-0.03679743094957606,0.04253701342593699,False
1.6839999999999253,thumb_ik,0.00920702221294381,0.019226739667839873,-0.03679826611697909,0.042527040403730655,False
1.6849999999999252,thumb_ik,0.009209202945958297,0.019202098729731568,-0.03679910458669429,0.04251710376905593,False
1.6859999999999251,thumb_ik,0.009211497641628777,0.019177459588782322,-0.036799946964602745,0.04250720811437381,False
1.686999999999925,thumb_ik,0.009213914423528577,0.01915282487109911,-0.03680079375256197,0.04249735686328862,False
1.687999999999925,thumb_ik,0.009216458191777702,0.01912819529487876,-0.03680164695442456,0.04248755318205456,False
1.6889999999999248,thumb_ik,0.00921913222465029,0.019103571516069243,-0.03680250766086225,0.042477799069313635,False
1.6899999999999247,thumb_ik,0.00922193842020437,0.01907895411086301,-0.03680337621342332,0.042468095541208714,False
1.6909999999999246,thumb_ik,0.009224877508061113,0.019054343572720997,-0.0368042523462221,0.04245844279752169,False
1.6919999999999245,thumb_ik,0.00922794923427575,0.0190297403218697,-0.03680513530885525,0.04244884037157325,False
1.6929999999999243,thumb_ik,0.009231152526047809,0.01900514469738178,-0.03680602396478687,0.042439287246890035,False
1.6939999999999242,thumb_ik,0.009234485634264336,0.018980556964474413,-0.03680691687775135,0.0424297819656994,False
1.6949999999999241,thumb_ik,0.009237946258748866,0.01895597731633701,-0.036807812382536595,0.04242032271783219,False
1.695999999999924,thumb_ik,0.00924153165600057,0.018931405886183486,-0.036808708646985266,0.0424109074229134,False
1.696999999999924,thumb_ik,0.009245238733455174,0.018906842752605277,-0.03680960372196562,0.04240153379629642,False
1.6979999999999238,thumb_ik,0.009249064131849366,0.018882287939134365,-0.03681049558092524,0.042392199400889286,False
1.6989999999999237,thumb_ik,0.009253004294944883,0.01885774142372,-0.03681138215511494,0.042382901696982334,False
1.6999999999999236,thumb_ik,0.009257055529682576,0.018833203144513463,-0.036812261361616305,0.04237363808216244,False
1.7009999999999235,thumb_ik,0.00926121405793183,0.018808673002365675,-0.036813131125156856,0.04236440592259906,False
1.7019999999999234,thumb_ik,0.00926547605912649,0.01878415087248557,-0.03681398939835649,0.04235520258509987,False
1.7029999999999232,thumb_ik,0.009269837706942244,0.018759636608739486,-0.03681483417618028,0.04234602545959489,False
1.7039999999999231,thumb_ik,0.009274295200828162,0.018735130041654932,-0.036815663505323795,0.04233687197334087,False
1.704999999999923,thumb_ik,0.009278844790952867,0.018710630985927887,-0.03681647549384286,0.04232773960814456,False
1.705999999999923,thumb_ik,0.00928348279941929,0.018686139241068253,-0.03681726831660363,0.042318625910117764,False
1.7069999999999228,thumb_ik,0.009288205635729727,0.01866165460408402,-0.03681804022266949,0.0423095285051942,False
1.7079999999999227,thumb_ik,0.009293009811407488,0.018637176862413188,-0.036818789535300725,0.04230044509931965,False
1.7089999999999226,thumb_ik,0.009297891950255904,0.018612705797126303,-0.03681951465371194,0.04229137348377233,False
1.7099999999999225,thumb_ik,0.009302848794766297,0.01858824119440604,-0.036820214056490844,0.04228231154472878,False
1.7109999999999224,thumb_ik,0.009307877212888171,0.018563782837643247,-0.03682088629842402,0.04227325725863634,False
1.7119999999999223,thumb_ik,0.009312974201156232,0.01853933051258065,-0.03682153001052432,0.04226420869532575,False
1.7129999999999221,thumb_ik,0.009318136887068645,0.01851488400571734,-0.03682214389757299,0.0422551640158323,False
1.713999999999922,thumb_ik,0.009323362528793483,0.018490443111928476,-0.036822726738105896,0.04224612147579932,False
1.714999999999922,thumb_ik,0.009328648514619772,0.018466007634926437,-0.036823277382065756,0.04223707942364191,False
1.7159999999999218,thumb_ik,0.009333992362315635,0.018441577381679744,-0.03682379474634999,0.04222803629421526,False
1.7169999999999217,thumb_ik,0.00933939171640473,0.018417152166512754,-0.03682427781308756,0.04221899060863946,False
1.7179999999999216,thumb_ik,0.009344844345241646,0.018392731811592913,-0.03682472562681363,0.042209940971530406,False
1.7189999999999215,thumb_ik,0.009350348138011291,0.018368316144299637,-0.036825137290641796,0.042200886065976946,False
1.7199999999999214,thumb_ik,0.009355901100034661,0.018343905003901248,-0.03682551196527334,0.04219182465466827,False
1.7209999999999213,thumb_ik,0.009361501348659373,0.018319498241191293,-0.03682584886601836,0.04218275557633461,False
1.7219999999999211,thumb_ik,0.009367147109787616,0.018295095712180673,-0.03682614725799632,0.042173677738156584,False
1.722999999999921,thumb_ik,0.009372836712962851,0.01827069728155871,-0.0368264064542877,0.04216459011467589,False
1.723999999999921,thumb_ik,0.009378568587224634,0.01824630281965113,-0.03682662581224681,0.04215549174244002,False
1.7249999999999208,thumb_ik,0.009384341255219752,0.01822191221166404,-0.036826804733668034,0.04214638172293945,False
1.7259999999999207,thumb_ik,0.009390153329897566,0.018197525347674784,-0.03682694265930761,0.04213725921284135,False
1.7269999999999206,thumb_ik,0.009396003509949152,0.018173142122935235,-0.036827039066456735,0.042128123421079536,False
1.7279999999999205,thumb_ik,0.009401890574050817,0.01814876244695314,-0.03682709346938649,0.042118973611963664,False
1.7289999999999204,thumb_ik,0.009407813377744864,0.018124386233555792,-0.03682710541423509,0.04210980909580053,False
1.7299999999999203,thumb_ik,0.00941377084918349,0.018100013400952533,-0.03682707447685328,0.0421006292261683,False
1.7309999999999202,thumb_ik,0.009419761983703132,0.0180756438808599,-0.03682700026360086,0.042091433403396286,False
1.73199999999992,thumb_ik,0.009425785841105302,0.018051277608400126,-0.03682688240652712,0.04208222106545811,False
1.73299999999992,thumb_ik,0.009431841541796854,0.018026914522314433,-0.03682672056159404,0.04207299168571364,False
1.7339999999999198,thumb_ik,0.009437928261835205,0.0180025545739171,-0.03682651440974315,0.04206374477662956,False
1.7349999999999197,thumb_ik,0.009444045231075879,0.01797819771411173,-0.036826263651497645,0.042054479879127214,False
1.7359999999999196,thumb_ik,0.009450191728108487,0.01795384390585543,-0.036825968009215906,0.042045196568807064,False
1.7369999999999195,thumb_ik,0.009456367078317943,0.017929493114050357,-0.03682562722278157,0.04203589444745937,False
1.7379999999999194,thumb_ik,0.00946257065041213,0.017905145308679163,-0.03682524104921846,0.042026573143333974,False
1.7389999999999193,thumb_ik,0.00946880185392393,0.01788080046169803,-0.03682480926055233,0.04201723230742351,False
1.7399999999999192,thumb_ik,0.009475060135230556,0.01785645855590892,-0.036824331645391936,0.04200787161776876,False
1.740999999999919,thumb_ik,0.009481344976205217,0.01783211957509473,-0.03682380800502605,0.041998490771565936,False
1.741999999999919,thumb_ik,0.009487655891784616,0.01780778350411434,-0.03682323815240951,0.04198908948380983,False
1.7429999999999188,thumb_ik,0.00949399242641169,0.017783450337956738,-0.036822621914007564,0.041979667491980996,False
1.7439999999999187,thumb_ik,0.009500354153122254,0.017759120071797085,-0.03682195912607568,0.04197022454838241,False
1.7449999999999186,thumb_ik,0.009506740671508529,0.01773479270122437,-0.03682124963387472,0.04196076041912056,False
1.7459999999999185,thumb_ik,0.009513151604964479,0.01771046822841439,-0.03682049329280028,0.04195127488710998,False
1.7469999999999184,thumb_ik,0.0095195865989086,0.017686146661406624,-0.036819689967607164,0.0419417677506995,False
1.7479999999999183,thumb_ik,0.009526045319945192,0.017661828007590696,-0.03681883952987182,0.04193223881852502,False
1.7489999999999182,thumb_ik,0.009532527453879364,0.017637512276969913,-0.03681794185834637,0.04192268791076977,False
1.749999999999918,thumb_ik,0.00953903270425499,0.017613199481975858,-0.03681699683839017,0.041913114858272614,False
1.750999999999918,thumb_ik,0.009545560790994154,0.017588889637258964,-0.03681600436143316,0.04190351950167558,False
1.7519999999999178,thumb_ik,0.009552111449514636,0.017564582756721653,-0.03681496432362419,0.04189390168880662,False
1.7529999999999177,thumb_ik,0.009558684428724734,0.017540278859598593,-0.036813876627228154,0.04188426127801708,False
1.7539999999999176,thumb_ik,0.009565279489923972,0.01751597796985814,-0.036812741180166836,0.041874598137282074,False
1.7549999999999175,thumb_ik,0.009571896406608438,0.01749168010974038,-0.036811557893763544,0.04186491213947828,False
1.7559999999999174,thumb_ik,0.009578534963101695,0.017467385303081076,-0.03681032668335417,0.041855203164014275,False
1.7569999999999173,thumb_ik,0.009585194954072104,0.017443093572270557,-0.03680904746706534,0.04184547109438756,False
1.7579999999999172,thumb_ik,0.009591876182892575,0.017418804944408228,-0.0368077201673655,0.04183571582175172,False
1.758999999999917,thumb_ik,0.009598578460874987,0.017394519450803864,-0.036806344710763536,0.041825937244268876,False
1.759999999999917,thumb_ik,0.00960530160739588,0.01737023712051433,-0.036804921025677284,0.0418161352625787,False
1.7609999999999169,thumb_ik,0.00961204544883719,0.017345957983648977,-0.03680344904314549,0.04180630978156807,False
1.7619999999999167,thumb_ik,0.009618809817967047,0.017321682071395977,-0.03680192869664857,0.04179646071008818,False
1.7629999999999166,thumb_ik,0.009625594553386504,0.01729740941588853,-0.03680035992189867,0.041786587960592564,False
1.7639999999999165,thumb_ik,0.00963239949940814,0.01727314004724473,-0.03679874265577644,0.04177669144695387,False
1.7649999999999164,thumb_ik,0.009639224504772559,0.017248873999715628,-0.036797076837995796,0.041766771088184926,False
1.7659999999999163,thumb_ik,0.009646069422211953,0.017224611311173935,-0.03679536241091025,0.04175682680795297,False
1.7669999999999162,thumb_ik,0.009652934108859007,0.017200352016773918,-0.0367935993175266,0.04174685853030867,False
1.767999999999916,thumb_ik,0.009659818425864816,0.0171760961493891,-0.036791787501432055,0.04173686617972495,False
1.768999999999916,thumb_ik,0.009666722236850903,0.01715184374872443,-0.03678992690940501,0.04172684968679576,False
1.7699999999999159,thumb_ik,0.009673645408793202,0.01712759485168358,-0.03678801748855064,0.04171680898194865,False
1.7709999999999158,thumb_ik,0.00968058781132547,0.01710334949573432,-0.03678605918715064,0.04170674399742287,False
1.7719999999999156,thumb_ik,0.009687549316887131,0.017079107715788314,-0.036784051953637056,0.0416966546651226,False
1.7729999999999155,thumb_ik,0.009694529799643845,0.01705486955064231,-0.036781995738411,0.041686540920614815,False
1.7739999999999154,thumb_ik,0.009701529135285353,0.017030635042319248,-0.03677989049367619,0.041676402702659876,False
1.7749999999999153,thumb_ik,0.00970854720161661,0.017006404229821317,-0.03677773617155021,0.04166623994912733,False
1.7759999999999152,thumb_ik,0.009715583877966671,0.01698217715249553,-0.036775532724941926,0.04165605259901401,False
1.776999999999915,thumb_ik,0.009722639045018994,0.01695795384995931,-0.03677328010748261,0.041645840592314305,False
1.777999999999915,thumb_ik,0.009729712585029096,0.016933734359270605,-0.03677097827262145,0.04163560386812246,False
1.7789999999999149,thumb_ik,0.009736804380883313,0.016909518721115194,-0.03676862717539607,0.0416253423684972,False
1.7799999999999148,thumb_ik,0.00974391431596773,0.016885306979326317,-0.03676622677234592,0.0416150560381525,False
1.7809999999999147,thumb_ik,0.009751042274852961,0.016861099174537084,-0.03676377701962563,0.04160474482037233,False
1.7819999999999145,thumb_ik,0.009758188142778207,0.016836895347605296,-0.03676127787391878,0.04159440865909192,False
1.7829999999999144,thumb_ik,0.009765351805548078,0.01681269553958943,-0.0367587292924061,0.04158404749883597,False
1.7839999999999143,thumb_ik,0.009772533149828733,0.016788499788813735,-0.036756131231851966,0.041573661282795674,False
1.7849999999999142,thumb_ik,0.00977973206226597,0.016764308137123554,-0.03675348365040519,0.041563249956743535,False
1.785999999999914,thumb_ik,0.009786948429411996,0.016740120629405872,-0.03675078650752968,0.0415528134687539,False
1.786999999999914,thumb_ik,0.009794182138439328,0.016715937307372003,-0.036748039762175916,0.041542351765245275,False
1.7879999999999139,thumb_ik,0.009801433076695704,0.016691758212825675,-0.036745243373661335,0.041531864792975284,False
1.7889999999999138,thumb_ik,0.009808701132031583,0.016667583384744375,-0.0367423973007719,0.041521352497151325,False
1.7899999999999137,thumb_ik,0.009815986191548984,0.016643412868593888,-0.036739501504492386,0.04151081482729236,False
1.7909999999999136,thumb_ik,0.009823288142758735,0.01661924670646983,-0.03673655594518617,0.04150025173104334,False
1.7919999999999134,thumb_ik,0.009830606873509742,0.016595084937729848,-0.0367335605826772,0.04148966315449164,False
1.7929999999999133,thumb_ik,0.009837942270776959,0.016570927608135458,-0.036730515378930545,0.04147904904791164,False
1.7939999999999132,thumb_ik,0.009845294221813503,0.0165467747601009,-0.03672742029527022,0.041468409359668154,False
1.794999999999913,thumb_ik,0.009852662613716923,0.01652262643615214,-0.03672427529331826,0.0414577440383313,False
1.795999999999913,thumb_ik,0.00986004733379213,0.01649848267593816,-0.03672108033408779,0.041447053030769045,False
1.796999999999913,thumb_ik,0.009867448268720186,0.016474343522637186,-0.036717835379832725,0.04143633628614169,False
1.7979999999999128,thumb_ik,0.009874865304555142,0.01645020902234659,-0.03671454039395626,0.041425593755569104,False
1.7989999999999127,thumb_ik,0.009882298327480818,0.016426079217838688,-0.03671119533919677,0.04141482538821943,False
1.7999999999999126,thumb_ik,0.009889747223406381,0.016401954151918044,-0.03670780017853835,0.041404031133357,False
1.8009999999999124,thumb_ik,0.009897211878314091,0.016377833864619065,-0.03670435487436355,0.04139321093856479,False
1.8019999999999123,thumb_ik,0.009904692532100579,0.016353719251304757,-0.03670085831080419,0.04138236421781227,False
1.8029999999999122,thumb_ik,0.0099121896201904,0.016329611807703398,-0.036697308586668934,0.04137148997029358,False
1.8039999999999121,thumb_ik,0.009919703386388312,0.016305512801666103,-0.0366937040577226,0.04136058728397058,False
1.804999999999912,thumb_ik,0.009927233907877392,0.0162814233173479,-0.036690043301858793,0.04134965532858362,False
1.805999999999912,thumb_ik,0.009934781120800748,0.01625734427275037,-0.03668632508229068,0.04133869333644278,False
1.8069999999999118,thumb_ik,0.009942344839472692,0.01623327645606351,-0.036682548325253944,0.0413277006019034,False
1.8079999999999117,thumb_ik,0.009949924776642874,0.016209220537071953,-0.03667871209386234,0.04131667646779845,False
1.8089999999999116,thumb_ik,0.009957520559752978,0.016185177087441188,-0.03667481557023733,0.04130562032170267,False
1.8099999999999115,thumb_ik,0.009965131746215994,0.01616114659250488,-0.036670858038392276,0.04129453158925275,False
1.8109999999999113,thumb_ik,0.009972757835597257,0.01613712946919177,-0.0366668388729884,0.04128340973430631,False
1.8119999999999112,thumb_ik,0.009980543214290316,0.016113704477816973,-0.036662984885684674,0.04127271708500275,False
1.8129999999999111,thumb_ik,0.009988458236960457,0.016090757145315243,-0.03665926210807964,0.04126237101488353,False
1.813999999999911,thumb_ik,0.009996477403325446,0.01606819513650623,-0.03665564174002675,0.041252303290764625,False
1.814999999999911,thumb_ik,0.010004578804186093,0.016045943979278873,-0.036652099415791506,0.04124245757493592,False
1.8159999999999108,thumb_ik,0.010012743645084435,0.01602394361767394,-0.03664861456882278,0.041232787368533565,False
1.8169999999999107,thumb_ik,0.010020955836042289,0.016002145630155465,-0.036645169882807804,0.041223254315694895,False
1.8179999999999106,thumb_ik,0.010029201633936793,0.01598051098822964,-0.036641750818176236,0.041213826804610214,False
1.8189999999999105,thumb_ik,0.010037469333960117,0.01595900824557568,-0.03663834520422772,0.04120447881137072,False
1.8199999999999104,thumb_ik,0.010045749003243246,0.0159376120743617,-0.036634942888274166,0.04119518894356612,False
1.8209999999999102,thumb_ik,0.010054032246311906,0.015916302087048043,-0.03663153543432175,0.04118593964949713,False
1.8219999999999101,thumb_ik,0.010062312002304702,0.015895061883176215,-0.03662811586453672,0.041176716562733036,False
1.82299999999991,thumb_ik,0.01007058236532199,0.015873878283039072,-0.03662467843776375,0.04116750795944625,False
1.82399999999991,thumb_ik,0.010078838429134776,0.01585274070685952,-0.03662121845992786,0.04115830430774919,False
1.8249999999999098,thumb_ik,0.01008707615324067,0.01583164067128763,-0.036617732121889374,0.041149097893106897,False
1.8259999999999097,thumb_ik,0.01009529224307655,0.015810571386046288,-0.03661421636099316,0.04113988250780508,False
1.8269999999999096,thumb_ik,0.010103484046094319,0.01578952742708617,-0.03661066874293127,0.041130653192540396,False
1.8279999999999095,thumb_ik,0.010111649461688563,0.015768504471579625,-0.03660708736103785,0.041121406021255524,False
1.8289999999999094,thumb_ik,0.010119786859850863,0.015747499087013922,-0.03660347075058612,0.041112137922678364,False
1.8299999999999093,thumb_ik,0.010127895011757634,0.015726508558707886,-0.03659981781588842,0.04110284653126254,False
1.8309999999999091,thumb_ik,0.010135973030965209,0.015705530748270996,-0.03659612776834853,0.041093530062609976,False
1.831999999999909,thumb_ik,0.010144020319490396,0.01568456398249231,-0.036592400073929804,0.041084187210332725,False
1.832999999999909,thumb_ik,0.01015203652168474,0.015663606962484214,-0.036588634408644766,0.041074817059875854,False
1.8339999999999088,thumb_ik,0.010160021484999476,0.01564265868918477,-0.0365848306208917,0.04106541901650723,False
1.8349999999999087,thumb_ik,0.010167975223245418,0.01562171840644043,-0.036580988699664904,0.04105599274595201,False
1.8359999999999086,thumb_ik,0.010175897886485416,0.01560078555283248,-0.036577108747749165,0.04104653812450343,False
1.8369999999999085,thumb_ik,0.010183789736801813,0.015579859720581207,-0.036573190959154456,0.04103705519711613,False
1.8379999999999084,thumb_ik,0.010191651124804288,0.015558940625605505,-0.03656923560017962,0.041027544143200756,False
1.8389999999999083,thumb_ik,0.010199482470278798,0.015538028082265565,-0.036565242993557595,0.041018005247997015,False
1.8399999999999082,thumb_ik,0.010207287770422374,0.0155171072707051,-0.036561213190880404,0.04100843390898743,False
1.840999999999908,thumb_ik,0.010215067003660455,0.015496180866218248,-0.03655714644222738,0.04099883134098189,False
1.841999999999908,thumb_ik,0.010222820228119434,0.01547525106300389,-0.036553043057381274,0.04098919864591427,False
1.8429999999999078,thumb_ik,0.010230547570538581,0.015454319664260308,-0.036548903391106016,0.040979536832065296,False
1.8439999999999077,thumb_ik,0.01023824921352992,0.01543338815818715,-0.03654472783120799,0.04096984682979283,False
1.8449999999999076,thumb_ik,0.010245925385938937,0.015412457776985189,-0.03654051678887317,0.04096012950345129,False
1.8459999999999075,thumb_ik,0.010255441263158693,0.015391269624755441,-0.03653680707715136,0.040951233529125775,False
1.8469999999999074,thumb_ik,0.010266447714234753,0.015369890325207719,-0.03653347352416404,0.040942986762311624,False
1.8479999999999073,thumb_ik,0.010278643513969024,0.015348369122083302,-0.03653041309251988,0.040935241881600325,False
1.8489999999999072,thumb_ik,0.010291769785524929,0.015326741942249145,-0.03652754126712074,0.0409278733249573,False
1.849999999999907,thumb_ik,0.010305604943428512,0.015305034467861384,-0.03652478897647944,0.040920774468340616,False
1.850999999999907,thumb_ik,0.01031996029672913,0.015283265049758743,-0.03652210019603877,0.040913855523975466,False
1.8519999999999068,thumb_ik,0.01033467581366923,0.015261446023273645,-0.036519429578690296,0.040907040905544055,False
1.8529999999999067,thumb_ik,0.01034962013034664,0.015239585615773793,-0.03651674190999392,0.04090026951383184,False
1.8539999999999066,thumb_ik,0.010364685363098342,0.01521768900489645,-0.036514009914461784,0.04089349191936517,False
1.8549999999999065,thumb_ik,0.010379781615821038,0.015195759018064608,-0.036511212092888934,0.04088666735036187,False
1.8559999999999064,thumb_ik,0.010394834592696647,0.015173796845485796,-0.03650833173975765,0.04087976251567264,False
1.8569999999999063,thumb_ik,0.010409783489665883,0.015151802577811999,-0.03650535611756016,0.04087275056720061,False
1.8579999999999062,thumb_ik,0.010424579135256767,0.015129775612302526,-0.036502275766214454,0.040865610191683444,False
1.858999999999906,thumb_ik,0.010439182355728799,0.015107714951160658,-0.03649908392273277,0.04085832481270337,False
1.859999999999906,thumb_ik,0.010452017925848933,0.015085430022600294,-0.036494627663005874,0.04084939076596457,False
1.8609999999999058,thumb_ik,0.010463297949158554,0.015062946947423814,-0.036489111057352364,0.040839052394363466,False
1.8619999999999057,thumb_ik,0.010473212084366482,0.015040288624192558,-0.03648270774666067,0.04082752034830661,False
1.8629999999999056,thumb_ik,0.01048192981217555,0.015017475263230717,-0.03647556547652869,0.040814976328569064,False
1.8639999999999055,thumb_ik,0.010489602275700727,0.01499453430374402,-0.03646781139303014,0.04080158186499833,False
1.8649999999999054,thumb_ik,0.010496364355581878,0.014971490744940058,-0.03645955359002906,0.04078747660489867,False
1.8659999999999053,thumb_ik,0.010502350308200403,0.01494836861673457,-0.03645088409524043,0.04077278550237381,False
1.8669999999999052,thumb_ik,0.01050770166043101,0.014925192084945874,-0.03644188120413326,0.040757623319488546,False
1.867999999999905,thumb_ik,0.010512541801770914,0.014901982519934576,-0.03643261070450085,0.040742088077369405,False
1.868999999999905,thumb_ik,0.010516977969353247,0.014878758811925796,-0.036423127701787086,0.04072626328270261,False
1.8699999999999048,thumb_ik,0.010521103031032097,0.01485553765135926,-0.03641347818469079,0.04071021986439643,False
1.8709999999999047,thumb_ik,0.01052499708882522,0.014832333765559882,-0.03640370036465927,0.04069401785143169,False
1.8719999999999046,thumb_ik,0.010529054054564738,0.01480964123095474,-0.036394487171448886,0.04067855883811886,False
1.8729999999999045,thumb_ik,0.010533354551695628,0.014787531603367335,-0.03638593695299809,0.04066397738760766,False
1.8739999999999044,thumb_ik,0.010537883082753718,0.0147659006129989,-0.03637794377202276,0.04065013645560366,False
1.8749999999999043,thumb_ik,0.010542623420808583,0.014744664952477227,-0.036370418369411156,0.040636921457214155,False
1.8759999999999042,thumb_ik,0.010547559121769745,0.014723758049879299,-0.03636328552643564,0.04062423647055655,False
1.876999999999904,thumb_ik,0.010552673906996393,0.014703126692893254,-0.03635648184727652,0.04061200110122647,False
1.877999999999904,thumb_ik,0.010557951942234883,0.014682728330963388,-0.03634995389246917,0.040600147886923406,False
1.8789999999999039,thumb_ik,0.010563378032735576,0.0146625289221239,-0.03634365660860289,0.04058862014824654,False
1.8799999999999037,thumb_ik,0.010568937754527663,0.014642501211659872,-0.03633755200575142,0.040577370205118396,False
1.8809999999999036,thumb_ik,0.010574617534285985,0.014622623359318035,-0.03633160804498438,0.04056635789714521,False
1.8819999999999035,thumb_ik,0.010580404691595463,0.014602877841676812,-0.03632579770122671,0.04055554935304562,False
1.8829999999999034,thumb_ik,0.010586287452855572,0.014583250574512138,-0.03632009817372599,0.04054491596615523,False
1.8839999999999033,thumb_ik,0.010592254942276072,0.014563730214367854,-0.03631449022230496,0.04053443354266771,False
1.8849999999999032,thumb_ik,0.010598297157611375,0.014544307600599646,-0.03630895760829725,0.04052408159135775,False
1.885999999999903,thumb_ik,0.010604404935251124,0.014524975309669036,-0.036303486623570455,0.04051384273066469,False
1.886999999999903,thumb_ik,0.010610569906729247,0.014505727301801594,-0.03629806569490068,0.0405037021948753,False
1.8879999999999029,thumb_ik,0.010616784451576211,0.014486558637997568,-0.036292685050246826,0.04049364742054958,False
1.8889999999999028,thumb_ik,0.010623041648554071,0.014467465253271528,-0.0362873364370864,0.040483667699701215,False
1.8899999999999026,thumb_ik,0.01062933522489802,0.014448443778132106,-0.03628201288605615,0.04047375389060232,False
1.8909999999999025,thumb_ik,0.010635659506482695,0.014429491395828678,-0.03627670851152856,0.04046389817492302,False
1.8919999999999024,thumb_ik,0.010642009369712838,0.014410605728183493,-0.03627141834326847,0.04045409385353481,False
1.8929999999999023,thumb_ik,0.010648380194184431,0.014391784746880451,-0.03626613818544071,0.04044433517621374,False
1.8939999999999022,thumb_ik,0.010654767818633129,0.014373026701605382,-0.0362608644971302,0.04043461719756079,False
1.894999999999902,thumb_ik,0.010661168500255669,0.014354330061725859,-0.03625559429097236,0.04042493565490733,False
1.895999999999902,thumb_ik,0.010667578875557332,0.014335693472064148,-0.03625032504849891,0.040415286866643016,False
1.8969999999999019,thumb_ik,0.010673995924438615,0.014317115717201595,-0.03624505464840044,0.04040566764601481,False
1.8979999999999018,thumb_ik,0.010680416937437903,0.014298595692581226,-0.03623978130565103,0.0403960752279083,False
1.8989999999999017,thumb_ik,0.01068683948450605,0.01428013238364001,-0.03623450352095499,0.0403865072081256,False
1.8999999999999015,thumb_ik,0.01069326138722125,0.014261724848017118,-0.03622922003745485,0.04037696149115614,False
1.9009999999999014,thumb_ik,0.010699680694195982,0.01424337220023271,-0.03622392980353302,0.0403674362451147,False
1.9019999999999013,thumb_ik,0.010706095657592882,0.014225073601565968,-0.036218631942177795,0.04035792986468013,False
1.9029999999999012,thumb_ik,0.010712504712568877,0.014206828250833983,-0.036213325724492276,0.040348440938822894,False
1.903999999999901,thumb_ik,0.010718906457560018,0.014188635379104031,-0.03620801054811351,0.04033896822452681,False
1.904999999999901,thumb_ik,0.010725299637244029,0.014170494244258772,-0.036202685918367186,0.04032951062360142,False
1.9059999999999009,thumb_ik,0.010731683127950545,0.014152404125406831,-0.03619735143168065,0.04032006716209887,False
1.9069999999999008,thumb_ik,0.010738055923382936,0.014134364320510948,-0.03619200676236592,0.04031063697395233,False
1.9079999999999007,thumb_ik,0.01074441712218302,0.014116374143875551,-0.036186651651107474,0.040301219286566714,False
1.9089999999999006,thumb_ik,0.010750765917121707,0.014098432923584037,-0.03618128589490405,0.04029181340811464,False
1.9099999999999004,thumb_ik,0.010757101584314824,0.01408054000142317,-0.036175909339352066,0.04028241871779755,False
1.9109999999999003,thumb_ik,0.010763423474321132,0.014062694731536526,-0.03617052187152514,0.040273034656683505,False
1.9119999999999002,thumb_ik,0.010769731004922622,0.014044896478072263,-0.03616512341332549,0.04026366071905561,False
1.9129999999999001,thumb_ik,0.01077602365353969,0.01402714461531901,-0.03615971391666033,0.04025429644616135,False
1.9139999999999,thumb_ik,0.010782300950835433,0.014009438527165907,-0.03615429335904907,0.04024494142041962,False
1.9149999999999,thumb_ik,0.010788562475377503,0.013991777606028821,-0.03614886173958219,0.04023559526003216,False
1.9159999999998998,thumb_ik,0.010794807847751109,0.013974161253983555,-0.036143419076323596,0.04022625761550479,False
1.9169999999998997,thumb_ik,0.010801036726077837,0.013956588882314352,-0.0361379654035235,0.04021692816581451,False
1.9179999999998996,thumb_ik,0.0108072488027562,0.013939059909857526,-0.03613250076866138,0.04020760661432844,False
1.9189999999998995,thumb_ik,0.01081344380043174,0.013921573763666803,-0.03612702523074958,0.04019829268645036,False
1.9199999999998993,thumb_ik,0.01081962146878239,0.01390412987887285,-0.03612153885860364,0.04018898612717064,False
1.9209999999998992,thumb_ik,0.010825781582025046,0.013886727697911175,-0.03611604172907172,0.04017968669855075,False
1.9219999999998991,thumb_ik,0.01083192393557765,0.013869366671871303,-0.03611053392635888,0.04017039417869421,False
1.922999999999899,thumb_ik,0.010838048343849258,0.013852046260207931,-0.03610501554088699,0.040161108360032165,False
1.923999999999899,thumb_ik,0.010844154639003206,0.013834765929203421,-0.03609948666775013,0.040151829047074955,False
1.9249999999998988,thumb_ik,0.010850242668736215,0.013817525152715435,-0.03609394740621469,0.040142556055624806,False
1.9259999999998987,thumb_ik,0.010856312295043274,0.013800323411440912,-0.03608839785873447,0.04013328921130415,False
1.9269999999998986,thumb_ik,0.01086236339200361,0.013783160194286853,-0.03608283813093793,0.04012402834941654,False
1.9279999999998985,thumb_ik,0.01086839584456964,0.013766034998091495,-0.03607726833106201,0.04011477331400974,False
1.9289999999998984,thumb_ik,0.010874409548215322,0.013748947326096592,-0.03607168856890651,0.0401055239563115,False
1.9299999999998982,thumb_ik,0.010880404407507122,0.01373189668869304,-0.036066098955753814,0.040096280134522023,False
1.9309999999998981,thumb_ik,0.0108863803352056,0.013714882603331258,-0.03606049960402745,0.04008704171322665,False
1.931999999999898,thumb_ik,0.010892337251827144,0.013697904593785365,-0.03605489062671992,0.04007780856250405,False
1.932999999999898,thumb_ik,0.010898275084148451,0.013680962191511853,-0.036049272137723604,0.04006858055827537,False
1.9339999999998978,thumb_ik,0.01090419376462863,0.013664054935363518,-0.03604364425156703,0.04005935758180252,False
1.9349999999998977,thumb_ik,0.01091009323161271,0.013647182370063404,-0.03603800708264136,0.04005013951851803,False
1.9359999999998976,thumb_ik,0.010915973428407014,0.013630344046941537,-0.03603236074534179,0.04004092625814406,False
1.9369999999998975,thumb_ik,0.010921834302825839,0.013613539523836482,-0.03602670535392011,0.040031717694393495,False
1.9379999999998974,thumb_ik,0.010927675807146667,0.013596768364357886,-0.036021041022086545,0.0400225137243395,False
1.9389999999998973,thumb_ik,0.010933497896970082,0.013580030139238544,-0.036015367863479,0.04001331424897708,False
1.9399999999998971,thumb_ik,0.010939300530959886,0.013563324426035611,-0.03600968599152342,0.04000411917291357,False
1.940999999999897,thumb_ik,0.010945083671303757,0.013546650807636326,-0.03600399551879045,0.03999492840339831,False
1.941999999999897,thumb_ik,0.01095084728305655,0.013530008872957633,-0.035998296557215564,0.0399857418505694,False
1.9429999999998968,thumb_ik,0.010956591333899701,0.013513398216863315,-0.03599258921804084,0.0399765594272974,False
1.9439999999998967,thumb_ik,0.010962315794290634,0.013496818439429015,-0.035986873611493525,0.039967381048678606,False
1.9449999999998966,thumb_ik,0.010968020636502387,0.013480269147290516,-0.03598114984730978,0.0399582066326893,False
1.9459999999998965,thumb_ik,0.010973705834512154,0.013463749953359583,-0.035975418034655746,0.039949036099976555,False
1.9469999999998964,thumb_ik,0.010979371364615187,0.013447260475302272,-0.035969678281527084,0.03993986937296265,False
1.9479999999998963,thumb_ik,0.01098501720487463,0.01343080033627693,-0.03596393069502073,0.0399307063761785,False
1.9489999999998961,thumb_ik,0.010990643334997593,0.013414369164843815,-0.035958175381310006,0.03992154703616693,False
1.949999999999896,thumb_ik,0.010996249736581407,0.013397966594235228,-0.03595241244535827,0.039912391281037796,False
1.950999999999896,thumb_ik,0.011001836392243863,0.013381592263708456,-0.0359466419914647,0.03990323904116528,False
1.9519999999998958,thumb_ik,0.01100740328594016,0.013365245817640217,-0.03594086412295236,0.03989409024867969,False
1.9529999999998957,thumb_ik,0.011012950402539981,0.013348926906054437,-0.03593507894240573,0.03988494483773196,False
1.9539999999998956,thumb_ik,0.011018477728499482,0.013332635183139097,-0.035929286551114575,0.03987580274367176,False
1.9549999999998955,thumb_ik,0.011023985251388743,0.013316370307979442,-0.03592348704935901,0.039866663903411044,False
1.9559999999998954,thumb_ik,0.0110294729598292,0.013300131944476032,-0.03591768053640318,0.03985752825536464,False
1.9569999999998953,thumb_ik,0.011034940843437757,0.013283919761262974,-0.03591186711049077,0.039848395739394485,False
1.9579999999998952,thumb_ik,0.011040388893130151,0.013267733430990747,-0.035906046868582356,0.0398392662964093,False
1.958999999999895,thumb_ik,0.011045817100311925,0.013251572631684583,-0.035900219906906325,0.03983013986908141,False
1.959999999999895,thumb_ik,0.011051225456899474,0.013235437046462531,-0.03589438632091414,0.039821016401708334,False
1.9609999999998948,thumb_ik,0.011056613956019812,0.013219326362072806,-0.03588854620474695,0.039811895839430976,False
1.9619999999998947,thumb_ik,0.011061982591585917,0.013203240269608882,-0.03588269965151475,0.03980277812859786,False
1.9629999999998946,thumb_ik,0.011067331358257215,0.013187178464448265,-0.03587684675330259,0.03979366321673126,False
1.9639999999998945,thumb_ik,0.01107266025176272,0.013171140645545087,-0.03587098760091807,0.03978455105214729,False
1.9649999999998944,thumb_ik,0.011077969268115065,0.013155126516790697,-0.03586512228443807,0.03977544158467342,False
1.9659999999998943,thumb_ik,0.01108325840364234,0.013139135786751577,-0.03585925089317425,0.039766334765530285,False
1.9669999999998942,thumb_ik,0.011088527655717995,0.013123168167181148,-0.035853373515137066,0.0397572305465518,False
1.967999999999894,thumb_ik,0.011093777022333481,0.013107223373777413,-0.035847490237328236,0.03974812888057366,False
1.968999999999894,thumb_ik,0.011099006502429218,0.013091301125482027,-0.0358416011454938,0.03973902972106485,False
1.9699999999998938,thumb_ik,0.011104216095117678,0.013075401145850915,-0.03583570632466915,0.03972993302284717,False
1.9709999999998937,thumb_ik,0.011109405799734406,0.01305952316277613,-0.03582980585913831,0.039720838741972714,False
1.9719999999998936,thumb_ik,0.011114575616559652,0.013043666907029156,-0.03582389983191482,0.03971174683497084,False
1.9729999999998935,thumb_ik,0.011119725546403877,0.013027832113014073,-0.035817988325029484,0.03970265725923362,False
1.9739999999998934,thumb_ik,0.011124855590599808,0.01301201851869535,-0.035812071419531896,0.03969356997298459,False
1.9749999999998933,thumb_ik,0.011129965751320248,0.012996225864939148,-0.035806149195261455,0.039684484934938966,False
1.9759999999998932,thumb_ik,0.011135056030832674,0.012980453896846392,-0.035800221731371026,0.03967540210499785,False
1.976999999999893,thumb_ik,0.011140126431539249,0.012964702363513006,-0.035794289106298935,0.03966632144414793,False
1.977999999999893,thumb_ik,0.011145176956710634,0.012948971016561853,-0.035788351397251436,0.039657242913713774,False
1.9789999999998928,thumb_ik,0.011150207610075472,0.012933259610906175,-0.03578240868048907,0.0396481664757454,False
1.9799999999998927,thumb_ik,0.011155218396152494,0.012917567904652746,-0.035776461031383114,0.03963909209312504,False
1.9809999999998926,thumb_ik,0.011160209321594783,0.012901895658357768,-0.03577050852435133,0.03963001972963997,False
1.9819999999998925,thumb_ik,0.011165180394271682,0.01288624263639851,-0.03576455123333096,0.03962094935059379,False
1.9829999999998924,thumb_ik,0.011170131623086166,0.012870608606746686,-0.03575858923169037,0.039611880922595606,False
1.9839999999998923,thumb_ik,0.011175063018494177,0.01285499333955327,-0.03575262259168552,0.03960281441275073,False
1.9849999999998922,thumb_ik,0.011179974591930583,0.01283939660792495,-0.035746651384704856,0.039593749788968326,False
1.985999999999892,thumb_ik,0.011184866355999717,0.012823818187260458,-0.03574067568100976,0.0395846870195611,False
1.986999999999892,thumb_ik,0.01118973832361321,0.012808257856608288,-0.035734695550226264,0.039575626073881216,False
1.9879999999998919,thumb_ik,0.011194590507925248,0.01279271539845181,-0.03572871106130482,0.039566566922189766,False
1.9889999999998917,thumb_ik,0.011199422922984703,0.012777190597245289,-0.035722722281999145,0.03955750953489169,False
1.9899999999998916,thumb_ik,0.011204235583265082,0.012761683240177304,-0.035716729279132,0.03954845388288562,False
1.9909999999998915,thumb_ik,0.011209028503587473,0.012746193117148114,-0.035710732118603164,0.039539399937537065,False
1.9919999999998914,thumb_ik,0.011213801699411538,0.012730720020092845,-0.035704730865153175,0.03953034767032463,False
1.9929999999998913,thumb_ik,0.01121855518572043,0.012715263744954644,-0.03569872558310094,0.03952129705382097,False
1.9939999999998912,thumb_ik,0.011223288978452095,0.012699824088803408,-0.03569271633534421,0.03951224806026282,False
1.994999999999891,thumb_ik,0.011228003093003924,0.01268440085263027,-0.0356867031843664,0.039503200662930844,False
1.995999999999891,thumb_ik,0.011232697545330073,0.012668993839096629,-0.035680686191479155,0.03949415483504798,False
1.9969999999998909,thumb_ik,0.011237372351872513,0.012653602852677387,-0.03567466541686354,0.03948511054983984,False
1.9979999999998908,thumb_ik,0.01124202752846687,0.01263822770165847,-0.035668640920311745,0.039476067781529504,False
1.9989999999998906,thumb_ik,0.01124666309146155,0.01262286819586747,-0.035662612760469725,0.03946702650423901,False
1.9999999999998905,thumb_ik,0.011251279057655356,0.012607524146826643,-0.03565658099488195,0.039457986692058016,False
2.0009999999998906,thumb_ik,0.011255875443551763,0.012592195369135153,-0.035650545680501036,0.03944894831972979,False
2.0019999999998905,thumb_ik,0.011260452265421383,0.012576881680213897,-0.035644506873653045,0.03943991136255041,False
2.0029999999998904,thumb_ik,0.0112650095400178,0.012561582898888854,-0.035638464629563105,0.03943087579568794,False
2.0039999999998903,thumb_ik,0.011269547284185999,0.012546298846162929,-0.03563241900262755,0.03942184159455956,False
2.00499999999989,thumb_ik,0.011274065514867787,0.012531029345168296,-0.03562637004642022,0.039412808734819546,False
2.00599999999989,thumb_ik,0.011278564249424375,0.012515774220540149,-0.03562031781348669,0.0394037771920628,False
2.00699999999989,thumb_ik,0.011283043504922805,0.012500533299759031,-0.03561426235583237,0.039394746942484904,False
2.00799999999989,thumb_ik,0.01128750329818727,0.01248530641293405,-0.03560820372489906,0.039385717962801645,False
2.0089999999998898,thumb_ik,0.011291943646528538,0.01247009339136862,-0.03560214197109056,0.03937669022957008,False
2.0099999999998897,thumb_ik,0.011296364567353598,0.012454894068345504,-0.03559607714404285,0.0393676637195671,False
2.0109999999998895,thumb_ik,0.011300766078167795,0.01243970827909327,-0.035590009292634284,0.03935863840978501,False
2.0119999999998894,thumb_ik,0.011305148196916734,0.012424535860130467,-0.03558393846477023,0.0393496142771244,False
2.0129999999998893,thumb_ik,0.01130951094125858,0.012409376650647813,-0.03557786470787562,0.039340591299064025,False
2.013999999999889,thumb_ik,0.011313854328622336,0.012394230492280722,-0.03557178806886657,0.0393315694535754,False
2.014999999999889,thumb_ik,0.01131817837693476,0.012379097227680796,-0.035565708593682674,0.03932254871845468,False
2.015999999999889,thumb_ik,0.011322483104232159,0.012363976701302931,-0.03555962632755234,0.039313529071696655,False
2.016999999999889,thumb_ik,0.0113267685289994,0.012348868758754294,-0.035553541314781,0.0393045104911931,False
2.0179999999998888,thumb_ik,0.011331034669117182,0.012333773248781543,-0.035547453599450524,0.039295492955683645,False
2.0189999999998887,thumb_ik,0.011335281542957917,0.012318690021061202,-0.035541363224711964,0.039286476443733453,False
2.0199999999998886,thumb_ik,0.011339509169350268,0.012303618926336399,-0.03553527023281909,0.03927746093379459,False
2.0209999999998884,thumb_ik,0.01134371756685805,0.012288559817795433,-0.035529174665606886,0.03926844640486026,False
2.0219999999998883,thumb_ik,0.011347906753836914,0.012273512550849588,-0.03552307656446331,0.03925943283638166,False
2.022999999999888,thumb_ik,0.011352076749146484,0.012258476981728661,-0.03551697596987559,0.039250420207620755,False
2.023999999999888,thumb_ik,0.011356227571773805,0.01224345296824976,-0.03551087292168291,0.03924140849800848,False
2.024999999999888,thumb_ik,0.01136035924082178,0.012228440369815713,-0.035504767459092285,0.039232397687152414,False
2.025999999999888,thumb_ik,0.011364471775844862,0.012213439046767652,-0.035498659620470344,0.039223387754541233,False
2.026999999999888,thumb_ik,0.011368565196138547,0.01219844886174698,-0.03549254944380878,0.03921437868018209,False
2.0279999999998877,thumb_ik,0.01137263952080153,0.012183469679463696,-0.035486436966690654,0.03920537044451203,False
2.0289999999998876,thumb_ik,0.011376694769436743,0.012168501365309808,-0.035480322225847946,0.0391963630277667,False
2.0299999999998875,thumb_ik,0.011380730961770183,0.012153543786139323,-0.03547420525741311,0.03918735641033822,False
2.0309999999998873,thumb_ik,0.011384748117658203,0.012138596810232063,-0.035468086096921814,0.03917835057276603,False
2.0319999999998872,thumb_ik,0.011388746257401466,0.012123660306687531,-0.035461964779119615,0.03916934549546299,False
2.032999999999887,thumb_ik,0.011392725401047021,0.012108734146767983,-0.03545584133841323,0.0391603411593349,False
2.033999999999887,thumb_ik,0.011396685568437634,0.012093818203690071,-0.03544971580884343,0.03915133754570211,False
2.034999999999887,thumb_ik,0.01140062677992075,0.012078912351218302,-0.03544358822364187,0.0391423346356671,False
2.035999999999887,thumb_ik,0.01140454905596476,0.01206401646445572,-0.03543745861548096,0.03913333241047191,False
2.0369999999998867,thumb_ik,0.011408452417159085,0.012049130419819809,-0.03543132701647948,0.03912433085149341,False
2.0379999999998866,thumb_ik,0.01141233688454095,0.012034254094412417,-0.03542519345800356,0.039115329939962334,False
2.0389999999998865,thumb_ik,0.01141620247889251,0.012019387367377135,-0.035419057971113846,0.039106329657579215,False
2.0399999999998863,thumb_ik,0.011420049221108494,0.012004530119099327,-0.03541292058633959,0.03909732998616783,False
2.0409999999998862,thumb_ik,0.01142387713188367,0.011989682231770299,-0.03540678133387824,0.03908833090793558,False
2.041999999999886,thumb_ik,0.011427686232404435,0.011974843588010528,-0.03540064024316873,0.03907933240486409,False
2.042999999999886,thumb_ik,0.011431476543971197,0.011960014071650482,-0.03539449734313292,0.03907033445905582,False
2.043999999999886,thumb_ik,0.011435248676818763,0.011945193604136109,-0.035388352569024395,0.03906133715185074,False
2.044999999999886,thumb_ik,0.01143900479234948,0.011930382202901546,-0.03538220560584318,0.03905234082204119,False
2.0459999999998857,thumb_ik,0.011442746783502405,0.01191557986430547,-0.03537605616431033,0.039043345747956024,False
2.0469999999998856,thumb_ik,0.011446476305476155,0.011900786568091279,-0.035369903977437944,0.03903435215453523,False
2.0479999999998855,thumb_ik,0.01145019480357562,0.011886002279890756,-0.03536374879739257,0.03902536021925336,False
2.0489999999998854,thumb_ik,0.011453903538539312,0.011871226952189284,-0.03535759039256445,0.03901637007704477,False
2.0499999999998852,thumb_ik,0.011457603607972905,0.011856460527177093,-0.035351428545787864,0.03900738182572482,False
2.050999999999885,thumb_ik,0.011461295740251426,0.01184170602860729,-0.035345266009662146,0.038998399082619255,False
2.051999999999885,thumb_ik,0.011464980783625386,0.011826962773842209,-0.03533910212171584,0.038989421277980135,False
2.052999999999885,thumb_ik,0.011468659469062614,0.01181223020316445,-0.03533293630334995,0.03898044792208595,False
2.053999999999885,thumb_ik,0.011472332424857956,0.011797507854158715,-0.03532676804786605,0.038971478590670815,False
2.0549999999998847,thumb_ik,0.011476000190122418,0.011782795340232133,-0.035320596909897486,0.03896251291260544,False
2.0559999999998846,thumb_ik,0.011479663225649472,0.01176809233550026,-0.03531442249699297,0.038953550560729536,False
2.0569999999998845,thumb_ik,0.011483321924102133,0.011753398561619055,-0.03530824446208121,0.03894459124390603,False
2.0579999999998844,thumb_ik,0.011486976617983494,0.011738713779209542,-0.03530206249762528,0.03893563470137022,False
2.0589999999998843,thumb_ik,0.011490627588642804,0.011724037773846063,-0.03529587623897382,0.03892668061343537,False
2.059999999999884,thumb_ik,0.01149427508200701,0.011709370327751573,-0.035289684984161004,0.0389177283434503,False
2.060999999999884,thumb_ik,0.01149791932370442,0.01169471123428005,-0.03528348813207484,0.03890877734385748,False
2.061999999999884,thumb_ik,0.011501560521754967,0.011680060296811984,-0.03527728516776202,0.038899827143322345,False
2.062999999999884,thumb_ik,0.011505198867550137,0.011665417330296982,-0.03527107565123096,0.038890877337323305,False
2.0639999999998837,thumb_ik,0.011508834538609028,0.011650782158641487,-0.03526485920582689,0.03888192757762908,False
2.0649999999998836,thumb_ik,0.011513051125497775,0.011636070864335088,-0.0352586984747026,0.03887318239491268,False
2.0659999999998835,thumb_ik,0.01151773188659401,0.01162130553773387,-0.035252577554572936,0.03886459975934408,False
2.0669999999998834,thumb_ik,0.011522778003476244,0.011606502537567412,-0.035246483162173825,0.03885614352162805,False
2.0679999999998833,thumb_ik,0.011528106067436553,0.011591673815438408,-0.03524040425867388,0.03884778273801927,False
2.068999999999883,thumb_ik,0.011533645902339712,0.011576827954658475,-0.035234331726702345,0.03883949105639289,False
2.069999999999883,thumb_ik,0.011539338681384403,0.011561970981636124,-0.03522825809146937,0.03883124616005862,False
2.070999999999883,thumb_ik,0.01154513529886475,0.011547106997876325,-0.03522217728010686,0.03882302926667075,False
2.071999999999883,thumb_ik,0.011550994963617861,0.01153223867029643,-0.035216084413815754,0.038814824678712674,False
2.0729999999998827,thumb_ik,0.011556883987163091,0.011517367605156537,-0.03520997563399765,0.038806619386282076,False
2.0739999999998826,thumb_ik,0.01156277477332597,0.011502494586802456,-0.03520384801331576,0.038798402765097426,False
2.0749999999998825,thumb_ik,0.011568644911280027,0.011487619897698267,-0.0351976993494858,0.03879016622153186,False
2.0759999999998824,thumb_ik,0.011574476346888143,0.011472743453085368,-0.03519152803492133,0.038781902873345965,False
2.0769999999998823,thumb_ik,0.011580254715718566,0.011457864927463673,-0.03518533296037456,0.038773607305863926,False
2.077999999999882,thumb_ik,0.011585968769800545,0.011442983848785448,-0.035179113432170755,0.038765275357875315,False
2.078999999999882,thumb_ik,0.011591611019836343,0.011428099773100206,-0.035172869121457076,0.03875690432289804,False
2.079999999999882,thumb_ik,0.01159717704906861,0.011413212320283889,-0.03516659999034853,0.03874849269141324,False
2.080999999999882,thumb_ik,0.011602663883497275,0.011398321097850897,-0.03516030621048402,0.03874003956965101,False
2.0819999999998817,thumb_ik,0.011608069744703325,0.01138342572483661,-0.03515398812193564,0.038731544576842795,False
2.0829999999998816,thumb_ik,0.01161339383899647,0.011368525847917185,-0.03514764619843887,0.03872300775643644,False
2.0839999999998815,thumb_ik,0.011618636178030883,0.011353621151552959,-0.03514128101792437,0.038714429499492435,False
2.0849999999998814,thumb_ik,0.01162379742633328,0.011338711363838641,-0.03513489323772129,0.03870581047887964,False
2.0859999999998813,thumb_ik,0.011628878772010298,0.011323796259174304,-0.03512848357373875,0.03869715159289938,False
2.086999999999881,thumb_ik,0.011633881817448316,0.0113088756585904,-0.03512205278300608,0.038688453917106555,False
2.087999999999881,thumb_ik,0.011638808487157593,0.011293949428447303,-0.035115601649100284,0.03867971866329112,False
2.088999999999881,thumb_ik,0.011643660950233475,0.011279017478103517,-0.03510913097010074,0.038670947144737004,False
2.089999999999881,thumb_ik,0.011648441555418165,0.011264079756863679,-0.03510264154864677,0.03866214074688262,False
2.0909999999998807,thumb_ik,0.011653152776935155,0.011249136250515143,-0.03509613418379383,0.038653300902666866,False
2.0919999999998806,thumb_ik,0.011657799822610351,0.011234187209012494,-0.03508960993149848,0.038644430182057425,False
2.0929999999998805,thumb_ik,0.011662212461283808,0.011219365968319003,-0.03508292082171782,0.03863538152530812,False
2.0939999999998804,thumb_ik,0.011666423237203391,0.011204643464671676,-0.03507609958341386,0.038626185785106126,False
2.0949999999998803,thumb_ik,0.011670460746291328,0.01118999704240213,-0.035069173391856515,0.038616869503207946,False
2.09599999999988,thumb_ik,0.011674350094416489,0.01117540915740678,-0.035062164841117835,0.03860745554045453,False
2.09699999999988,thumb_ik,0.011678113269341928,0.011160866238442632,-0.035055092624076384,0.038597963464495934,False
2.09799999999988,thumb_ik,0.011681769504629319,0.011146357867011056,-0.03504797219176277,0.03858841001147032,False
2.09899999999988,thumb_ik,0.011685335596095511,0.011131876099055416,-0.035040816281339995,0.03857880945727486,False
2.0999999999998797,thumb_ik,0.011688826184854798,0.011117414925001345,-0.03503363535775074,0.03856917394207753,False
2.1009999999998796,thumb_ik,0.011692254009036035,0.011102969842867835,-0.03502643798392156,0.0385595137545192,False
2.1019999999998795,thumb_ik,0.011695630126988044,0.011088537522223635,-0.03501923113146642,0.038549837580567556,False
2.1029999999998794,thumb_ik,0.011698964117571153,0.011074115534827275,-0.03501202044037112,0.038540152719208125,False
2.1039999999998793,thumb_ik,0.011702264256941139,0.011059702144862502,-0.03500481043746079,0.038530465271456586,False
2.104999999999879,thumb_ik,0.011705537703754723,0.011045296096206594,-0.03499760393738435,0.03852077958900781,False
2.105999999999879,thumb_ik,0.011708790689096651,0.011030896436256044,-0.03499040176019888,0.03851109802288961,False
2.106999999999879,thumb_ik,0.01171202863546035,0.011016502482714186,-0.034983204531482806,0.03850142258412084,False
2.107999999999879,thumb_ik,0.011715256250491302,0.011002113758771803,-0.03497601271008968,0.03849175497781293,False
2.1089999999998787,thumb_ik,0.011718477609495098,0.010987729944126626,-0.03496882661291298,0.038482096635880765,False
2.1099999999998786,thumb_ik,0.011721696229373857,0.01097335083539104,-0.0349616464356637,0.03847244874637759,False
2.1109999999998785,thumb_ik,0.011724915133167924,0.010958976317716723,-0.03495447227195844,0.038462812281779106,False
2.1119999999998784,thumb_ik,0.011728136909175055,0.010944606338911061,-0.03494730412804953,0.03845318802248358,False
2.1129999999998783,thumb_ik,0.011731363762588612,0.0109302408913807,-0.034940141936444236,0.03844357657935402,False
2.113999999999878,thumb_ik,0.01173459756043499,0.010915880000183287,-0.03493298556857383,0.03843397841517263,False
2.114999999999878,thumb_ik,0.01173783987353784,0.010901523709445346,-0.03492583484370124,0.03842439386137287,False
2.115999999999878,thumb_ik,0.011741092011390342,0.01088717207717188,-0.03491868953896954,0.03841482313608675,False
2.116999999999878,thumb_ik,0.011744355055126235,0.010872825166983568,-0.03491154939606915,0.038405266357712416,False
2.1179999999998778,thumb_ik,0.011747629885889677,0.010858483043878264,-0.03490441412787536,0.03839572355823321,False
2.1189999999998776,thumb_ik,0.011750917209063669,0.010844145773099528,-0.03489728342506691,0.038386194696165846,False
2.1199999999998775,thumb_ik,0.011754217577495882,0.01082981341563681,-0.034890156960100754,0.03837667966587374,False
2.1209999999998774,thumb_ik,0.011757531411175415,0.0108154860269494,-0.03488303439153073,0.03836717830704559,False
2.1219999999998773,thumb_ik,0.011760859013763628,0.010801163658039722,-0.03487591536857311,0.03835769041411718,False
2.122999999999877,thumb_ik,0.011764200588949503,0.010786846352682927,-0.0348687995333255,0.0383482157424393,False
2.123999999999877,thumb_ik,0.011767556254040551,0.010772534147413984,-0.03486168652353139,0.038338754014889155,False
2.124999999999877,thumb_ik,0.011770926051075048,0.010758227073566967,-0.03485457597579769,0.0383293049287221,False
2.125999999999877,thumb_ik,0.011774309958651419,0.010743925154586859,-0.034847467526374104,0.03831986815910853,False
2.1269999999998768,thumb_ik,0.011777707900045592,0.010729628409191436,-0.03484036081404211,0.03831044336510302,False
2.1279999999998767,thumb_ik,0.011781119752376737,0.010715336849469542,-0.034833255480615666,0.03830103019234969,False
2.1289999999998765,thumb_ik,0.01178454535350823,0.01070105048214244,-0.034826151172486886,0.038291628276937544,False
2.1299999999998764,thumb_ik,0.0117879845087151,0.010686769308323213,-0.034819047541334996,0.03828223724800802,False
2.1309999999998763,thumb_ik,0.01179143699563584,0.010672493325388027,-0.03481194424557277,0.03827285673110081,False
2.131999999999876,thumb_ik,0.011794902569193938,0.010658222527180197,-0.03480484095097251,0.03826348635028129,False
2.132999999999876,thumb_ik,0.011798380966471192,0.010643956903044954,-0.03479773733062862,0.03825412572932876,False
2.133999999999876,thumb_ik,0.011801871910126993,0.010629696439033803,-0.03479063306571249,0.03824477449380634,False
2.134999999999876,thumb_ik,0.011805375111654026,0.010615441118266858,-0.03478352784580617,0.03823543227246456,False
2.1359999999998758,thumb_ik,0.011808890274494957,0.010601190920728601,-0.034776421368852034,0.038226098698098246,False
2.1369999999998757,thumb_ik,0.011812417095873023,0.010586945824886798,-0.03476931334199919,0.03821677340933015,False
2.1379999999998756,thumb_ik,0.011815955268947506,0.010572705807844002,-0.03476220348162416,0.038207456051336755,False
2.1389999999998754,thumb_ik,0.011819504485245921,0.010558470844210924,-0.03475509151279921,0.038198146275805686,False
2.1399999999998753,thumb_ik,0.011823064435919461,0.010544240907171376,-0.034747977169620525,0.03818884374192074,False
2.1409999999998752,thumb_ik,0.011826634813372885,0.01053001596808803,-0.03474086019490652,0.038179548116486564,False
2.141999999999875,thumb_ik,0.011830215311519718,0.010515795998708208,-0.034733740340983185,0.03817025907533516,False
2.142999999999875,thumb_ik,0.011833805627944394,0.010501580968526908,-0.03472661736842564,0.038160976302127496,False
2.143999999999875,thumb_ik,0.011837405463510753,0.010487370847780758,-0.03471949104710524,0.03815169949001561,False
2.144999999999875,thumb_ik,0.011841014523954738,0.010473165605363016,-0.03471236115514849,0.03814242834061995,False
2.1459999999998747,thumb_ik,0.011844632520397469,0.01045896520919079,-0.03470522747884208,0.038133162564210385,False
2.1469999999998746,thumb_ik,0.011848259168933326,0.010444769628273565,-0.03469808981328509,0.038123901880745596,False
2.1479999999998745,thumb_ik,0.011851894191882914,0.010430578830637999,-0.03469094796133332,0.0381146460187377,False
2.1489999999998743,thumb_ik,0.011855537318053305,0.010416392783603068,-0.034683801733449565,0.03810539471528004,False
2.1499999999998742,thumb_ik,0.011859188282350372,0.010402211455254051,-0.03467665094808196,0.038096147716680864,False
2.150999999999874,thumb_ik,0.01186284682595519,0.010388034814305114,-0.03466949543141552,0.038086904778259836,False
2.151999999999874,thumb_ik,0.011866512697015788,0.010373862828767746,-0.034662335016597434,0.038077665663500994,False
2.152999999999874,thumb_ik,0.011870185650393661,0.01035969546681019,-0.03465516954383829,0.03806843014430772,False
2.153999999999874,thumb_ik,0.01187386544767817,0.010345532696796417,-0.03464799886020471,0.03805919800083544,False
2.1549999999998737,thumb_ik,0.011877551857453844,0.010331374486703251,-0.03464082281914936,0.03804996902099537,False
2.1559999999998736,thumb_ik,0.011881244654661005,0.010317220805544466,-0.034633641280871846,0.038040743000977005,False
2.1569999999998735,thumb_ik,0.011884943620550828,0.010303071623193438,-0.03462645411206834,0.03803151974496287,False
2.1579999999998734,thumb_ik,0.011888648543184402,0.010288926909016435,-0.03461926118516939,0.03802229906422571,False
2.1589999999998732,thumb_ik,0.011892359217020629,0.01027478663269854,-0.03461206237844483,0.03801308077732574,False
2.159999999999873,thumb_ik,0.011896075442801732,0.010260650764240056,-0.03460485757580348,0.03800386470989726,False
2.160999999999873,thumb_ik,0.011899797027688522,0.010246519273385143,-0.03459764666635849,0.03799465069414673,False
2.161999999999873,thumb_ik,0.011903523784545456,0.010232392130983939,-0.03459042954478381,0.037985438569326985,False
2.162999999999873,thumb_ik,0.011907255531814001,0.01021826930880533,-0.0345832061110897,0.03797622818144661,False
2.1639999999998727,thumb_ik,0.011910992093942793,0.01020415077815684,-0.034575976269892866,0.03796701938237345,False
2.1649999999998726,thumb_ik,0.011914733300928501,0.010190036510691391,-0.03456873993054117,0.0379578120300271,False
2.1659999999998725,thumb_ik,0.011918478988154735,0.01017592647840597,-0.034561497006946065,0.03794860598818027,False
2.1669999999998724,thumb_ik,0.011922228996507703,0.010161820653030784,-0.03455424741716771,0.0379394011259584,False
2.1679999999998723,thumb_ik,0.011925983171640273,0.010147719007390713,-0.034546991083795206,0.0379301973183245,False
2.168999999999872,thumb_ik,0.011929741364100077,0.010133621514621008,-0.03453972793350765,0.03792099444551315,False
2.169999999999872,thumb_ik,0.011933503416715618,0.010119528119003948,-0.034532457898996546,0.037911792383030954,False
2.170999999999872,thumb_ik,0.011937269191142005,0.010105438799354993,-0.034525180914522655,0.037902591022907876,False
2.171999999999872,thumb_ik,0.01194103855322122,0.010091353533802139,-0.03451789691805027,0.03789339026161212,False
2.1729999999998717,thumb_ik,0.011944811372863642,0.010077272299960569,-0.034510605851090725,0.0378841899999219,False
2.1739999999998716,thumb_ik,0.011948587524184331,0.010063195074504774,-0.03450330765832543,0.037874990142516066,False
2.1749999999998715,thumb_ik,0.011952366884545332,0.010049121835226688,-0.034496002288234906,0.037865790598796606,False
2.1759999999998714,thumb_ik,0.011956149335283939,0.010035052558986929,-0.03448868969216347,0.03785659128172508,False
2.1769999999998713,thumb_ik,0.0119599347615751,0.010020987221958683,-0.034481369824230626,0.03784739210776819,False
2.177999999999871,thumb_ik,0.011963723055794281,0.01000692580963107,-0.03447404261824996,0.0378381929795824,False
2.178999999999871,thumb_ik,0.01196751410891414,0.009992868298323063,-0.03446670803920057,0.03782899382529467,False
2.179999999999871,thumb_ik,0.011971307815459478,0.00997881466377143,-0.03445936605367181,0.03781979457542478,False
2.180999999999871,thumb_ik,0.011975104073088202,0.009964764881924562,-0.03445201663016917,0.037810595163244705,False
2.1819999999998707,thumb_ik,0.011978902782723039,0.009950718928371335,-0.03444465973889689,0.037801395524474514,False
2.1829999999998706,thumb_ik,0.011982703847608925,0.009936676780272005,-0.03443729535250241,0.037792195598173206,False
2.1839999999998705,thumb_ik,0.011986507169780822,0.009922638405003001,-0.0344299234699396,0.037782995344381384,False
2.1849999999998704,thumb_ik,0.011990312658594321,0.009908603780645245,-0.03442254406251749,0.03777379470305601,False
2.1859999999998703,thumb_ik,0.011994120230419875,0.009894572894067394,-0.0344151570792573,0.037764593598339356,False
2.18699999999987,thumb_ik,0.011997929799037174,0.009880545722272732,-0.034407762501638905,0.03775539198050703,False
2.18799999999987,thumb_ik,0.01200174175325805,0.009866522634704472,-0.034400359728865834,0.03774618952276385,False
2.18899999999987,thumb_ik,0.0120055569604329,0.009852504394650505,-0.03439294759049097,0.03773698563397804,False
2.18999999999987,thumb_ik,0.01200937683089573,0.009838494027687356,-0.034385524836308495,0.037727780412683744,False
2.1909999999998697,thumb_ik,0.01201320264997914,0.009824494291390415,-0.03437809039044991,0.03771857400386411,False
2.1919999999998696,thumb_ik,0.012017035516935726,0.009810507453400868,-0.034370643353190664,0.03770936652372668,False
2.1929999999998695,thumb_ik,0.01202087636906854,0.009796535384694438,-0.03436318297144638,0.03770015806535967,False
2.1939999999998694,thumb_ik,0.012024726003234579,0.00978257963319476,-0.03435570861370275,0.037690948702338495,False
2.1949999999998693,thumb_ik,0.012028585094168986,0.009768641484344018,-0.03434821974964241,0.03768173849210034,False
2.195999999999869,thumb_ik,0.012032454210440371,0.009754722009949104,-0.03434071593323023,0.03767252747858235,False
2.196999999999869,thumb_ik,0.01203633382834697,0.00974082210761855,-0.03433319678867484,0.03766331569431391,False
2.197999999999869,thumb_ik,0.01204022434395531,0.00972694253283149,-0.03432566199885451,0.037654103162197146,False
2.198999999999869,thumb_ik,0.01204412608361008,0.009713083924812044,-0.03431811129569285,0.03764488989692891,False
2.1999999999998687,thumb_ik,0.012048039313041756,0.009699246827635954,-0.034310544452234644,0.037635675906256494,False
2.2009999999998686,thumb_ik,0.012051964245334834,0.009685431707245062,-0.03430296127604102,0.037626461191987044,False
2.2019999999998685,thumb_ik,0.012055901047899581,0.009671638965193949,-0.03429536160368791,0.03761724575081907,False
2.2029999999998684,thumb_ik,0.012059849848499615,0.009657868949981246,-0.034287745296261614,0.03760802957514098,False
2.2039999999998683,thumb_ik,0.012063810740541789,0.009644121966172411,-0.03428011223558839,0.037598812653680404,False
2.204999999999868,thumb_ik,0.012067783787632472,0.009630398282008915,-0.03427246232117156,0.03758959497216337,False
2.205999999999868,thumb_ik,0.012071769397728319,0.009616697067283062,-0.034264795064995794,0.037580375992291255,False
2.206999999999868,thumb_ik,0.01207576753863715,0.0096030188772014,-0.034257110476879966,0.037571155843655495,False
2.207999999999868,thumb_ik,0.012079778163342478,0.009589364170049353,-0.034249408567132635,0.03756193462615804,False
2.2089999999998677,thumb_ik,0.012083831373990217,0.009575748088446981,-0.03424162907471042,0.03755267092789114,False
2.2099999999998676,thumb_ik,0.012087953773269614,0.009562186101099907,-0.03423371528119886,0.03754332552413225,False
2.2109999999998675,thumb_ik,0.012092136895344802,0.009548677231485822,-0.03422568626290775,0.03753391282205796,False
2.2119999999998674,thumb_ik,0.012096373491389603,0.00953522024723645,-0.03421755805193417,0.03752444477729132,False
2.2129999999998673,thumb_ik,0.012100657346135898,0.009521813769744841,-0.03420934412247053,0.037514931306933036,False
2.213999999999867,thumb_ik,0.012104983124780325,0.00950845634724995,-0.03420105579669012,0.037505380629545476,False
2.214999999999867,thumb_ik,0.01210934624585025,0.009495146499776258,-0.03419270258276071,0.03749579954431205,False
2.215999999999867,thumb_ik,0.012113742769155805,0.009481882764140193,-0.034184292464981274,0.037486193671291156,False
2.216999999999867,thumb_ik,0.012118169301833265,0.009468663721638529,-0.03417583214628151,0.037476567649561726,False
2.2179999999998667,thumb_ik,0.012122622919882212,0.009455488012433136,-0.03416732725048999,0.03746692530022975,False
2.2189999999998666,thumb_ik,0.012127101097219081,0.009442354357346194,-0.034158782498203415,0.03745726976958458,False
2.2199999999998665,thumb_ik,0.012131601649286769,0.009429261559246227,-0.03415020184936159,0.037447603641378654,False
2.2209999999998664,thumb_ik,0.012136122682436828,0.009416208510252863,-0.034141588626725825,0.03743792903498123,False
2.2219999999998663,thumb_ik,0.012140662554746065,0.009403194182782376,-0.034132945614513334,0.037428247680470574,False
2.222999999999866,thumb_ik,0.012145219838742297,0.009390217633455378,-0.03412427514662931,0.03741856098806979,False
2.223999999999866,thumb_ik,0.01214979329085518,0.00937727800015331,-0.03411557917916403,0.037408870103659626,False
2.224999999999866,thumb_ik,0.01215438182672833,0.009364374493911157,-0.034106859349549865,0.03739917595271445,False
2.225999999999866,thumb_ik,0.012158984496128747,0.009351506403981316,-0.034098117031629176,0.037389479283663235,False
2.2269999999998658,thumb_ik,0.012163600474668662,0.009338673112483487,-0.03408935339683862,0.03737978072466095,False
2.2279999999998656,thumb_ik,0.01216822902597639,0.009325874039616766,-0.0340805694079232,0.03737008075184857,False
2.2289999999998655,thumb_ik,0.012172869501642855,0.009313108659832661,-0.03407176587046003,0.037360379740379,False
2.2299999999998654,thumb_ik,0.012177521327838725,0.009300376502406116,-0.03406294346032888,0.03735067798525265,False
2.2309999999998653,thumb_ik,0.012182183996475346,0.00928767714243911,-0.03405410274327846,0.037340975714032054,False
2.231999999999865,thumb_ik,0.012186857053593209,0.0092750102062239,-0.034045244196611354,0.0373312731041572,False
2.232999999999865,thumb_ik,0.012191540086213884,0.009262375382344631,-0.03403636832578585,0.03732157038772326,False
2.233999999999865,thumb_ik,0.012196232695458165,0.009249772467274486,-0.03402747601809048,0.0373118681764909,False
2.234999999999865,thumb_ik,0.01220093450338161,0.009237201288084793,-0.03401856799745866,0.03730216694764691,False
2.2359999999998648,thumb_ik,0.012205645152497571,0.0092246616938092,-0.034009644851215375,0.03729246706587965,False
2.2369999999998647,thumb_ik,0.012210364285621833,0.00921215353217153,-0.0340007070395442,0.0372827687796494,False
2.2379999999998645,thumb_ik,0.012215091579083265,0.009199676707312435,-0.033991754950995746,0.03727307229694115,False
2.2389999999998644,thumb_ik,0.012219826725437033,0.009187231133200538,-0.03398278889614486,0.03726337776228157,False
2.2399999999998643,thumb_ik,0.012224546458761046,0.00917489534758914,-0.03397376747045172,0.03725365910750169,False
2.240999999999864,thumb_ik,0.012229254797000905,0.009162648530205111,-0.03396469904455943,0.037243920069798445,False
2.241999999999864,thumb_ik,0.01223395535650873,0.00915047396072391,-0.03395559067180559,0.03723416408679193,False
2.242999999999864,thumb_ik,0.01223865138125542,0.00913835821800782,-0.0339464482917207,0.03722439428889345,False
2.243999999999864,thumb_ik,0.012243345765350536,0.009126290545015764,-0.03393727690451607,0.03721461350512418,False
2.2449999999998638,thumb_ik,0.01224804108373223,0.009114262321143443,-0.03392808071314727,0.037204824269511654,False
2.2459999999998637,thumb_ik,0.012252739616825159,0.009102266649981997,-0.03391886324670447,0.03719502883765155,False
2.2469999999998636,thumb_ik,0.01225744338001128,0.009090298006564093,-0.03390962745888986,0.03718522919739803,False
2.2479999999998634,thumb_ik,0.012262154145549209,0.009078351974390622,-0.03390037581694133,0.03717542709088885,False
2.2489999999998633,thumb_ik,0.012266873476478757,0.009066424925294261,-0.03389111181014789,0.037165625321550565,False
2.249999999999863,thumb_ik,0.01227160269157948,0.009054513976012118,-0.03388183877811722,0.037155826662154987,False
2.250999999999863,thumb_ik,0.012276342882367813,0.00904261685305198,-0.0338725593890281,0.037146033350544956,False
2.251999999999863,thumb_ik,0.012281094932767217,0.009030731794957586,-0.03386327575262827,0.03713624717440684,False
2.252999999999863,thumb_ik,0.012285859551421446,0.009018857421786375,-0.03385398951671217,0.03712646953737215,False
2.253999999999863,thumb_ik,0.012290637291993464,0.009006992660222563,-0.03384470192955522,0.03711670150383898,False
2.2549999999998627,thumb_ik,0.012295428570478412,0.00899513668969859,-0.03383541391623989,0.03710694386070319,False
2.2559999999998626,thumb_ik,0.012300233683390088,0.008983288888061658,-0.033826126133891805,0.037097197160140476,False
2.2569999999998624,thumb_ik,0.012305052049931264,0.008971451068491815,-0.0338168420681761,0.03708746483233689,False
2.2579999999998623,thumb_ik,0.012309883850525769,0.00895962237892553,-0.03380756140230548,0.03707774644658213,False
2.2589999999998622,thumb_ik,0.012314729176278807,0.00894780217820601,-0.033798283769222205,0.037068041548620694,False
2.259999999999862,thumb_ik,0.012319588050273209,0.008935989961187787,-0.03378900876044208,0.037058349657372966,False
2.260999999999862,thumb_ik,0.01232446043102288,0.008924185355483366,-0.03377973593971286,0.037048670277509306,False
2.261999999999862,thumb_ik,0.012329346230512989,0.008912388063291421,-0.03377046484824857,0.03703900289599271,False
2.262999999999862,thumb_ik,0.012334245314832126,0.008900597871426899,-0.03376119501526561,0.03702934699416265,False
2.2639999999998617,thumb_ik,0.012339157517883254,0.008888814610210544,-0.03375192596133669,0.03701970204533501,False
2.2649999999998616,thumb_ik,0.012344082647797974,0.008877038142105595,-0.033742657203508775,0.03701006751879233,False
2.2659999999998615,thumb_ik,0.012349020488636342,0.008865268366862189,-0.03373338826100456,0.03700044288671323,False
2.2669999999998613,thumb_ik,0.012353970805403472,0.008853505211993351,-0.03372411865839192,0.03699082762638399,False
2.2679999999998612,thumb_ik,0.012358933352191515,0.008841748611447958,-0.03371484792670118,0.03698122121878265,False
2.268999999999861,thumb_ik,0.012363907875682853,0.00882999850247955,-0.03370557560577264,0.036971623151122526,False
2.269999999999861,thumb_ik,0.012368894104102635,0.008818254812023002,-0.03369630123332961,0.03696203289993074,False
2.270999999999861,thumb_ik,0.012373891771893339,0.008806517508354997,-0.033687024378110685,0.036952449981820096,False
2.271999999999861,thumb_ik,0.012378900615944405,0.008794786597546428,-0.033677744613382084,0.036942873927186516,False
2.2729999999998607,thumb_ik,0.012383920374099744,0.008783062096334004,-0.03366846152463853,0.036933304280231505,False
2.2739999999998606,thumb_ik,0.012388950787691769,0.008771344002773601,-0.03365917471318132,0.03692374059608947,False
2.2749999999998605,thumb_ik,0.012393991598957932,0.008759632313033325,-0.03364988379770363,0.036914182445417026,False
2.2759999999998604,thumb_ik,0.012399042552256906,0.008747927021211674,-0.033640588414043056,0.03690462941453512,False
2.2769999999998602,thumb_ik,0.012404103393549346,0.008736228101637725,-0.03363128822504766,0.03689508111006041,False
2.27799999999986,thumb_ik,0.012409173882194022,0.008724535519703452,-0.03362198289535263,0.03688553714246924,False
2.27899999999986,thumb_ik,0.01241425378159522,0.008712849243591031,-0.03361267210659711,0.03687599713961654,False
2.27999999999986,thumb_ik,0.012419342859835522,0.008701169243205714,-0.033603355556832644,0.0368664607461575,False
2.28099999999986,thumb_ik,0.012424440898997857,0.008689495480555379,-0.033594032964204615,0.03685692762777914,False
2.2819999999998597,thumb_ik,0.012429547690637296,0.008677827916193148,-0.03358470406393591,0.03684739746846501,False
2.2829999999998596,thumb_ik,0.012434663034182017,0.00866616649966949,-0.033575368603126966,0.036837869962980906,False
2.2839999999998595,thumb_ik,0.012439786733330113,0.008654511185379576,-0.03356602634207681,0.03682834482060782,False
2.2849999999998594,thumb_ik,0.012444918598189886,0.008642861924703163,-0.03355667705324065,0.036818821763067645,False
2.2859999999998593,thumb_ik,0.012450058443530324,0.008631218673388813,-0.03354732052161921,0.036809300526027794,False
2.286999999999859,thumb_ik,0.01245520609267016,0.008619581376792612,-0.03353795654300084,0.03679978085535634,False
2.287999999999859,thumb_ik,0.012460361375401394,0.00860794997910165,-0.033528584924484815,0.03679026250907571,False
2.288999999999859,thumb_ik,0.012465524129777777,0.008596324416715706,-0.03351920548348935,0.03678074525552571,False
2.289999999999859,thumb_ik,0.01247069420383698,0.00858470463734759,-0.03350981803418501,0.036771228866061864,False
2.2909999999998587,thumb_ik,0.012475871443917846,0.008573090590116184,-0.03350042241876462,0.03676171313727328,False
2.2919999999998586,thumb_ik,0.012481055704508179,0.008561482215404773,-0.033491018487994115,0.03675219787423457,False
2.2929999999998585,thumb_ik,0.012486246847968355,0.008549879446570263,-0.03348160610106957,0.03674268289069898,False
2.2939999999998584,thumb_ik,0.012491444740574939,0.008538282225169128,-0.03347218512668283,0.03673316801228018,False
2.2949999999998583,thumb_ik,0.012496649252449032,0.008526690499475062,-0.03346275544252472,0.036723653075624044,False
2.295999999999858,thumb_ik,0.012501860261096787,0.008515104209592866,-0.03345331693359557,0.03671413792461713,False
2.296999999999858,thumb_ik,0.012507077651144394,0.00850352328894112,-0.03344386949202311,0.03670462241049203,False
2.297999999999858,thumb_ik,0.0125123013103145,0.00849194767972343,-0.03343441301810595,0.036695106395002466,False
2.298999999999858,thumb_ik,0.012517531129349169,0.008480377331345212,-0.03342494741981216,0.03668558974956552,False
2.2999999999998577,thumb_ik,0.012522767005588964,0.008468812185198432,-0.03341547261111175,0.036676072351444516,False
2.3009999999998576,thumb_ik,0.012528008840834798,0.008457252183279015,-0.033405988512422526,0.03666655408542938,False
2.3019999999998575,thumb_ik,0.012533256542953689,0.008445697261327711,-0.033396495049721864,0.036657034841999794,False
2.3029999999998574,thumb_ik,0.012538510024695998,0.008434147376256265,-0.0333869921592941,0.036647514527571694,False
2.3039999999998573,thumb_ik,0.0125437691977726,0.008422602477589622,-0.03337747977903033,0.03663799304795592,False
2.304999999999857,thumb_ik,0.01254903397958021,0.008411062507510308,-0.03336795785145897,0.03662847031344124,False
2.305999999999857,thumb_ik,0.012554304292880528,0.008399527402487547,-0.033358426323642394,0.03661894623897929,False
2.306999999999857,thumb_ik,0.012559580061945352,0.008387997108286596,-0.033348885148168486,0.03660942074721713,False
2.307999999999857,thumb_ik,0.012564861212507855,0.008376471578305927,-0.033339334282722496,0.036599893767699204,False
2.3089999999998567,thumb_ik,0.012570147675247986,0.008364950758543682,-0.033329773688602786,0.0365903652332671,False
2.3099999999998566,thumb_ik,0.012575439385574719,0.00835343458895721,-0.033320203330636296,0.03658083508023288,False
2.3109999999998565,thumb_ik,0.012580736279754035,0.008341923018842234,-0.03331062317819538,0.03657130325149401,False
2.3119999999998564,thumb_ik,0.012586038288635637,0.008330415996995452,-0.03330103322727786,0.03656176971223171,False
2.3129999999998563,thumb_ik,0.012591345360602607,0.008318913479795964,-0.033291433427687096,0.036552234393322953,False
2.313999999999856,thumb_ik,0.01259665743939728,0.008307415417671937,-0.03328182375967793,0.036542697250443325,False
2.314999999999856,thumb_ik,0.012601974472749466,0.008295921761995409,-0.03327220419937937,0.03653315823711627,False
2.315999999999856,thumb_ik,0.012607296408731039,0.008284432464752467,-0.03326257473434953,0.03652361731754995,False
2.316999999999856,thumb_ik,0.012612623197475817,0.008272947478832518,-0.033252935354450425,0.03651407445898479,False
2.3179999999998557,thumb_ik,0.012617954789281488,0.008261466764729178,-0.03324328605231285,0.03650452963297808,False
2.3189999999998556,thumb_ik,0.012623291138078072,0.008249990275533844,-0.03323362682209197,0.036494982812068213,False
2.3199999999998555,thumb_ik,0.012628632208316212,0.008238517976465132,-0.03322395766815252,0.03648543398449101,False
2.3209999999998554,thumb_ik,0.012633977957500223,0.008227049813361545,-0.033214278586274744,0.036475883123905345,False
2.3219999999998553,thumb_ik,0.01263932834304389,0.00821558574155394,-0.033204589575065405,0.03646633020868208,False
2.322999999999855,thumb_ik,0.012644683322229205,0.008204125724331365,-0.03319489063565984,0.036456775221260514,False
2.323999999999855,thumb_ik,0.012650042855721716,0.00819266971719855,-0.03318518177080681,0.03644721814498586,False
2.324999999999855,thumb_ik,0.012655406905602434,0.00818121767715732,-0.033175462984646915,0.036437658965321564,False
2.325999999999855,thumb_ik,0.012660775437011856,0.008169769555301368,-0.03316573428254557,0.03642809766860727,False
2.3269999999998547,thumb_ik,0.012666148414524445,0.008158325311864029,-0.03315599567205484,0.036418534245055506,False
2.3279999999998546,thumb_ik,0.012671525803892178,0.008146884907713925,-0.0331462471621826,0.03640896868677744,False
2.3289999999998545,thumb_ik,0.012676907570279061,0.008135448311173743,-0.0331364887637442,0.036399400989012495,False
2.3299999999998544,thumb_ik,0.01268229368169034,0.008124015483012087,-0.03312672048823286,0.036389831146934025,False
2.3309999999998543,thumb_ik,0.012687684108811409,0.008112586377963124,-0.03311694234789781,0.036380259156016,False
2.331999999999854,thumb_ik,0.01269307881976417,0.008101160966599769,-0.03310715435712446,0.03637068501634209,False
2.332999999999854,thumb_ik,0.01269847778702124,0.008089739204968166,-0.03309735653031353,0.03636110872631029,False
2.333999999999854,thumb_ik,0.01270388098211897,0.008078321057933588,-0.033087548883401395,0.036351530287380945,False
2.334999999999854,thumb_ik,0.012709288375619451,0.008066906497999168,-0.03307773143365427,0.03634194970360117,False
2.3359999999998537,thumb_ik,0.01271470141104028,0.00805549776783776,-0.033067901384552935,0.036332365436867256,False
2.3369999999998536,thumb_ik,0.012720119875531247,0.008044094450374753,-0.033058059257228746,0.03632277779890853,False
2.3379999999998535,thumb_ik,0.012725543586579374,0.00803269619227405,-0.03304820548216404,0.036313187043863875,False
2.3389999999998534,thumb_ik,0.01273097238406147,0.008021302706354871,-0.033038340416049465,0.036303593381337325,False
2.3399999999998533,thumb_ik,0.01273640612830701,0.008009913752535638,-0.03302846435436309,0.0362939969829126,False
2.340999999999853,thumb_ik,0.012741844695398921,0.007998529135738106,-0.03301857754263892,0.03628439799026816,False
2.341999999999853,thumb_ik,0.012747287977913968,0.00798714868410054,-0.0330086801845646,0.036274796517977416,False
2.342999999999853,thumb_ik,0.012752735880959779,0.007975772251656563,-0.03299877244998607,0.03626519265998422,False
2.343999999999853,thumb_ik,0.012758188320309116,0.0079643997136562,-0.03298885448106304,0.03625558649350624,False
2.3449999999998528,thumb_ik,0.012763645238309224,0.007953030973480685,-0.03297892636705783,0.036245978063205564,False
2.3459999999998526,thumb_ik,0.012769106565302321,0.007941665936680248,-0.03296898821485622,0.03623636742607077,False
2.3469999999998525,thumb_ik,0.012774572238798479,0.007930304521173812,-0.032959040114840965,0.03622675462934165,False
2.3479999999998524,thumb_ik,0.012780042202283126,0.007918946654566078,-0.03294908214447872,0.03621713971276041,False
2.3489999999998523,thumb_ik,0.012785516402720479,0.007907592279400952,-0.03293911437114388,0.03620752271140312,False
2.349999999999852,thumb_ik,0.012790994793186794,0.007896241336798213,-0.03292913685328205,0.03619790365408569,False
2.350999999999852,thumb_ik,0.012796477330544842,0.007884893773683357,-0.03291914964257308,0.036188282566095034,False
2.351999999999852,thumb_ik,0.012801963974929872,0.007873549541816183,-0.032909152785277625,0.03617865947001882,False
2.352999999999852,thumb_ik,0.012807454690974163,0.007862208589962727,-0.0328991463229848,0.0361690343851561,False
2.3539999999998518,thumb_ik,0.012812949444011443,0.007850870878688701,-0.032889130294344184,0.03615940733096968,False
2.3549999999998517,thumb_ik,0.012818448201483465,0.007839536371348516,-0.032879104735286366,0.03614977832581746,False
2.3559999999998515,thumb_ik,0.012823950931138722,0.007828205040193062,-0.03286906967991598,0.03614014738844779,False
2.3569999999998514,thumb_ik,0.012829457604070504,0.007816876851221621,-0.03285902516020776,0.03613051453551379,False
2.3579999999998513,thumb_ik,0.012834968192818735,0.007805551772311944,-0.03284897120686664,0.03612087978345024,False
2.358999999999851,thumb_ik,0.012840482672802675,0.0077942297660866106,-0.032838907849316756,0.036111243147432824,False
2.359999999999851,thumb_ik,0.012846001018867167,0.007782910804818022,-0.032828835116703974,0.03610160464428452,False
2.360999999999851,thumb_ik,0.01285152322407973,0.007771594922871244,-0.03281875304475493,0.036091964316685085,False
2.361999999999851,thumb_ik,0.01285704926097006,0.007760282089965237,-0.03280866165981456,0.03608232217752943,False
2.3629999999998508,thumb_ik,0.012862579104994235,0.007748972270270507,-0.03279856098783826,0.036072678239224235,False
2.3639999999998507,thumb_ik,0.012868112734237727,0.007737665423809645,-0.03278845105461952,0.03606303251410023,False
2.3649999999998506,thumb_ik,0.012873650129381409,0.007726361501112819,-0.0327783319088953,0.03605338503426972,False
2.3659999999998504,thumb_ik,0.012879191266184961,0.007715060485481609,-0.032768203572668235,0.036043735812834966,False
2.3669999999998503,thumb_ik,0.01288473612290024,0.007703762352817237,-0.03275806606852444,0.03603408486274164,False
2.3679999999998502,thumb_ik,0.01289028467852242,0.007692467079946835,-0.032747919419921494,0.036024432198205246,False
2.36899999999985,thumb_ik,0.012895836914314701,0.007681174637508503,-0.032737763650790334,0.03601477783337715,False
2.36999999999985,thumb_ik,0.012901392810438103,0.007669885005308644,-0.03272759878610148,0.036005121784933786,False
2.37099999999985,thumb_ik,0.012906952347555359,0.007658598163785044,-0.03271742485134122,0.03599546407034582,False
2.37199999999985,thumb_ik,0.012912515505299552,0.007647314100510963,-0.0327072418726597,0.03598580470884511,False
2.3729999999998497,thumb_ik,0.012918082265390665,0.007636032795326306,-0.032697049876172835,0.035976143718742755,False
2.3739999999998496,thumb_ik,0.012923652609948766,0.007624754228751293,-0.03268684888830269,0.035966481118928376,False
2.3749999999998495,thumb_ik,0.012929226523003351,0.007613478375068497,-0.03267663893548573,0.03595681692768245,False
2.3759999999998493,thumb_ik,0.01293480401737418,0.007602205286287522,-0.03266641992968382,0.03594715108607609,False
2.3769999999998492,thumb_ik,0.012940385028735527,0.007590934888957068,-0.03265619205015401,0.03593748372377858,False
2.377999999999849,thumb_ik,0.012945969541097724,0.007579667169884743,-0.03264595531719074,0.03592781485614277,False
2.378999999999849,thumb_ik,0.012951557540018852,0.007568402109039557,-0.032635709752118554,0.0359181444985826,False
2.379999999999849,thumb_ik,0.01295714901101716,0.007557139687733805,-0.032625455377413626,0.03590847266784306,False
2.380999999999849,thumb_ik,0.012962743941154264,0.007545879881393658,-0.032615192216280744,0.03589879938066583,False
2.3819999999998487,thumb_ik,0.012968342315840514,0.007534622674829017,-0.03260492029303209,0.03588912465619415,False
2.3829999999998486,thumb_ik,0.01297394412047044,0.007523368053623497,-0.03259463963257076,0.0358794485142752,False
2.3839999999998485,thumb_ik,0.01297954936946101,0.007512116083858905,-0.03258435013343115,0.035869770887331884,False
2.3849999999998484,thumb_ik,0.012985158045445616,0.007500866738667442,-0.03257405184574429,0.035860091814518345,False
2.3859999999998482,thumb_ik,0.012990770131554863,0.007489619993977334,-0.03256374481557957,0.03585041133207914,False
2.386999999999848,thumb_ik,0.012996385612845995,0.0074783758211994095,-0.0325534290854278,0.03584072947277813,False
2.387999999999848,thumb_ik,0.01300200447314169,0.007467134201967943,-0.03254310469523996,0.0358310462687757,False
2.388999999999848,thumb_ik,0.01300762728763731,0.007455894282780776,-0.032532771048455915,0.03582136121508144,False
2.389999999999848,thumb_ik,0.013013253960930726,0.007444656214751044,-0.03252242827329419,0.03581167443165812,False
2.3909999999998477,thumb_ik,0.013018884411297282,0.007433420106698299,-0.032512076479752336,0.035801986017854524,False
2.3919999999998476,thumb_ik,0.01302451856728691,0.007422186040773562,-0.03250171576302016,0.03579229605758212,False
2.3929999999998475,thumb_ik,0.013030156077525529,0.007410954607377701,-0.032491346588775304,0.03578260497433367,False
2.3939999999998474,thumb_ik,0.013035796877810923,0.007399725678186073,-0.032480969145279114,0.03577291289465432,False
2.3949999999998473,thumb_ik,0.013041440957653277,0.007388499223072234,-0.03247058341986996,0.0357632198025853,False
2.395999999999847,thumb_ik,0.013047088304626642,0.007377275223318713,-0.032460189406713726,0.035753525690049755,False
2.396999999999847,thumb_ik,0.01305278648353747,0.007366099047398558,-0.032449591596402545,0.03574367979005832,False
2.397999999999847,thumb_ik,0.013058528455502885,0.00735496548153225,-0.03243882270869266,0.035733708195255974,False
2.398999999999847,thumb_ik,0.013064307940951134,0.007343870257486632,-0.03242791054759062,0.03572363300138068,False
2.3999999999998467,thumb_ik,0.013070119646506048,0.007332809526286649,-0.03241687830256549,0.03571347255597144,False
2.4009999999998466,thumb_ik,0.013075959108508187,0.007321779893684419,-0.032405745417907826,0.0357032421988423,False
2.4019999999998465,thumb_ik,0.013081822550863945,0.007310778303665291,-0.032394528149418185,0.03569295469250315,False
2.4029999999998464,thumb_ik,0.013087706778938737,0.007299801994501268,-0.03238324008019808,0.03568262064341899,False
2.4039999999998463,thumb_ik,0.013093609088026939,0.0072888484737681225,-0.032371892554697045,0.03567224885813149,False
2.404999999999846,thumb_ik,0.0130995271836256,0.007277915507934454,-0.032360495043053945,0.035661846643250235,False
2.405999999999846,thumb_ik,0.013105459116864643,0.007267001097217923,-0.032349055445786284,0.035651420053699576,False
2.406999999999846,thumb_ik,0.0131114032328698,0.007256103438656625,-0.03233758034849784,0.03564097409784063,False
2.407999999999846,thumb_ik,0.013117358124843492,0.00724522090828611,-0.03232607523644993,0.035630512912079804,False
2.4089999999998457,thumb_ik,0.013123322592875186,0.007234352057665733,-0.03231454467514203,0.03562003990919537,False
2.4099999999998456,thumb_ik,0.013129295611628816,0.007223495595751181,-0.03230299246075858,0.03560955789951903,False
2.4109999999998455,thumb_ik,0.013135276305900973,0.007212650358123282,-0.03229142174549829,0.03559906918960858,False
2.4119999999998454,thumb_ik,0.013141263926178856,0.007201815302263437,-0.03227983514394816,0.03558857566896821,False
2.4129999999998453,thumb_ik,0.013147257830602,0.007190989488308583,-0.03226823482137401,0.0355780788797347,False
2.413999999999845,thumb_ik,0.013153257466001253,0.00718017208284584,-0.03225662256882125,0.035567580078683804,False
2.414999999999845,thumb_ik,0.013159262355477125,0.007169362340867569,-0.032244999864798,0.03555708028502552,False
2.415999999999845,thumb_ik,0.013165272085626983,0.007158559603092418,-0.032233367927647465,0.03554658032270767,False
2.416999999999845,thumb_ik,0.013171286299405977,0.007147763273055316,-0.0322217277583267,0.0355360808520056,False
2.4179999999998447,thumb_ik,0.013177304685536434,0.007136972791075294,-0.03221008016406196,0.03552558238187387,False
2.4189999999998446,thumb_ik,0.013183326973864137,0.007126187687309812,-0.03219842581812757,0.035515085333137575,False
2.4199999999998445,thumb_ik,0.013189352926818707,0.007115407549180802,-0.0321867652692769,0.03550459003732686,False
2.4209999999998444,thumb_ik,0.013195382337079953,0.007104632001311395,-0.03217509896234659,0.03549409675048199,False
2.4219999999998443,thumb_ik,0.013201415033638544,0.007093860744963654,-0.03216342716031416,0.03548360559266982,False
2.422999999999844,thumb_ik,0.01320745085462853,0.007083093477547708,-0.03215175017034087,0.03547311672668644,False
2.423999999999844,thumb_ik,0.013213489656368121,0.007072329930426155,-0.03214006823810649,0.035462630273202955,False
2.424999999999844,thumb_ik,0.013219531339023302,0.00706156992864454,-0.032128381545728474,0.03545214633034877,False
2.425999999999844,thumb_ik,0.013225575783985616,0.007050813249993321,-0.03211669024774395,0.035441664954877036,False
2.4269999999998437,thumb_ik,0.013231622885889846,0.007040059702236659,-0.03210499446680484,0.03543118618560533,False
2.4279999999998436,thumb_ik,0.013237672549910873,0.007029309106175191,-0.032093294294821426,0.03542071004007174,False
2.4289999999998435,thumb_ik,0.013243724689041947,0.007018561312110538,-0.03208158980167758,0.03541023652468445,False
2.4299999999998434,thumb_ik,0.013249779196252004,0.00700781614533269,-0.03206988105023574,0.035399765627084134,False
2.4309999999998433,thumb_ik,0.013255836003205915,0.006997073499385734,-0.03205816807684295,0.0353892973389245,False
2.431999999999843,thumb_ik,0.01326189504832842,0.006986333274490442,-0.032046450906256616,0.03537883164524015,False
2.432999999999843,thumb_ik,0.013267956273571219,0.006975595391316036,-0.03203472955470648,0.03536836852872821,False
2.433999999999843,thumb_ik,0.013274019623935956,0.006964859788196984,-0.032023004031699276,0.03535790797063803,False
2.434999999999843,thumb_ik,0.01328008504951872,0.006954126405050928,-0.0320112743410404,0.035347449949285285,False
2.4359999999998427,thumb_ik,0.013286152513656058,0.006943395170644059,-0.03199954059209351,0.035336994541371125,False
2.4369999999998426,thumb_ik,0.013292221970075957,0.006932666044548591,-0.031987802759930926,0.035326541704435936,False
2.4379999999998425,thumb_ik,0.013298293375509473,0.0069219389936507475,-0.03197606082151052,0.035316091400293466,False
2.4389999999998424,thumb_ik,0.013304366679648155,0.006911214013469558,-0.03196431464318502,0.035305643493569724,False
2.4399999999998423,thumb_ik,0.013310441847088517,0.006900491080375035,-0.031952564228441435,0.03529519797490497,False
2.440999999999842,thumb_ik,0.0133165188526711,0.006889770159351605,-0.03194080969388335,0.03528475493896917,False
2.441999999999842,thumb_ik,0.013322597663013566,0.006879051231709815,-0.031929051016584546,0.03527431435419662,False
2.442999999999842,thumb_ik,0.013328678245273146,0.006868334291518938,-0.031917288177258876,0.035263876194999634,False
2.443999999999842,thumb_ik,0.013334760568260301,0.006857619336681525,-0.03190552115965099,0.03525344043988608,False
2.4449999999998417,thumb_ik,0.013340844601153909,0.006846906375044648,-0.031893749950479805,0.03524300707210574,False
2.4459999999998416,thumb_ik,0.013346930315790193,0.006836195409247986,-0.031881974538748185,0.035232576076940074,False
2.4469999999998415,thumb_ik,0.013353017685265658,0.006825486444818077,-0.03187019491590603,0.03522214744289813,False
2.4479999999998414,thumb_ik,0.013359106685356309,0.0068147794843261,-0.031858411074665506,0.03521172116004972,False
2.4489999999998413,thumb_ik,0.013365197291304684,0.006804074538840688,-0.031846623011168605,0.035201297222987274,False
2.449999999999841,thumb_ik,0.01337128947922292,0.006793371621895056,-0.0318348307234919,0.03519087562882928,False
2.450999999999841,thumb_ik,0.013377383226104642,0.006782670748676903,-0.03182303421149522,0.035180456376929195,False
2.451999999999841,thumb_ik,0.013383478508596072,0.006771971942658009,-0.03181123347683802,0.03517003946969779,False
2.452999999999841,thumb_ik,0.013389575305330206,0.006761275220489055,-0.03179942852245512,0.03515962491010164,False
2.4539999999998408,thumb_ik,0.013395673595619315,0.0067505806002547825,-0.031787619352766736,0.0351492127029511,False
2.4549999999998406,thumb_ik,0.013401773360555189,0.006739888094458024,-0.03177580597346625,0.03513880285378085,False
2.4559999999998405,thumb_ik,0.013407874580557338,0.006729197724964955,-0.03176398839182023,0.035128395371057296,False
2.4569999999998404,thumb_ik,0.013413977236579833,0.006718509514301835,-0.031752166616041244,0.035117990264394265,False
2.4579999999998403,thumb_ik,0.013420081308792478,0.006707823492915682,-0.0317403406543273,0.035107587544567276,False
2.45899999999984,thumb_ik,0.01342618677899532,0.00669713968364638,-0.03172851051454723,0.035097187221178765,False
2.45999999999984,thumb_ik,0.013432293606415041,0.006686458065752479,-0.031716676231555344,0.03508678931123953,False
2.46099999999984,thumb_ik,0.01343840177778112,0.006675778664654047,-0.03170483780930681,0.03507639382312514,False
2.46199999999984,thumb_ik,0.013444511278447896,0.006665101513543409,-0.03169299525303985,0.03506600076728679,False
2.4629999999998398,thumb_ik,0.013450622116735977,0.006654426689160747,-0.0316811485398423,0.03505561014576974,False
2.4639999999998397,thumb_ik,0.013456734250683167,0.006643754177228858,-0.03166929771120624,0.035045221982204194,False
2.4649999999998395,thumb_ik,0.013462847666768918,0.006633084002507922,-0.0316574427800474,0.03503483629268057,False
2.4659999999998394,thumb_ik,0.013468962351868174,0.006622416190281824,-0.03164558375277475,0.0350244530876248,False
2.4669999999998393,thumb_ik,0.01347507829168497,0.006611750773493519,-0.03163372063714117,0.03501407237963792,False
2.467999999999839,thumb_ik,0.013481195470876742,0.006601087791249807,-0.03162185344194132,0.03500369418297719,False
2.468999999999839,thumb_ik,0.01348731387537079,0.006590427273949456,-0.03160998217667678,0.03499331851133599,False
2.469999999999839,thumb_ik,0.013493433492289306,0.006579769244950254,-0.03159810685165685,0.03498294537823183,False
2.470999999999839,thumb_ik,0.013499554307661019,0.006569113735725621,-0.031586227478137066,0.03497257479910521,False
2.4719999999998388,thumb_ik,0.013505676307644057,0.006558460777294731,-0.03157434406803965,0.03496220678991991,False
2.4729999999998387,thumb_ik,0.013511803668419961,0.006547820573950827,-0.031562446318042205,0.03495183557728945,False
2.4739999999998386,thumb_ik,0.01351793585670115,0.006537191378641283,-0.03155053604871388,0.034941462274897174,False
2.4749999999998384,thumb_ik,0.013524068219062435,0.00652656148134409,-0.031538625513640284,0.0349310939601562,False
2.4759999999998383,thumb_ik,0.013530200884128304,0.006515931533593519,-0.031526714035369434,0.03492073019831207,False
2.476999999999838,thumb_ik,0.01353633545430867,0.006505305641559114,-0.03151479764407054,0.03491036879737005,False
2.477999999999838,thumb_ik,0.013542470325436151,0.006494680037835543,-0.03150287997113433,0.03490001171611372,False
2.478999999999838,thumb_ik,0.013548605596787264,0.006484055209742476,-0.031490960523741444,0.03488965864390372,False
2.479999999999838,thumb_ik,0.013554741349143723,0.006473431563987275,-0.031479038899466856,0.03487930932931386,False
2.480999999999838,thumb_ik,0.013560883437307603,0.00646282048701835,-0.03146710083890213,0.0348689552962704,False
2.4819999999998377,thumb_ik,0.013567025425661655,0.006452209294931052,-0.031455162690026676,0.0348586064486547,False
2.4829999999998376,thumb_ik,0.013573167464062924,0.0064415985522828095,-0.03144322374294214,0.03484826231342086,False
2.4839999999998374,thumb_ik,0.013579312721300904,0.0064309944714574935,-0.03143127667690029,0.03483791867225505,False
2.4849999999998373,thumb_ik,0.013585460914414052,0.006420396479604615,-0.03141932217819333,0.034827575932721795,False
2.4859999999998372,thumb_ik,0.013591608744148137,0.006409798329608821,-0.031407367814746755,0.03481723848801123,False
2.486999999999837,thumb_ik,0.013597757942757777,0.006399203539367154,-0.031395409454938246,0.03480690393946734,False
2.487999999999837,thumb_ik,0.013603908753561128,0.0063886126701460655,-0.031383446459347195,0.03479657191292096,False
2.488999999999837,thumb_ik,0.013610061098830672,0.006378025640714158,-0.031371478900663496,0.03478624243292578,False
2.489999999999837,thumb_ik,0.013616213608410435,0.006367439921436027,-0.03135950950527367,0.03477591696266697,False
2.4909999999998367,thumb_ik,0.013622369070888776,0.00635686106822754,-0.0313475318665515,0.03476559183832077,False
2.4919999999998366,thumb_ik,0.013628527236068819,0.006346288490058111,-0.03133554670608425,0.03475526750857345,False
2.4929999999998365,thumb_ik,0.013634687752195077,0.0063357214215678664,-0.031323554852203526,0.03474494444679075,False
2.4939999999998363,thumb_ik,0.013640850450758593,0.006325159540083641,-0.03131155675294652,0.03473462293620679,False
2.4949999999998362,thumb_ik,0.013647015187540384,0.00631460257910646,-0.031299552776246777,0.03472430320761056,False
2.495999999999836,thumb_ik,0.013653181838881381,0.006304050318306956,-0.031287543224573104,0.03471398544925138,False
2.496999999999836,thumb_ik,0.01365935029658906,0.006293502588618258,-0.03127552834677267,0.03470366981642796,False
2.497999999999836,thumb_ik,0.013665520465549863,0.006282959262361304,-0.03126350834771103,0.034693356437425465,False
2.498999999999836,thumb_ik,0.0136716922636759,0.006272420231932169,-0.031251483396461936,0.03468304541700373,False
2.4999999999998357,thumb_ik,0.01367786562003194,0.006261885406134274,-0.031239453633149665,0.03467273684116841,False
2.5009999999998356,thumb_ik,0.013684040471239362,0.006251354721016192,-0.031227419174291872,0.034662430782526205,False
2.5019999999998355,thumb_ik,0.013690216761293783,0.00624082812790365,-0.031215380117238484,0.03465212730204208,False
2.5029999999998354,thumb_ik,0.013696394439507445,0.006230305597420854,-0.031203336543694657,0.034641826452121355,False
2.5039999999998352,thumb_ik,0.013702573461654433,0.006219787102188637,-0.031191288522878342,0.03463152827678892,False
2.504999999999835,thumb_ik,0.013708753791621148,0.006209272599042345,-0.031179236114571227,0.034621232811913094,False
2.505999999999835,thumb_ik,0.013714935394108119,0.006198762076686917,-0.031167179370587772,0.034610940092206735,False
2.506999999999835,thumb_ik,0.013721118233048557,0.006188255558734271,-0.0311551183356006,0.034600650151850904,False
2.507999999999835,thumb_ik,0.013727302279127315,0.006177753043148687,-0.031143053049177784,0.034590363018456,False
2.5089999999998347,thumb_ik,0.013733487504616781,0.006167254538702732,-0.0311309835466786,0.0345800787183631,False
2.5099999999998346,thumb_ik,0.013739673983357958,0.006156760344454101,-0.0311189095998849,0.03456979713266792,False
2.5109999999998345,thumb_ik,0.013745861701039308,0.0061462704299034,-0.031106831290624422,0.03455951832773389,False
2.5119999999998344,thumb_ik,0.01375205062497771,0.006135784752839421,-0.031094748681587632,0.03454924234330215,False
2.5129999999998343,thumb_ik,0.01375824072471829,0.006125303289793424,-0.031082661827645387,0.03453896921627822,False
2.513999999999834,thumb_ik,0.01376443197169383,0.006114826032236884,-0.031070570777108564,0.03452869898103927,False
2.514999999999834,thumb_ik,0.01377062434078273,0.006104352970182761,-0.03105847557318709,0.03451843166845499,False
2.515999999999834,thumb_ik,0.013776817809912897,0.006093884092493146,-0.031046376255128377,0.034508167306816995,False
2.516999999999834,thumb_ik,0.013783012360950059,0.006083419377581181,-0.03103427285950139,0.03449790592171671,False
2.5179999999998337,thumb_ik,0.013789207973641318,0.006072958836870812,-0.03102216541974344,0.03448764754088899,False
2.5189999999998336,thumb_ik,0.01379543455489575,0.006062563993747425,-0.031009849574528223,0.03447723114421404,False
2.5199999999998335,thumb_ik,0.013801686590721715,0.006052226639671615,-0.03099735979959857,0.03446668412528579,False
2.5209999999998334,thumb_ik,0.013807959406827913,0.006041939425820361,-0.030984725246983626,0.03445602956866845,False
2.5219999999998333,thumb_ik,0.013814249222296668,0.006031696405974549,-0.030971969923092132,0.03444528652844238,False
2.522999999999833,thumb_ik,0.013820553064784441,0.006021491103808785,-0.030959113892338005,0.03443447073977655,False
2.523999999999833,thumb_ik,0.013826868314601115,0.006011319496179293,-0.030946173939824004,0.03442359555578568,False
2.524999999999833,thumb_ik,0.013833192801658262,0.006001178108788863,-0.030933164082193536,0.03441267211242342,False
2.525999999999833,thumb_ik,0.01383952473392247,0.005991063898448654,-0.030920096022024814,0.034401709688725954,False
2.5269999999998327,thumb_ik,0.013845862892295224,0.00598097443508433,-0.030906979310637718,0.03439071596424765,False
2.5279999999998326,thumb_ik,0.013852206244750684,0.0059709075565597125,-0.03089382194931159,0.03437969734497176,False
2.5289999999998325,thumb_ik,0.013858553911860735,0.005960861334614986,-0.03088063064393594,0.034368659172939145,False
2.5299999999998324,thumb_ik,0.013864905144643586,0.00595083404717181,-0.03086741101320286,0.03435760590007605,False
2.5309999999998323,thumb_ik,0.013871259304095926,0.00594082416281462,-0.03085416776393854,0.034346541235184276,False
2.531999999999832,thumb_ik,0.013877615845399233,0.005930830317159075,-0.030840904837850944,0.03433546826564022,False
2.532999999999832,thumb_ik,0.013883974304027505,0.005920851294871812,-0.030827625534950095,0.034324389559815746,False
2.533999999999832,thumb_ik,0.013890334283433281,0.00591088601726128,-0.030814332617228303,0.034313307253305635,False
2.534999999999832,thumb_ik,0.013896695444189575,0.005900933529763147,-0.030801028395964998,0.03430222312096236,False
2.5359999999998317,thumb_ik,0.013903059816573568,0.005890990779079799,-0.030787711595517207,0.034291136317001376,False
2.5369999999998316,thumb_ik,0.013909426861567042,0.005881057466212342,-0.030774384280470544,0.03428004843024944,False
2.5379999999998315,thumb_ik,0.01391579611228072,0.005871133299831605,-0.03076104816946796,0.034268960768416755,False
2.5389999999998314,thumb_ik,0.013922167178918962,0.005861217918483333,-0.030747704689300638,0.0342578743956212,False
2.5399999999998313,thumb_ik,0.013928539723069788,0.00585131099654046,-0.03073435502760221,0.03424679018766672,False
2.540999999999831,thumb_ik,0.013934913459733467,0.005841412214939251,-0.030721000165438474,0.03423570885727318,False
2.541999999999831,thumb_ik,0.013941288139804692,0.005831521277173041,-0.030707640925413886,0.03422463099300465,False
2.542999999999831,thumb_ik,0.013947663550023207,0.005821637903688254,-0.030694277991753116,0.03421355707641819,False
2.543999999999831,thumb_ik,0.013954039506378163,0.005811761835206791,-0.030680911933001404,0.03420248750040436,False
2.5449999999998307,thumb_ik,0.013960415852904265,0.005801892831010888,-0.030667543223475285,0.03419142258772339,False
2.5459999999998306,thumb_ik,0.013966792454543603,0.005792030680116286,-0.03065417225881882,0.03418036260400176,False
2.5469999999998305,thumb_ik,0.013973169199244823,0.0057821751702113455,-0.030640799368505618,0.034169307764582345,False
2.5479999999998304,thumb_ik,0.013979546045517405,0.005772326283207396,-0.030627424616435923,0.03415825810831128,False
2.5489999999998303,thumb_ik,0.013985922905533632,0.005762483833400098,-0.030614048270945077,0.03414721380999456,False
2.54999999999983,thumb_ik,0.01399229970425514,0.005752647657320295,-0.030600670557062788,0.034136175014562786,False
2.55099999999983,thumb_ik,0.013998676377543873,0.005742817612321413,-0.030587291664073313,0.034125141842850745,False
2.55199999999983,thumb_ik,0.014005052870716267,0.005732993574150497,-0.030573911751756187,0.03411411439619947,False
2.55299999999983,thumb_ik,0.014011429137055872,0.005723175436215672,-0.030560530955608324,0.03410309276041009,False
2.5539999999998297,thumb_ik,0.014017805136716924,0.005713363107678157,-0.030547149391126058,0.034092077008814205,False
2.5549999999998296,thumb_ik,0.014024180834122366,0.0057035565212141814,-0.030533767157557894,0.03408106720586682,False
2.5559999999998295,thumb_ik,0.014030556202233271,0.005693755601033662,-0.030520384340018365,0.034070063405440956,False
2.5569999999998294,thumb_ik,0.014036931219708906,0.005683960302644772,-0.03050700100976659,0.034059065656573434,False
2.5579999999998293,thumb_ik,0.014043305865049024,0.005674170584828345,-0.03049361723269447,0.03404807400395994,False
2.558999999999829,thumb_ik,0.014049680119966004,0.005664386415943995,-0.03048023306713736,0.03403708848843439,False
2.559999999999829,thumb_ik,0.014056053968818497,0.005654607773549883,-0.03046684856524747,0.03402610914789922,False
2.560999999999829,thumb_ik,0.014062427398231186,0.005644834643323451,-0.030453463774096683,0.03401513601797304,False
2.561999999999829,thumb_ik,0.014068800396770872,0.005635067018103748,-0.030440078736580868,0.034004169132504085,False
2.5629999999998287,thumb_ik,0.014075172982809359,0.0056253049634235885,-0.03042669344553931,0.03399320850488152,False
2.5639999999998286,thumb_ik,0.014081545144378649,0.00561554847300165,-0.03041330794566985,0.03398225417043357,False
2.5649999999998285,thumb_ik,0.014087916871080769,0.005605797548025371,-0.030399922277970982,0.033971306163034204,False
2.5659999999998284,thumb_ik,0.014094288153805076,0.00559605219544454,-0.030386536479589277,0.03396036451456373,False
2.5669999999998283,thumb_ik,0.01410065898447288,0.005586312426030193,-0.030373150583198456,0.03394942925392508,False
2.567999999999828,thumb_ik,0.014107029355868286,0.005576578254024939,-0.03035976461770446,0.033938500407546195,False
2.568999999999828,thumb_ik,0.014113399259961773,0.005566849705978608,-0.030346378608907834,0.03392757800072417,False
2.569999999999828,thumb_ik,0.014119768692680112,0.005557126789730776,-0.03033299257956648,0.03391666205457088,False
2.570999999999828,thumb_ik,0.014126137648599588,0.0055474095287112585,-0.030319606550490222,0.0339057525904226,False
2.5719999999998278,thumb_ik,0.014132506025090155,0.005537697663909935,-0.03030622089774465,0.03389484986054633,False
2.5729999999998276,thumb_ik,0.014138873826230275,0.005527991269611426,-0.030292835574438307,0.033883953837929165,False
2.5739999999998275,thumb_ik,0.014145241061558664,0.005518290413513149,-0.03027945056989076,0.03387306452909058,False
2.5749999999998274,thumb_ik,0.01415160773251517,0.00550859515882883,-0.030266065849679932,0.03386218191516928,False
2.5759999999998273,thumb_ik,0.01415797383978075,0.005498905562284731,-0.03025268138930199,0.033851305984754276,False
2.576999999999827,thumb_ik,0.014164339377746013,0.005489221782105647,-0.03023929719679533,0.03384043676930343,False
2.577999999999827,thumb_ik,0.014170704346896656,0.005479543850338359,-0.030225913248579185,0.033829574253980366,False
2.578999999999827,thumb_ik,0.014177068747360952,0.005469871801099868,-0.03021252952648281,0.03381871842894792,False
2.579999999999827,thumb_ik,0.014183432578926874,0.005460205670180615,-0.030199146016722793,0.03380786928839173,False
2.5809999999998268,thumb_ik,0.014189795841080557,0.0054505454945751874,-0.030185762709045626,0.033797026829690074,False
2.5819999999998267,thumb_ik,0.014196158533023903,0.00544089131221033,-0.030172379596013175,0.03378619105273552,False
2.5829999999998265,thumb_ik,0.014202520617932035,0.005431243093447349,-0.030158996733850675,0.03377536198822034,False
2.5839999999998264,thumb_ik,0.014208882132954015,0.00542160096377034,-0.030145614049435478,0.0337645396073463,False
2.5849999999998263,thumb_ik,0.014215243081449017,0.005411964933744365,-0.030132231556462982,0.033753723926125044,False
2.585999999999826,thumb_ik,0.014221603460453827,0.005402335045173012,-0.03011884925222228,0.03374291494824932,False
2.586999999999826,thumb_ik,0.014227963266969984,0.00539271133961336,-0.030105467134969657,0.03373211267817923,False
2.587999999999826,thumb_ik,0.014234322497931981,0.005383093858497723,-0.030092085203658143,0.03372131712090662,False
2.588999999999826,thumb_ik,0.014240681150252912,0.005373482642763064,-0.03007870345771793,0.033710528281719006,False
2.5899999999998258,thumb_ik,0.01424703922079179,0.005363877733050512,-0.030065321896880354,0.03369974616606077,False
2.5909999999998257,thumb_ik,0.01425339670635159,0.005354279169693638,-0.030051940521033535,0.03368897077940178,False
2.5919999999998256,thumb_ik,0.014259753603677913,0.0053446869927087776,-0.03003855933010672,0.033678202127132274,False
2.5929999999998254,thumb_ik,0.014266109909464142,0.005335101241762591,-0.030025178323978746,0.0336674402144786,False
2.5939999999998253,thumb_ik,0.014272465618935526,0.005325521965452801,-0.03001179750224478,0.033656685047163556,False
2.5949999999998252,thumb_ik,0.014278820730333722,0.005315949190477731,-0.02999841686446477,0.03364593662864735,False
2.595999999999825,thumb_ik,0.014285175320945503,0.005306383237246234,-0.029985036005211095,0.033635194681233584,False
2.596999999999825,thumb_ik,0.014291529310472145,0.005296823741124529,-0.029971655332899978,0.03362445947774888,False
2.597999999999825,thumb_ik,0.014297882695644831,0.0052872707660095025,-0.029958274848349918,0.0336137310279712,False
2.598999999999825,thumb_ik,0.014304235551878819,0.00527772465014649,-0.029944894142205192,0.033603009052676706,False
2.5999999999998247,thumb_ik,0.014310587870304065,0.0052681854025176805,-0.029931513288550864,0.03359229361582342,False
2.6009999999998246,thumb_ik,0.014316939642130988,0.005258653038594227,-0.02991813234759507,0.03358158477000382,False
2.6019999999998245,thumb_ik,0.014323290859453608,0.005249127573471402,-0.02990475136805426,0.03357088255783914,False
2.6029999999998243,thumb_ik,0.01432964151471662,0.005239609025148598,-0.029891370389088588,0.03356018701399607,False
2.6039999999998242,thumb_ik,0.014335998304356043,0.005230110594825921,-0.02987797429731967,0.0335494895986199,False
2.604999999999824,thumb_ik,0.014342360411293234,0.005220630141958671,-0.029864565711133398,0.03353879196335437,False
2.605999999999824,thumb_ik,0.014348727128136021,0.005211165925283395,-0.029851146769736568,0.033528095441985595,False
2.606999999999824,thumb_ik,0.014355097841558279,0.005201716527583611,-0.029837719219222222,0.033517401108665794,False
2.607999999999824,thumb_ik,0.014361471948358878,0.005192280849482728,-0.029824284502019106,0.033506709820583416,False
2.6089999999998237,thumb_ik,0.014367848994869592,0.0051828579345984255,-0.02981084377511243,0.03349602226673735,False
2.6099999999998236,thumb_ik,0.014374228599856403,0.005173447014582999,-0.02979739797024989,0.033485338995612395,False
2.6109999999998235,thumb_ik,0.01438061051657219,0.0051640475323454366,-0.029783947774877896,0.03347466042848417,False
2.6119999999998234,thumb_ik,0.014386994525633343,0.005154659034346948,-0.029770493749981856,0.033463986901722975,False
2.6129999999998232,thumb_ik,0.014393380429452846,0.005145281159649906,-0.029757036353932537,0.03345331868392233,False
2.613999999999823,thumb_ik,0.014399768055931558,0.005135913595375352,-0.029743575960446626,0.03344265598660858,False
2.614999999999823,thumb_ik,0.014406157248900708,0.005126556096360757,-0.029730112875930526,0.03343199897859472,False
2.615999999999823,thumb_ik,0.014412547868305259,0.005117208462294534,-0.029716647351713824,0.033421347793422235,False
2.616999999999823,thumb_ik,0.014418939788211835,0.005107870529474798,-0.02970317959456107,0.03341070253659304,False
2.6179999999998227,thumb_ik,0.014425332895178444,0.0050985421636816075,-0.029689709775204916,0.033400063291369,False
2.6189999999998226,thumb_ik,0.014431727086961776,0.005089223253857814,-0.029676238035284463,0.03338943012342405,False
2.6199999999998225,thumb_ik,0.014438122270795176,0.005079913709728157,-0.02966276449299144,0.033378803084763084,False
2.6209999999998224,thumb_ik,0.014444518362496037,0.0050706134569054595,-0.0296492892475795,0.03336818221660373,False
2.6219999999998223,thumb_ik,0.014450976339304866,0.005061431291781826,-0.02963558762842193,0.03335741084020839,False
2.622999999999822,thumb_ik,0.01445748853303258,0.005052355306067999,-0.029621691325646404,0.033346512048689554,False
2.623999999999822,thumb_ik,0.014464048021957443,0.0050433748282302515,-0.029607627848455588,0.033335505720660075,False
2.624999999999822,thumb_ik,0.014470648652123719,0.00503448052836207,-0.029593420848136286,0.033324408833444806,False
2.625999999999822,thumb_ik,0.014477284957774117,0.005025664202745042,-0.029579090655487368,0.033313235874542206,False
2.6269999999998217,thumb_ik,0.0144839520783204,0.0050169186466618165,-0.02956465475465444,0.03330199920839913,False
2.6279999999998216,thumb_ik,0.01449064569315657,0.005008237508808133,-0.02955012818163876,0.033290709381154845,False
2.6289999999998215,thumb_ik,0.014497361961913202,0.0049996151775845155,-0.029535523868591422,0.03327937538432467,False
2.6299999999998214,thumb_ik,0.014504097471427141,0.004991046684689013,-0.029520852939604998,0.03326800488083392,False
2.6309999999998213,thumb_ik,0.014510849188807545,0.004982527622441474,-0.029506124964712013,0.03325660439855384,False
2.631999999999821,thumb_ik,0.014517614420105004,0.0049740540718182236,-0.029491348177813445,0.03324517949575897,False
2.632999999999821,thumb_ik,0.014524390772064633,0.00496562254583352,-0.029476529665272422,0.03323373490408521,False
2.633999999999821,thumb_ik,0.01453117612042154,0.004957229935072735,-0.02946167552620401,0.033222274649445944,False
2.634999999999821,thumb_ik,0.014537968580266764,0.004948873462796821,-0.029446791011196793,0.03321080215605607,False
2.6359999999998207,thumb_ik,0.014544766480049764,0.004940550646033062,-0.02943188064136041,0.03319932033539968,False
2.6369999999998206,thumb_ik,0.01455156833845192,0.004932259261782798,-0.029416948310651225,0.03318783166230666,False
2.6379999999998205,thumb_ik,0.014558372843806816,0.004923997317582834,-0.029401997373828793,0.03317633823997895,False
2.6389999999998204,thumb_ik,0.01456517883577639,0.004915763025799158,-0.029387030722065395,0.03316484185554905,False
2.6399999999998203,thumb_ik,0.014571985288957257,0.0049075547809387665,-0.029372050848074413,0.033153344027584464,False
2.64099999999982,thumb_ik,0.014578791352869519,0.004899371558114304,-0.02935705974505981,0.033141845993395924,False
2.64199999999982,thumb_ik,0.014585596200487064,0.004891212086032451,-0.029342059311566082,0.033130348878900664,False
2.64299999999982,thumb_ik,0.014592399125751734,0.004883075112423488,-0.02932705116521281,0.03311885361611751,False
2.64399999999982,thumb_ik,0.01459919950883913,0.004874959517422353,-0.029312036703366212,0.03310736099864928,False
2.6449999999998197,thumb_ik,0.014605996924469428,0.004866864503283205,-0.02929701687506711,0.03309587155566228,False
2.6459999999998196,thumb_ik,0.014612790886538815,0.004858789142458977,-0.02928199276456949,0.033084385889553536,False
2.6469999999998195,thumb_ik,0.014619584597238125,0.004850730517516472,-0.029266960263202413,0.033072901345319504,False
2.6479999999998194,thumb_ik,0.014626377292436238,0.004842688482926835,-0.029251920894812038,0.03306141891207496,False
2.6489999999998193,thumb_ik,0.014633171765026806,0.004834660461616763,-0.029236870791643596,0.03304993602673325,False
2.649999999999819,thumb_ik,0.014639966814882277,0.004826646578036484,-0.029221812146182316,0.03303845411996291,False
2.650999999999819,thumb_ik,0.014646761565325156,0.004818647036901269,-0.029206746332424018,0.03302697405067996,False
2.651999999999819,thumb_ik,0.014653555254780834,0.0048106619171382065,-0.029191674522565464,0.033015496529922375,False
2.652999999999819,thumb_ik,0.014660347180547387,0.004802691243829316,-0.029176597794213478,0.03300402220158993,False
2.6539999999998187,thumb_ik,0.014667136776068415,0.004794734927197897,-0.029161516996636314,0.032992551549934704,False
2.6549999999998186,thumb_ik,0.014673923551995732,0.004786792832683295,-0.029146432859496592,0.032981084980121346,False
2.6559999999998185,thumb_ik,0.014680707108795432,0.004778864700015206,-0.029131345992572832,0.032969622812132345,False
2.6569999999998184,thumb_ik,0.014687487061354268,0.004770950469531257,-0.02911625696147093,0.03295816536166074,False
2.6579999999998183,thumb_ik,0.014694263099959887,0.004763049942485026,-0.029101166237248642,0.03294671287356949,False
2.658999999999818,thumb_ik,0.014701034960839757,0.004755162917803646,-0.029086074230096445,0.032935265558567586,False
2.659999999999818,thumb_ik,0.014707803010533121,0.004747298925610502,-0.029070978502741568,0.03292382279736987,False
2.660999999999818,thumb_ik,0.014714566956996106,0.004739455945766691,-0.029055879763127748,0.03291238478450204,False
2.661999999999818,thumb_ik,0.014721326574358484,0.00473163221779499,-0.029040778605933758,0.03290095168216641,False
2.6629999999998177,thumb_ik,0.014728081631714907,0.004723826489214239,-0.02902567558381404,0.03288952368684409,False
2.6639999999998176,thumb_ik,0.014734831954894695,0.004716037615441884,-0.02901057115894698,0.03287810095637482,False
2.6649999999998175,thumb_ik,0.014741577399890196,0.004708264646662311,-0.028995465735116153,0.032866683638850126,False
2.6659999999998174,thumb_ik,0.014748317848587322,0.004700506792335607,-0.02898035966525555,0.032855271872187015,False
2.6669999999998173,thumb_ik,0.014755053226932824,0.004692763297116848,-0.028965253241820567,0.0328438657660024,False
2.667999999999817,thumb_ik,0.014761783348820001,0.0046850335295247625,-0.028950146944262296,0.03283246556237667,False
2.668999999999817,thumb_ik,0.014768508243277925,0.004677317319416022,-0.02893504065822336,0.03282107114235177,False
2.669999999999817,thumb_ik,0.01477522787070297,0.0046696142624528675,-0.028919934625026754,0.03280968263648892,False
2.670999999999817,thumb_ik,0.014781942225694067,0.00466192391885209,-0.028904829040262175,0.032798300145521354,False
2.6719999999998167,thumb_ik,0.014788651292642993,0.004654246021932484,-0.02888972409424751,0.032786923785707786,False
2.6729999999998166,thumb_ik,0.014795355044852257,0.0046465804401037425,-0.028874619971999117,0.03277555368284356,False
2.6739999999998165,thumb_ik,0.01480205348570636,0.004638926952203581,-0.028859516819905215,0.03276418992955548,False
2.6749999999998164,thumb_ik,0.014808746626034944,0.004631285369845681,-0.02884441476792511,0.03275283261208325,False
2.6759999999998163,thumb_ik,0.014815434557684679,0.004623655683483621,-0.028829313796587652,0.03274148174708297,False
2.676999999999816,thumb_ik,0.014822117296728957,0.004616037729298569,-0.028814214041308316,0.032730137431648966,False
2.677999999999816,thumb_ik,0.014828794885706889,0.004608431271135249,-0.028799115612396557,0.03271879974264532,False
2.678999999999816,thumb_ik,0.014835467284016385,0.004600836040664372,-0.028784018901401483,0.032707468962370576,False
2.679999999999816,thumb_ik,0.01484213402259997,0.004593323007712688,-0.028768919462014833,0.03269615092958035,False
2.6809999999998158,thumb_ik,0.014848795082171642,0.004585878030529442,-0.028753818009526304,0.03268484423747766,False
2.6819999999998156,thumb_ik,0.014855450462641473,0.004578489723489412,-0.02873871514492808,0.03267354778375638,False
2.6829999999998155,thumb_ik,0.014862100178323623,0.004571148924185128,-0.0287236113763681,0.03266226071015643,False
2.6839999999998154,thumb_ik,0.01486874428415802,0.0045638481699700195,-0.02870850712176011,0.03265098234152185,False
2.6849999999998153,thumb_ik,0.014875382793715877,0.004556581583879754,-0.028693402695116124,0.032639712119046455,False
2.685999999999815,thumb_ik,0.014882015731938814,0.004549344491737564,-0.028678298438253612,0.032628449685262656,False
2.686999999999815,thumb_ik,0.01488864314940784,0.0045421330308517,-0.028663194632815504,0.03261719475765852,False
2.687999999999815,thumb_ik,0.014895265100858326,0.004534944092161167,-0.028648091523628294,0.03260594713070085,False
2.688999999999815,thumb_ik,0.014901898528660626,0.0045278076403544865,-0.028632953350105517,0.03259468728697775,False
2.6899999999998148,thumb_ik,0.014908547221971352,0.004520723452443795,-0.028617773516168427,0.03258341114472112,False
2.6909999999998147,thumb_ik,0.014915203342218686,0.004513676321631466,-0.028602571616161997,0.03257213023021159,False
2.6919999999998145,thumb_ik,0.01492186003034894,0.004506653474994182,-0.028587363213054377,0.032560853302456574,False
2.6929999999998144,thumb_ik,0.0149285167132166,0.004499652590776157,-0.028572149490271023,0.03254958081433401,False
2.6939999999998143,thumb_ik,0.01493517287148377,0.004492671863200626,-0.028556931461970136,0.032538313166099425,False
2.694999999999814,thumb_ik,0.014941828031496879,0.004485709897002255,-0.02854171000071217,0.032527050711179506,False
2.695999999999814,thumb_ik,0.014948481795690152,0.004478765437692253,-0.028526485836921626,0.03251579373237007,False
2.696999999999814,thumb_ik,0.014955133816215535,0.004471837446095764,-0.028511259594811232,0.03250454247159823,False
2.697999999999814,thumb_ik,0.014961783788972158,0.004464925057973468,-0.02849603180989009,0.032493297136971765,False
2.6989999999998138,thumb_ik,0.014968431603815543,0.004458027504049014,-0.028480802888983775,0.03248205792597057,False
2.6999999999998137,thumb_ik,0.014975077009149518,0.004451144202129234,-0.028465573234100178,0.032470824992353174,False
2.7009999999998136,thumb_ik,0.014981719786213238,0.004444274656515576,-0.02845034319384713,0.0324595984698339,False
2.7019999999998134,thumb_ik,0.01498835974471327,0.004437418445145086,-0.02843511307229661,0.03244837847610491,False
2.7029999999998133,thumb_ik,0.014994996700742627,0.004430575301670195,-0.02841988314713665,0.0324371651297698,False
2.703999999999813,thumb_ik,0.015001630382786055,0.004423744552903119,-0.028404653992473508,0.03242595871278459,False
2.704999999999813,thumb_ik,0.015008261014769375,0.004416926677630814,-0.028389424950954617,0.03241475881460323,False
2.705999999999813,thumb_ik,0.015014888468224644,0.004410121357031074,-0.02837419628746695,0.03240356556085565,False
2.706999999999813,thumb_ik,0.01502151265047219,0.004403328222167963,-0.028358968224212085,0.032392379049435496,False
2.707999999999813,thumb_ik,0.01502813346612808,0.004396547056221972,-0.02834374096844309,0.032381199384512185,False
2.7089999999998127,thumb_ik,0.015034750833889846,0.004389777665686365,-0.028328514703310714,0.03237002665873171,False
2.7099999999998126,thumb_ik,0.015041364684915182,0.004383019876727193,-0.028313289591256,0.03235886095496448,False
2.7109999999998124,thumb_ik,0.015047975078969128,0.004376273487751339,-0.02829806575985286,0.03234770238155761,False
2.7119999999998123,thumb_ik,0.015054581932273298,0.00436953846155573,-0.02828284334345088,0.032336551008305264,False
2.7129999999998122,thumb_ik,0.015061185191408005,0.004362814650068714,-0.028267622453938816,0.032325406884355964,False
2.713999999999812,thumb_ik,0.01506778481189075,0.004356101921538055,-0.028252403188836796,0.03231427005260785,False
2.714999999999812,thumb_ik,0.015074380757891276,0.0043494001556948075,-0.028237185636496014,0.032303140553484544,False
2.715999999999812,thumb_ik,0.015080973017900762,0.004342709150243332,-0.028221969867641215,0.03229201841229976,False
2.716999999999812,thumb_ik,0.015087561569854996,0.004336028827956584,-0.028206755957952252,0.032280903670630266,False
2.7179999999998117,thumb_ik,0.015094146397737457,0.004329359113198872,-0.028191543976389406,0.03226979636719244,False
2.7189999999998116,thumb_ik,0.015100727490896887,0.004322699932116744,-0.02817633398592803,0.032258696538205234,False
2.7199999999998115,thumb_ik,0.015107304843653357,0.0043160512116111605,-0.028161126044074523,0.032247604217531804,False
2.7209999999998113,thumb_ik,0.015113878454337842,0.004309412881989438,-0.028145920203640797,0.032236519437272834,False
2.7219999999998112,thumb_ik,0.015120510648508362,0.004302636188354622,-0.02813058611421114,0.0322253377883001,False
2.722999999999811,thumb_ik,0.015127131424305967,0.004295904387144542,-0.028115274030125995,0.03221418217836346,False
2.723999999999811,thumb_ik,0.015133741464359973,0.004289209297382968,-0.028099981566348416,0.03220304971793767,False
2.724999999999811,thumb_ik,0.015140341765375015,0.004282545134602911,-0.02808470564178918,0.03219193738482067,False
2.725999999999811,thumb_ik,0.015146933067111734,0.004275907172324386,-0.028069444052382243,0.03218084294880597,False
2.7269999999998107,thumb_ik,0.015153516022924682,0.0042692916760909555,-0.02805419496118724,0.03216976459647907,False
2.7279999999998106,thumb_ik,0.015160091210434087,0.00426269569908716,-0.028038956838355174,0.03215870085552029,False
2.7289999999998105,thumb_ik,0.015166659124582371,0.00425611701143129,-0.028023728417888395,0.03214765054332647,False
2.7299999999998104,thumb_ik,0.015173220235002921,0.0042495536692332275,-0.028008508629839432,0.03213661267706019,False
2.7309999999998102,thumb_ik,0.01517977515106908,0.004243004264791295,-0.027993296231460192,0.03212558626282694,False
2.73199999999981,thumb_ik,0.015186324221261233,0.0042364675883875685,-0.027978090536502034,0.03211457069695045,False
2.73299999999981,thumb_ik,0.015192867740603314,0.004229942788602531,-0.02796289098056204,0.03210356550554958,False
2.73399999999981,thumb_ik,0.015199405236858407,0.004223486553931996,-0.027947693217260136,0.03209257413158956,False
2.73499999999981,thumb_ik,0.015205936833432396,0.004217087112628637,-0.027932497453531657,0.032081595232927355,False
2.7359999999998097,thumb_ik,0.015212462721050882,0.004210735041436223,-0.027917303761309714,0.03207062769778258,False
2.7369999999998096,thumb_ik,0.015219001491555528,0.0042044074928055675,-0.027902082588510797,0.03205965161291692,False
2.7379999999998095,thumb_ik,0.0152255437515455,0.004198110433010507,-0.02788685065915282,0.032048677873258206,False
2.7389999999998094,thumb_ik,0.01523208856625878,0.004191840048856518,-0.027871609778523557,0.03203770710790394,False
2.7399999999998093,thumb_ik,0.015238635123034597,0.0041855932145144215,-0.027856361470753516,0.03202673984906446,False
2.740999999999809,thumb_ik,0.015245182717572026,0.004179367360673161,-0.02784110702052952,0.03201577654463804,False
2.741999999999809,thumb_ik,0.0152517307355199,0.004173160378032698,-0.027825847521506776,0.03200481757891661,False
2.742999999999809,thumb_ik,0.015258278431817318,0.004166970673768214,-0.02781058418301908,0.03199386344128662,False
2.743999999999809,thumb_ik,0.015264825352183348,0.004160796863642763,-0.027795317758968964,0.031982914390268034,False
2.7449999999998087,thumb_ik,0.015271371116878082,0.00415463770382328,-0.027780048889523026,0.03197197063904159,False
2.7459999999998086,thumb_ik,0.015277915411801332,0.004148492077248406,-0.027764778121255176,0.031961032367050966,False
2.7469999999998085,thumb_ik,0.015284457954412481,0.004142359165486817,-0.027749505922455515,0.031950099739382495,False
2.7479999999998084,thumb_ik,0.0152909984978475,0.0041362382785682245,-0.027734232709451717,0.031939172909458524,False
2.7489999999998083,thumb_ik,0.015297536829195268,0.004130128839929456,-0.027718958845307312,0.03192825201514864,False
2.749999999999808,thumb_ik,0.015304072765247229,0.004124030366105105,-0.027703684648361628,0.031917337181544554,False
2.750999999999808,thumb_ik,0.015310606148993738,0.004117942448994577,-0.027688410399313267,0.031906428523161834,False
2.751999999999808,thumb_ik,0.015317136831361641,0.004111864835663864,-0.027673136350940167,0.03189552615391617,False
2.752999999999808,thumb_ik,0.015323664712859078,0.00410579712138362,-0.02765786272028945,0.03188463016076024,False
2.7539999999998077,thumb_ik,0.015330189694642768,0.004099739144825559,-0.027642589681542838,0.03187374062502682,False
2.7549999999998076,thumb_ik,0.01533671169592718,0.004093690682188594,-0.02762731742082241,0.0318628576388921,False
2.7559999999998075,thumb_ik,0.015343230649276715,0.004087651541579557,-0.02761204610716019,0.03185198129012107,False
2.7569999999998074,thumb_ik,0.01534974648364515,0.0040816216479654666,-0.027596775896947853,0.03184111166865377,False
2.7579999999998073,thumb_ik,0.01535625916856935,0.004075600744202157,-0.027581506927542875,0.03183024884402425,False
2.758999999999807,thumb_ik,0.015362768667816162,0.004069588711363967,-0.02756623933068962,0.031819392895801046,False
2.759999999999807,thumb_ik,0.015369274953272963,0.004063585444073814,-0.02755097322868913,0.03180854390094802,False
2.760999999999807,thumb_ik,0.015375778003612159,0.004057590850972792,-0.02753570873569755,0.031797701934376206,False
2.761999999999807,thumb_ik,0.01538227780344227,0.004051604852603044,-0.02752044595869614,0.03178686706911243,False
2.7629999999998067,thumb_ik,0.015388774343122427,0.004045627377740335,-0.027505184997574622,0.031776039375823247,False
2.7639999999998066,thumb_ik,0.015395267603776741,0.004039658452629741,-0.02748992594957108,0.03176521893075352,False
2.7649999999998065,thumb_ik,0.015401757201230437,0.0040336980057417565,-0.027474668822140606,0.031754405542750816,False
2.7659999999998064,thumb_ik,0.015408255823232728,0.004027771664440322,-0.027459385249276817,0.03174358408187795,False
2.7669999999998063,thumb_ik,0.01541476206035819,0.0040218753475353836,-0.027444079781913766,0.03173275729848604,False
2.767999999999806,thumb_ik,0.015421274669051993,0.004016005688325289,-0.027428756243505763,0.031721927481990465,False
2.768999999999806,thumb_ik,0.015427792549896041,0.004010159919811601,-0.027413417847125532,0.03171109653742979,False
2.769999999999806,thumb_ik,0.01543431494402571,0.0040043363314087865,-0.027398066812386365,0.031700265808071754,False
2.770999999999806,thumb_ik,0.015440840973574205,0.003998532896879431,-0.027382705497904877,0.03168943665771964,False
2.7719999999998057,thumb_ik,0.015447369861768215,0.003992747926908333,-0.027367335891177222,0.031678610219430595,False
2.7729999999998056,thumb_ik,0.01545390092105789,0.003986980007399082,-0.02735195966876737,0.03166778743422329,False
2.7739999999998055,thumb_ik,0.015460433529223466,0.003981228042350932,-0.02733657824807207,0.03165696908975503,False
2.7749999999998054,thumb_ik,0.015466967159680406,0.003975490921277511,-0.027321192824248088,0.03164615582536901,False
2.7759999999998053,thumb_ik,0.015473501333767833,0.003969767804422708,-0.027305804412906767,0.031635348181789695,False
2.776999999999805,thumb_ik,0.01548003562701808,0.003964057978121549,-0.02729041387654281,0.03162454660893431,False
2.777999999999805,thumb_ik,0.015486569665175545,0.00395836081306794,-0.027275021948628256,0.03161375147967923,False
2.778999999999805,thumb_ik,0.015493103114160425,0.003952675790757754,-0.027259629256017208,0.03160296310772709,False
2.779999999999805,thumb_ik,0.015499635677615198,0.0039470024638983275,-0.027244236335385107,0.03159218175573095,False
2.7809999999998047,thumb_ik,0.015506167092669235,0.003941340444688787,-0.02722884364770496,0.03158140764433848,False
2.7819999999998046,thumb_ik,0.015512697126385255,0.003935689394099731,-0.02721345159025404,0.03157064095955118,False
2.7829999999998045,thumb_ik,0.015519225572103515,0.003930049016368842,-0.027198060506963724,0.03155988185924265,False
2.7839999999998044,thumb_ik,0.015525752246709254,0.00392441905110158,-0.027182670696723144,0.03154913047805498,False
2.7849999999998043,thumb_ik,0.015532276987896318,0.003918799269094886,-0.02716728242043822,0.031538386931674926,False
2.785999999999804,thumb_ik,0.01553879965222818,0.0039131894651766586,-0.02715189590691021,0.0315276513201054,False
2.786999999999804,thumb_ik,0.015545320112954009,0.003907589456117064,-0.027136511357785387,0.0315169237306401,False
2.787999999999804,thumb_ik,0.015551838258555314,0.003901999077404114,-0.027121128951426134,0.0315062042401209,False
2.788999999999804,thumb_ik,0.015558353990474408,0.0038964181809326287,-0.027105748846896323,0.03149549291699742,False
2.7899999999998037,thumb_ik,0.015564867222084763,0.00389084663275005,-0.027090371186560706,0.031484789822807294,False
2.7909999999998036,thumb_ik,0.015571377877445197,0.0038852843112790747,-0.0270749960985038,0.031474095013449666,False
2.7919999999998035,thumb_ik,0.015577885889408796,0.003879731104908024,-0.027059623699268183,0.031463408540331875,False
2.7929999999998034,thumb_ik,0.015584391200340164,0.0038741869127266737,-0.027044254094084785,0.03145273045103404,False
2.7939999999998033,thumb_ik,0.01559089376030326,0.003868651642368534,-0.027028887379077153,0.03144206079006114,False
2.794999999999803,thumb_ik,0.015597393526048331,0.003863125210912949,-0.02701352364244275,0.03143139959948362,False
2.795999999999803,thumb_ik,0.015603890460660505,0.0038576075411071165,-0.026998162965455354,0.03142074691917402,False
2.796999999999803,thumb_ik,0.015610384532853447,0.0038520985615895925,-0.02698280542335247,0.03141010278726019,False
2.797999999999803,thumb_ik,0.015616875716405881,0.003846598206480631,-0.026967451086055354,0.03139946724042553,False
2.7989999999998028,thumb_ik,0.015623363744331473,0.003841105744266396,-0.026952100578686265,0.03138884059072504,False
2.7999999999998026,thumb_ik,0.0156298486255861,0.0038356212338382795,-0.02693675386878574,0.0313782228192699,False
2.8009999999998025,thumb_ik,0.01563633036995339,0.003830144717950415,-0.02692141093497586,0.03136761391512922,False
2.8019999999998024,thumb_ik,0.015642809002068936,0.003824676220052864,-0.02690607175140286,0.031357013868592236,False
2.8029999999998023,thumb_ik,0.015649284525828006,0.0038192158229059386,-0.0268907363148543,0.031346422686285576,False
2.803999999999802,thumb_ik,0.015655757336425408,0.0038137644357044975,-0.026875403652704168,0.031335839839453275,False
2.804999999999802,thumb_ik,0.01566222740552521,0.0038083219110456312,-0.026860073933642134,0.03132526543864005,False
2.805999999999802,thumb_ik,0.015668694710193817,0.0038028881219928645,-0.026844747304942386,0.03131469958112103,False
2.806999999999802,thumb_ik,0.015675159232181185,0.003797462959732781,-0.026829423895591946,0.03130414235295607,False
2.8079999999998018,thumb_ik,0.015681620957391743,0.003792046330695492,-0.026814103818930173,0.0312935938306519,False
2.8089999999998017,thumb_ik,0.015688079875406588,0.003786638154270716,-0.026798787174892327,0.03128305408258102,False
2.8099999999998015,thumb_ik,0.01569453597907887,0.003781238360760053,-0.02678347405191491,0.031272523170174225,False
2.8109999999998014,thumb_ik,0.0157009892642756,0.003775846888864773,-0.026768164528579344,0.03126200114890505,False
2.8119999999998013,thumb_ik,0.01570743990680168,0.003770463586980591,-0.026752858463970235,0.03125148796585142,False
2.812999999999801,thumb_ik,0.015713888429536915,0.0037650881782942958,-0.026737555795313603,0.03124098379490911,False
2.813999999999801,thumb_ik,0.015720334734977207,0.0037597207362223967,-0.0267222566084064,0.03123048866796085,False
2.814999999999801,thumb_ik,0.0157267787396361,0.003754361315328636,-0.02670696097701756,0.031220002611137703,False
2.815999999999801,thumb_ik,0.015733220372772375,0.0037490099547763667,-0.026691668964753966,0.031209525646238877,False
2.8169999999998008,thumb_ik,0.015739659574755857,0.003743666683236224,-0.026676380627148874,0.031199057792326044,False
2.8179999999998007,thumb_ik,0.015746096291660766,0.003738331496951075,-0.026661096011834036,0.031188599060547464,False
2.8189999999998006,thumb_ik,0.015752530467222692,0.0037330043798663726,-0.026645815138464396,0.031178149435367376,False
2.8199999999998004,thumb_ik,0.015758962071661192,0.0037276853464448395,-0.026630538052421694,0.03116770894017774,False
2.8209999999998003,thumb_ik,0.015765391081698082,0.0037223744048421464,-0.026615264795485954,0.031157277597738595,False
2.8219999999998002,thumb_ik,0.015771817479766775,0.0037170715583960956,-0.026599995406464835,0.031146855430512793,False
2.8229999999998,thumb_ik,0.015778241253412734,0.003711776805872327,-0.02658472992172075,0.031136442460858334,False
2.8239999999998,thumb_ik,0.015784675036022933,0.003706480710850696,-0.026569445349317787,0.031126024343355166,False
2.8249999999998,thumb_ik,0.01579111744121872,0.003701185906444318,-0.02655414526392768,0.031115603768112825,False
2.8259999999998,thumb_ik,0.015797567056511724,0.003695894406009731,-0.0265388325553005,0.031105182747632847,False
2.8269999999997997,thumb_ik,0.01580402264748472,0.003690607744707697,-0.02652350967146943,0.031094762945873034,False
2.8279999999997996,thumb_ik,0.01581048290910697,0.0036853270361734136,-0.02650817852160821,0.031084345476721318,False
2.8289999999997995,thumb_ik,0.015816947145975452,0.003680053114082066,-0.02649284104463974,0.031073931752476934,False
2.8299999999997993,thumb_ik,0.015823414531750457,0.0036747865942374225,-0.026477498746732518,0.031063522721031186,False
2.8309999999997992,thumb_ik,0.015829883925554455,0.0036695280387177426,-0.026462152992472836,0.031053119040130285,False
2.831999999999799,thumb_ik,0.0158363547558837,0.0036642776942355515,-0.026446804876581194,0.03104272138770426,False
2.832999999999799,thumb_ik,0.01584282652206681,0.003659035711977149,-0.026431455335131596,0.03103233032955927,False
2.833999999999799,thumb_ik,0.01584929878528986,0.003653802171598969,-0.02641610516959169,0.031021946338447248,False
2.834999999999799,thumb_ik,0.015855771160556975,0.00364857709992715,-0.02640075506714873,0.031011569809760397,False
2.8359999999997987,thumb_ik,0.015862243182746052,0.0036433604834088112,-0.026385405651893866,0.031001201038276423,False
2.8369999999997986,thumb_ik,0.015868714574910944,0.0036381522765578933,-0.026370057431177547,0.03099084031082437,False
2.8379999999997985,thumb_ik,0.015875198248894273,0.0036329812122365968,-0.0263546776589098,0.030980469758142778,False
2.8389999999997984,thumb_ik,0.015881692453510454,0.0036278426031156608,-0.026339271965452847,0.030970092747858575,False
2.8399999999997982,thumb_ik,0.015888195631610494,0.0036227326208816413,-0.026323845090185836,0.030959712085270232,False
2.840999999999798,thumb_ik,0.01589470641017604,0.0036176480355684243,-0.026308401018914927,0.03094933009528619,False
2.841999999999798,thumb_ik,0.015901223571970033,0.003612586161691425,-0.02629294310693376,0.030938948706862604,False
2.842999999999798,thumb_ik,0.015907746037167894,0.0036075447603401423,-0.026277474180162345,0.030928569518650344,False
2.843999999999798,thumb_ik,0.015914272847268998,0.003602521959429894,-0.026261996620153556,0.030918193854144432,False
2.8449999999997977,thumb_ik,0.01592080315090151,0.0035975161896739105,-0.026246512435303015,0.030907822807846513,False
2.8459999999997976,thumb_ik,0.015927336191650723,0.003592526129110804,-0.026231023321283783,0.03089745728424824,False
2.8469999999997975,thumb_ik,0.015933871288414878,0.003587550660874045,-0.026215530715879114,0.030887098029684028,False
2.8479999999997974,thumb_ik,0.015940407844506885,0.0035825888374756143,-0.026200035831324332,0.03087674566061489,False
2.8489999999997973,thumb_ik,0.015946945329040743,0.0035776398522086306,-0.026184539694959423,0.030866400685477267,False
2.849999999999797,thumb_ik,0.01595348326971001,0.00357270301699239,-0.026169043178200388,0.03085606352318876,False
2.850999999999797,thumb_ik,0.015960021245861766,0.0035677777391907167,-0.026153547022936617,0.03084573451946931,False
2.851999999999797,thumb_ik,0.015966558882945,0.003562863507611591,-0.026138051861558154,0.030835413959503184,False
2.852999999999797,thumb_ik,0.01597309584741366,0.003557959879327749,-0.026122558234421514,0.03082510207873305,False
2.8539999999997967,thumb_ik,0.015979631842305345,0.0035530664678766755,-0.026107066604551928,0.030814799071797936,False
2.8549999999997966,thumb_ik,0.01598616660308455,0.00354818293641887,-0.026091577369761143,0.03080450509997039,False
2.8559999999997965,thumb_ik,0.015992699894111714,0.0035433089901323045,-0.026076090872881832,0.030794220297215912,False
2.8569999999997964,thumb_ik,0.015999231510577805,0.0035384443807441462,-0.026060607398818353,0.03078394476931167,False
2.8579999999997963,thumb_ik,0.01600576146615071,0.0035335894937281453,-0.026045126614307808,0.030773678284807385,False
2.858999999999796,thumb_ik,0.016012289575353222,0.0035287440116828217,-0.02602964884735011,0.030763420987616245,False
2.859999999999796,thumb_ik,0.016018816185743245,0.003523907446876043,-0.02601417417778549,0.03075317306944016,False
2.860999999999796,thumb_ik,0.016025341075108154,0.0035190796349821307,-0.025998702868920642,0.03074293461784865,False
2.861999999999796,thumb_ik,0.016031864046923555,0.003514260425814514,-0.025983235147684518,0.030732705704173757,False
2.8629999999997957,thumb_ik,0.016038384927525892,0.003509449681787402,-0.025967771210735714,0.03072248638710093,False
2.8639999999997956,thumb_ik,0.01604490355945619,0.0035046472797698874,-0.025952311232383486,0.030712276716165905,False
2.8649999999997955,thumb_ik,0.016051419808226122,0.003499853103702974,-0.025936855361995158,0.030702076732307054,False
2.8659999999997954,thumb_ik,0.0160579335555327,0.0034950670472006506,-0.025921403731017485,0.030691886470608776,False
2.8669999999997953,thumb_ik,0.016064444697538316,0.0034902890126124464,-0.025905956455791752,0.03068170596171615,False
2.867999999999795,thumb_ik,0.016070952885803444,0.003485518171774629,-0.025890514278577234,0.03067153555322421,False
2.868999999999795,thumb_ik,0.01607745806936281,0.003480754570812053,-0.025875077184690044,0.030661375208362974,False
2.869999999999795,thumb_ik,0.016083960204254052,0.0034759982400306005,-0.02585964516776197,0.030651224899166413,False
2.870999999999795,thumb_ik,0.016090447010942158,0.0034710227101137497,-0.025844453643610293,0.030641251080900468,False
2.8719999999997947,thumb_ik,0.01609692050884938,0.0034658662273921587,-0.02582946362015414,0.030631426174425172,False
2.8729999999997946,thumb_ik,0.016103382386258053,0.003460560091694445,-0.02581464214409329,0.03062172675493451,False
2.8739999999997945,thumb_ik,0.016109834048033095,0.0034551300059399714,-0.025799961379837602,0.03061213294780723,False
2.8749999999997944,thumb_ik,0.016116276662666712,0.0034495971171639855,-0.025785397826523018,0.030602627906936682,False
2.8759999999997943,thumb_ik,0.0161227112018104,0.0034439788585337305,-0.0257709316546817,0.030593197368455706,False
2.876999999999794,thumb_ik,0.016129138470445933,0.003438289634130065,-0.0257565461456582,0.030583829269082794,False
2.877999999999794,thumb_ik,0.01613555914103504,0.0034325413662886634,-0.02574222721170101,0.030574513419578113,False
2.878999999999794,thumb_ik,0.016141973773305715,0.003426743947422123,-0.0257279629940787,0.03056524122600649,False
2.879999999999794,thumb_ik,0.016148382833653607,0.003420905606365418,-0.025713743520350725,0.030556005451306618,False
2.8809999999997937,thumb_ik,0.016154786711333927,0.0034150332048676624,-0.025699560414112844,0.030546800011747154,False
2.8819999999997936,thumb_ik,0.016161185731950897,0.0034091324778496024,-0.025685406649289755,0.0305376198033429,False
2.8829999999997935,thumb_ik,0.01616758016865974,0.0034032082312827755,-0.02567127634146149,0.030528460553640616,False
2.8839999999997934,thumb_ik,0.01617397025146944,0.0033972645024667875,-0.025657164571290046,0.030519318695432906,False
2.8849999999997933,thumb_ik,0.0161803561885034,0.003391304687025906,-0.025643067227607196,0.030510191259752312,False
2.885999999999793,thumb_ik,0.016186738143237206,0.003385331659284077,-0.025628980895093204,0.030501075782374196,False
2.886999999999793,thumb_ik,0.016193116255579038,0.0033793478539947686,-0.025614902738674353,0.03049197022654889,False
2.887999999999793,thumb_ik,0.016199490646172196,0.0033733553375480396,-0.025600830412783715,0.030482872916654295,False
2.888999999999793,thumb_ik,0.01620586142449891,0.003367355877985312,-0.025586761974353917,0.030473782476931013,False
2.8899999999997927,thumb_ik,0.016212228682114554,0.003361350973287186,-0.02557269583893388,0.03046469779396183,False
2.8909999999997926,thumb_ik,0.01621859222574787,0.0033553420263089245,-0.02555863070107716,0.030455617826809032,False
2.8919999999997925,thumb_ik,0.01622495216856798,0.003349330087786609,-0.025544565518598725,0.03044654187987947,False
2.8929999999997924,thumb_ik,0.01623130887483336,0.0033433159495187686,-0.025530499483977294,0.0304374695602298,False
2.8939999999997923,thumb_ik,0.016237662396894767,0.003337300433536944,-0.02551643192504284,0.030428400425992846,False
2.894999999999792,thumb_ik,0.016244012541329664,0.0033312844244769296,-0.025502362305772366,0.03041933402516428,False
2.895999999999792,thumb_ik,0.016250359389046176,0.003325268479115878,-0.02548829022063246,0.030410270125445303,False
2.896999999999792,thumb_ik,0.01625670301413358,0.003319253080531298,-0.02547421536446938,0.030401208567057397,False
2.897999999999792,thumb_ik,0.016263043484791878,0.0033132386481764253,-0.025460137515201993,0.030392149249781553,False
2.8989999999997917,thumb_ik,0.016269380864124203,0.0033072255465099454,-0.025446056519272953,0.03038309212209074,False
2.8999999999997916,thumb_ik,0.01627572727200456,0.0033012645664705492,-0.025431932815755877,0.030374016078148568,False
2.9009999999997915,thumb_ik,0.016282081100834678,0.0032953489692187504,-0.025417771894257174,0.03036492413742506,False
2.9019999999997914,thumb_ik,0.016288440940066623,0.003289473245454144,-0.025403578436162505,0.030355818879629286,False
2.9029999999997913,thumb_ik,0.016294805552566377,0.0032836328838408008,-0.02538935643640243,0.030346702508946145,False
2.903999999999791,thumb_ik,0.016301173853780063,0.0032778241795185514,-0.025375109307840656,0.030337576909632395,False
2.904999999999791,thumb_ik,0.016307544893468834,0.0032720440816339375,-0.025360839969350513,0.03032844369359667,False
2.905999999999791,thumb_ik,0.01631391783970554,0.00326629007221306,-0.025346550919899555,0.03031930424088853,False
2.906999999999791,thumb_ik,0.01632029274077322,0.003260561927608971,-0.025332240384910755,0.03031015707889373,False
2.9079999999997908,thumb_ik,0.01632668210776246,0.0032548486317616337,-0.02531788652876297,0.030300989530821082,False
2.9089999999997906,thumb_ik,0.016333089681037374,0.0032491439715292836,-0.025303482681160616,0.030291797418976807,False
2.9099999999997905,thumb_ik,0.01633952568609391,0.0032434974656505716,-0.025288999589384444,0.03028256719117603,False
2.9109999999997904,thumb_ik,0.016345966819448388,0.0032378616950003575,-0.02527449837942177,0.03027333229015022,False
2.9119999999997903,thumb_ik,0.01635241179191689,0.0032322375006386544,-0.025259980952839503,0.03026409371533818,False
2.91299999999979,thumb_ik,0.016358872822131693,0.0032266531781692115,-0.025245415998320787,0.03025483498006789,False
2.91399999999979,thumb_ik,0.016365347360682972,0.003221104518131221,-0.02523081048572546,0.03024556010919838,False
2.91499999999979,thumb_ik,0.016371833162351426,0.003215587963135369,-0.025216170266788025,0.030236272421847496,False
2.91599999999979,thumb_ik,0.016378328250453864,0.0032101004972185793,-0.02520150025841287,0.030226974654381837,False
2.9169999999997898,thumb_ik,0.016384830884410423,0.0032046395531145633,-0.025186804595889303,0.030217669061786127,False
2.9179999999997897,thumb_ik,0.016391339531411336,0.003199202937835932,-0.025172086760771498,0.030208357501911184,False
2.9189999999997895,thumb_ik,0.016397852841593022,0.003193788770687253,-0.025157349688072365,0.03019904150555549,False
2.9199999999997894,thumb_ik,0.016404369626278004,0.0031883954319807534,-0.0251425958560055,0.03018972233467299,False
2.9209999999997893,thumb_ik,0.01641088883889033,0.0031830215207324652,-0.025127827361044457,0.03018040103064099,False
2.921999999999789,thumb_ik,0.016417409558176638,0.0031776658189831275,-0.02511304598091152,0.030171078454331385,False
2.922999999999789,thumb_ik,0.016423930973438375,0.0031723272669503116,-0.025098253228920585,0.030161755321133542,False
2.923999999999789,thumb_ik,0.01643045237180832,0.003167004932123421,-0.025083450393244597,0.030152432223830936,False
2.924999999999789,thumb_ik,0.016436973126739335,0.003161697993362994,-0.025068638575854153,0.030143109657385876,False
2.9259999999997888,thumb_ik,0.01644349268793148,0.0031564057227803366,-0.02505381872350708,0.03013378803760341,False
2.9269999999997887,thumb_ik,0.016450010638577595,0.0031511274674015655,-0.025038991704481192,0.030124467794505623,False
2.9279999999997885,thumb_ik,0.016456526371128877,0.0031458626772284115,-0.025024158197482153,0.03011514910606043,False
2.9289999999997884,thumb_ik,0.01646303953293099,0.003140610821424125,-0.02500931881966522,0.030105832239254837,False
2.9299999999997883,thumb_ik,0.016469549815845877,0.0031353714219646417,-0.024994474112657435,0.030096517427413493,False
2.930999999999788,thumb_ik,0.016476056870093125,0.003130142217456111,-0.024979625173499477,0.03008720515595579,False
2.931999999999788,thumb_ik,0.016482560471722488,0.0031249234767171397,-0.024964772415586985,0.03007789567442143,False
2.932999999999788,thumb_ik,0.0164890601503246,0.0031197161144454616,-0.024949916076861443,0.030068589017747116,False
2.933999999999788,thumb_ik,0.016495555781051857,0.003114519876115482,-0.024935056469392695,0.03005928534939436,False
2.934999999999788,thumb_ik,0.016502047257357308,0.0031093345046601245,-0.024920193874675506,0.030049984816923593,False
2.9359999999997877,thumb_ik,0.016508534899020877,0.003104159637005305,-0.02490532841310738,0.030040687657391214,False
2.9369999999997876,thumb_ik,0.016515018476650503,0.0030989932360979966,-0.024890460966005758,0.030031394264365165,False
2.9379999999997874,thumb_ik,0.01652149797493166,0.0030938375887908237,-0.024875591107728613,0.030022104511849147,False
2.9389999999997873,thumb_ik,0.01652797329345161,0.0030886923319496107,-0.024860719034146044,0.03001281846820197,False
2.9399999999997872,thumb_ik,0.016534444037785145,0.0030835571915144855,-0.024845845119045945,0.030003536196115427,False
2.940999999999787,thumb_ik,0.016540910088404387,0.0030784299863296644,-0.02483097016618431,0.02999425806929298,False
2.941999999999787,thumb_ik,0.0165473712299931,0.003073310505787047,-0.024816094799734713,0.02998498446218715,False
2.942999999999787,thumb_ik,0.01655382758828558,0.0030682009358031642,-0.024801218398760642,0.029975715151905412,False
2.943999999999787,thumb_ik,0.016560279178990195,0.003063100834774901,-0.02478634101461119,0.029966450141828475,False
2.9449999999997867,thumb_ik,0.016566726228965142,0.003058010402686509,-0.024771462225450812,0.029957189226550558,False
2.9459999999997866,thumb_ik,0.01657316873580718,0.003052929224308623,-0.024756582192576627,0.029947932493779538,False
2.9469999999997865,thumb_ik,0.016579606592529453,0.003047855057621035,-0.02474170175177482,0.029938680344816292,False
2.9479999999997863,thumb_ik,0.016586039818182546,0.0030427882782122356,-0.024726821037853626,0.029929432938069565,False
2.9489999999997862,thumb_ik,0.01659246854659903,0.0030377310172267358,-0.024711939490398002,0.02992019009932911,False
2.949999999999786,thumb_ik,0.01659889308350923,0.003032682638901524,-0.024697057031840906,0.029910951867502773,False
2.950999999999786,thumb_ik,0.016605313398316113,0.003027642765762395,-0.024682173813189996,0.02990171831045654,False
2.951999999999786,thumb_ik,0.016611729350310883,0.0030226091693213303,-0.024667290682419095,0.02989248982285359,False
2.952999999999786,thumb_ik,0.01661814093855571,0.0030175822714239714,-0.02465240776389934,0.02988326654795419,False
2.9539999999997857,thumb_ik,0.016624548086299276,0.0030125624097441794,-0.024637525256649716,0.029874048639552245,False
2.9549999999997856,thumb_ik,0.016630951108051073,0.003007552588191381,-0.024622642573307305,0.02986483608898544,False
2.9559999999997855,thumb_ik,0.01663735013371863,0.0030025526219356335,-0.024607759768876553,0.029855628992908174,False
2.9569999999997854,thumb_ik,0.016643745247306843,0.0029975623828699255,-0.024592876964616678,0.02984642748292029,False
2.9579999999997852,thumb_ik,0.01665013614773428,0.002992578364687623,-0.024577994931128194,0.02983723167188014,False
2.958999999999785,thumb_ik,0.016656522949797734,0.002987601444132168,-0.02456311378444457,0.029828041805550865,False
2.959999999999785,thumb_ik,0.016662906154865154,0.0029826356549920024,-0.024548232937833293,0.029818858082535555,False
2.960999999999785,thumb_ik,0.016669285411071863,0.002977677138397,-0.02453335318747505,0.029809680573224827,False
2.961999999999785,thumb_ik,0.016675661213129397,0.0029727298818966047,-0.02451847392638818,0.02980050945075883,False
2.9629999999997847,thumb_ik,0.01668203319212977,0.002967789943675511,-0.024503595953093656,0.029791344770009436,False
2.9639999999997846,thumb_ik,0.01668840143085064,0.0029628578753299745,-0.0244887193529398,0.029782186700336003,False
2.9649999999997845,thumb_ik,0.01669476662888543,0.002957941757013638,-0.024473843128824294,0.02977303561488367,False
2.9659999999997844,thumb_ik,0.01670112877345961,0.0029530400904594495,-0.02445896740118072,0.029763891452825222,False
2.9669999999997843,thumb_ik,0.016707487436593463,0.0029481482074470017,-0.02444409302149582,0.029754754207362257,False
2.967999999999784,thumb_ik,0.016713842659021608,0.0029432661265847704,-0.024429220096058135,0.0297456239878084,False
2.968999999999784,thumb_ik,0.016720194479018707,0.002938393825959368,-0.024414348718905847,0.02973650088798249,False
2.969999999999784,thumb_ik,0.01672654293245661,0.0029335312528439295,-0.024399478974508594,0.02972738498943715,False
2.970999999999784,thumb_ik,0.016732894066561838,0.0029289004577803673,-0.02438432171707825,0.029718064326876008,False
2.9719999999997837,thumb_ik,0.016739242324703182,0.0029242398004278164,-0.02436921257377541,0.029708785459547048,False
2.9729999999997836,thumb_ik,0.016745587319399943,0.002919552574089865,-0.02435414527477544,0.029699543329307097,False
2.9739999999997835,thumb_ik,0.016751929129736845,0.0029148453348347703,-0.024339113847119773,0.029690333709084363,False
2.9749999999997834,thumb_ik,0.016758267813847413,0.0029101233066129994,-0.024324113246345633,0.02968115299312635,False
2.9759999999997833,thumb_ik,0.01676460341883408,0.002905390797196969,-0.024309139157225428,0.029671998079680625,False
2.976999999999783,thumb_ik,0.016770936422065563,0.0029006548322846604,-0.02429418713649905,0.02966286627337718,False
2.977999999999783,thumb_ik,0.016777266355397294,0.0028959137552527214,-0.02427925485491822,0.029653755228434015,False
2.978999999999783,thumb_ik,0.016783593246619016,0.0028911700875685342,-0.024264339685309513,0.029644663045939528,False
2.979999999999783,thumb_ik,0.01678991730024751,0.0028864295718719346,-0.024249438582976672,0.0296355879005645,False
2.9809999999997827,thumb_ik,0.016796238273317055,0.0028816891152520646,-0.024234550674721488,0.02962652863054743,False
2.9819999999997826,thumb_ik,0.016802556189997944,0.002876950288397989,-0.024219674339910457,0.029617484069570606,False
2.9829999999997825,thumb_ik,0.016808871074864104,0.0028722143641272124,-0.024204808195188797,0.029608453217464446,False
2.9839999999997824,thumb_ik,0.016815182878947066,0.0028674823375371417,-0.024189951009243406,0.029599435130389196,False
2.9849999999997823,thumb_ik,0.016821505068215795,0.0028628005171361798,-0.02417506839649386,0.02959041384529931,False
2.985999999999782,thumb_ik,0.016827836566330412,0.0028581652925371848,-0.024160164321499908,0.029581391657331948,False
2.986999999999782,thumb_ik,0.01683417547243403,0.0028535659890666087,-0.02414524363490772,0.02957237043051688,False
2.987999999999782,thumb_ik,0.016840520722877894,0.002848998308457279,-0.02413030923047306,0.02956335152071777,False
2.988999999999782,thumb_ik,0.016846871210240713,0.002844458410025036,-0.024115363946747806,0.029554336255529466,False
2.9899999999997817,thumb_ik,0.016853237595507276,0.0028399272235170303,-0.024100382112791904,0.029545307953515614,False
2.9909999999997816,thumb_ik,0.016859618286601888,0.002835410506531036,-0.02408536746481369,0.029536269355244803,False
2.9919999999997815,thumb_ik,0.016866011528520297,0.0028309085371299586,-0.024070325855606554,0.029527224299294646,False
2.9929999999997814,thumb_ik,0.016872415314066913,0.0028264252960277653,-0.02405526125697656,0.029518175292957777,False
2.9939999999997813,thumb_ik,0.016878827395312643,0.0028219559597644495,-0.024040178643175154,0.02950912467145343,False
2.994999999999781,thumb_ik,0.016885253148634982,0.002817728415464099,-0.024024757036070966,0.02949983589715446,False
2.995999999999781,thumb_ik,0.01689168468554876,0.0028134708696555683,-0.02400937628453092,0.02949058798027938,False
2.996999999999781,thumb_ik,0.016898135288827415,0.002809266326430665,-0.023993982151016384,0.029481352292519154,False
2.997999999999781,thumb_ik,0.0169046017633194,0.0028051097656126983,-0.023978577035877184,0.029472128498618043,False
2.9989999999997807,thumb_ik,0.016911081279733967,0.0028009969534398133,-0.023963162934664294,0.02946291621371205,False
2.9999999999997806,thumb_ik,0.01691757133329322,0.0027969243044077413,-0.023947741507352176,0.02945371502348404,False
3.0009999999997805,thumb_ik,0.016924069707102904,0.0027928887685056136,-0.02393231413605535,0.02944452449999758,False
3.0019999999997804,thumb_ik,0.01693057443970078,0.0027888877390751937,-0.023916881973116262,0.02943534421397832,False
3.0029999999997803,thumb_ik,0.016937083774106243,0.0027849185552605987,-0.023901445236720498,0.029426173086802787,False
3.00399999999978,thumb_ik,0.016943596254293564,0.00278097909286959,-0.02388600378991996,0.02941700997374749,False
3.00499999999978,thumb_ik,0.016950110649351924,0.002777067642844258,-0.0238705573823172,0.029407853805755772,False
3.00599999999978,thumb_ik,0.016956625890220012,0.00277318270813208,-0.02385510584312593,0.029398703690814383,False
3.00699999999978,thumb_ik,0.01696314105030146,0.0027693229695814198,-0.023839649070428168,0.02938955889092996,False
3.0079999999997797,thumb_ik,0.01696965532836918,0.0027654872580199635,-0.02382418702171752,0.029380418802047267,False
3.0089999999997796,thumb_ik,0.0169761680334906,0.002761674531341407,-0.02380871970558525,0.029371282936526473,False
3.0099999999997795,thumb_ik,0.016982678571846155,0.0027578838560019386,-0.02379324717410524,0.029362150907689063,False
3.0109999999997794,thumb_ik,0.01698918659588164,0.002754114883683545,-0.023777769042127056,0.029353022171540486,False
3.0119999999997793,thumb_ik,0.01699569169237035,0.0027503666640499996,-0.023762285328412777,0.029343896416763146,False
3.012999999999779,thumb_ik,0.01700219347710913,0.0027466384560965035,-0.02374679629047457,0.02933477356147235,False
3.013999999999779,thumb_ik,0.017008691587258137,0.0027429296884428633,-0.02373130237804278,0.029325653707024262,False
3.014999999999779,thumb_ik,0.017015185752736944,0.002739239722438183,-0.023715803819544842,0.02931653682248746,False
3.015999999999779,thumb_ik,0.017021675788974622,0.0027355678737155525,-0.023700300665695166,0.02930742277821474,False
3.0169999999997787,thumb_ik,0.017028161507790532,0.00273191363336224,-0.023684793195057056,0.02929831164296282,False
3.0179999999997786,thumb_ik,0.01703464275622074,0.002728276531429444,-0.02366928168535099,0.02928920350853714,False
3.0189999999997785,thumb_ik,0.01704111943879237,0.002724656252718838,-0.023653766295161083,0.029280098418017066,False
3.0199999999997784,thumb_ik,0.01704759128409221,0.002721051808046035,-0.023638247896364713,0.029270996825211098,False
3.0209999999997783,thumb_ik,0.017054058234778388,0.002717462902528542,-0.023622726673941212,0.029261898817635964,False
3.021999999999778,thumb_ik,0.01706052025260693,0.002713889253289331,-0.02360720282633496,0.02925280450576402,False
3.022999999999778,thumb_ik,0.017066977315946405,0.0027103305894947832,-0.02359167656252037,0.02924371401922049,False
3.023999999999778,thumb_ik,0.01707342941758591,0.002706786652258722,-0.02357614809952477,0.02923462750350788,False
3.024999999999778,thumb_ik,0.017079876562801924,0.0027032571944438227,-0.02356061766034063,0.029225545117185024,False
3.0259999999997778,thumb_ik,0.017086318767653264,0.0026997419803868467,-0.023545085472172322,0.029216467029441178,False
3.0269999999997776,thumb_ik,0.01709275605747751,0.0026962407855660037,-0.023529551764973185,0.029207393418015523,False
3.0279999999997775,thumb_ik,0.017099188466047077,0.002692753397847386,-0.02351401676868916,0.029198324466606147,False
3.0289999999997774,thumb_ik,0.017105616033393473,0.002689279613553655,-0.02349848071568368,0.02918926036519461,False
3.0299999999997773,thumb_ik,0.017112038805308566,0.002685819238958123,-0.023482943838130807,0.029180201307796857,False
3.030999999999777,thumb_ik,0.017118456832441176,0.0026823720897623804,-0.023467406367648116,0.02917114749159552,False
3.031999999999777,thumb_ik,0.017124862171332064,0.002679043769158923,-0.023451570922664616,0.029161864800539724,False
3.032999999999777,thumb_ik,0.01713125686016563,0.002675813203162236,-0.02343549392788133,0.02915239807547489,False
3.033999999999777,thumb_ik,0.017137642677590326,0.0026726628984347495,-0.023419222597746932,0.029142784880588465,False
3.0349999999997768,thumb_ik,0.017144021174072613,0.0026695783139071144,-0.023402796410806274,0.029133056657974978,False
3.0359999999997767,thumb_ik,0.017150393700012062,0.0026665473527942296,-0.023386248348056707,0.029123239700402367,False
3.0369999999997765,thumb_ik,0.01715676170104144,0.0026635597688570295,-0.0233696056574502,0.029113355891984088,False
3.0379999999997764,thumb_ik,0.01716312603295027,0.0026606073226676796,-0.023352891427695865,0.02910342358867972,False
3.0389999999997763,thumb_ik,0.01716948756398906,0.0026576830261866996,-0.023336124774878272,0.029093458058236106,False
3.039999999999776,thumb_ik,0.017175847044787876,0.002654781045957913,-0.023319321583443776,0.02908347199390046,False
3.040999999999776,thumb_ik,0.01718220512246138,0.0026518965098590447,-0.023302495026494452,0.02907347592616231,False
3.041999999999776,thumb_ik,0.017188562354018236,0.002649025295962504,-0.023285656020216462,0.02906347857893933,False
3.042999999999776,thumb_ik,0.01719491921227137,0.0026461640828996102,-0.023268813532427726,0.0290534871276592,False
3.0439999999997758,thumb_ik,0.017201276103002996,0.002643310025110701,-0.023251974959811038,0.02904350748432896,False
3.0449999999997757,thumb_ik,0.01720763336980327,0.0026404607475879888,-0.023235146360909967,0.02903354448843661,False
3.0459999999997756,thumb_ik,0.017213991301565673,0.002637614270545263,-0.023218332674274388,0.029023602080786602,False
3.0469999999997754,thumb_ik,0.01722035013909909,0.002634768946362512,-0.02320153790195604,0.029013683449879108,False
3.0479999999997753,thumb_ik,0.017226710080972166,0.0026319234078215625,-0.023184765263476646,0.02900379115496835,False
3.0489999999997752,thumb_ik,0.017233071392188798,0.0026290768329005343,-0.023168016906079607,0.028993926984145504,False
3.049999999999775,thumb_ik,0.017239440194507127,0.0026262462057796143,-0.023151269260077746,0.028984077278843647,False
3.050999999999775,thumb_ik,0.017245815970174785,0.002623427607909401,-0.02313452847081337,0.028974246296633,False
3.051999999999775,thumb_ik,0.017252198265053628,0.0026206179256099693,-0.023117799569968824,0.028964437509573674,False
3.052999999999775,thumb_ik,0.0172585866331586,0.0026178145140183795,-0.023101086582970998,0.028954653628008895,False
3.0539999999997747,thumb_ik,0.01726498052166689,0.0026150154925431157,-0.02308439303381405,0.0289448969626665,False
3.0549999999997746,thumb_ik,0.017271379567608783,0.002612219034225219,-0.023067721449268615,0.02893516914262348,False
3.0559999999997745,thumb_ik,0.017277783547147152,0.0026094235079963946,-0.02305107364834575,0.028925471330431468,False
3.0569999999997743,thumb_ik,0.017284192275130436,0.0026066275570829633,-0.023034450849354744,0.028915804255741574,False
3.0579999999997742,thumb_ik,0.017290605422916994,0.0026038302886606662,-0.023017854312863836,0.028906168636320128,False
3.058999999999774,thumb_ik,0.0172970226855364,0.002601030987372688,-0.023001284983660365,0.0288965649668052,False
3.059999999999774,thumb_ik,0.017303443779472377,0.002598229085313805,-0.022984743546763838,0.028886993559725696,False
3.060999999999774,thumb_ik,0.01730986844065127,0.0025954241373045,-0.022968230473981353,0.028877454579499962,False
3.061999999999774,thumb_ik,0.01731629642262092,0.0025926158004935113,-0.022951746062578347,0.028867948070587273,False
3.0629999999997737,thumb_ik,0.017322735928747904,0.002589790300285444,-0.022935262918651944,0.028858455935899915,False
3.0639999999997736,thumb_ik,0.017329185811768094,0.002586950586996012,-0.02291878586249757,0.028848981605064713,False
3.0649999999997735,thumb_ik,0.017335645038471834,0.002584098947764915,-0.02290231888128203,0.028839527846545275,False
3.0659999999997734,thumb_ik,0.01734211270034057,0.002581237227511815,-0.022885865144745596,0.028830096808014502,False
3.0669999999997732,thumb_ik,0.0173485879983261,0.0025783669276419757,-0.02286942714192726,0.028820690126177436,False
3.067999999999773,thumb_ik,0.017355070204183698,0.0025754892044554806,-0.022853006920103884,0.02881130909425546,False
3.068999999999773,thumb_ik,0.017361558664136648,0.002572604983558907,-0.02283660609721426,0.028801954685212145,False
3.069999999999773,thumb_ik,0.017368052741416937,0.0025697147991067815,-0.022820225996192746,0.02879262761011402,False
3.070999999999773,thumb_ik,0.017374551960895074,0.0025668196539751914,-0.02280386763133925,0.028783328471973464,False
3.0719999999997727,thumb_ik,0.017381056010842277,0.00256392122091241,-0.02278753189898116,0.028774057936380215,False
3.0729999999997726,thumb_ik,0.01738756459956789,0.00256102084440675,-0.022771219452084913,0.02876481645699556,False
3.0739999999997725,thumb_ik,0.017394077453214266,0.002558119608884843,-0.022754930742988337,0.028755604314637067,False
3.0749999999997724,thumb_ik,0.017400594313886616,0.002555218392930367,-0.02273866605916624,0.02874642164969949,False
3.0759999999997722,thumb_ik,0.017407131735566572,0.0025524081899616774,-0.022722331306386345,0.028737212161668316,False
3.076999999999772,thumb_ik,0.01741368722785243,0.0025496755560577566,-0.022705940636051615,0.028727984413782482,False
3.077999999999772,thumb_ik,0.017420258569061986,0.0025470094827536593,-0.02268950588088469,0.028718745499010146,False
3.078999999999772,thumb_ik,0.017426843778069065,0.0025444009455506816,-0.022673036929003305,0.028709501281298695,False
3.079999999999772,thumb_ik,0.017433441088990365,0.002541842537900643,-0.022656542037738196,0.028700256598131257,False
3.0809999999997717,thumb_ik,0.017440048928396915,0.0025393281735797274,-0.02264002809701996,0.028691015430476967,False
3.0819999999997716,thumb_ik,0.017446665894840965,0.002536852844743462,-0.02262350085043225,0.028681781045318624,False
3.0829999999997715,thumb_ik,0.0174532907405565,0.0025344124253164207,-0.02260696508075443,0.02867255611518519,False
3.0839999999997714,thumb_ik,0.017459922354832874,0.0025320035104671595,-0.02259042476565381,0.02866334281807472,False
3.0849999999997713,thumb_ik,0.01746655974934301,0.002529623286387353,-0.0225738832084073,0.028654142921316204,False
3.085999999999771,thumb_ik,0.017473202042091338,0.0025272694767811688,-0.02255734312922114,0.028644957840105734,False
3.086999999999771,thumb_ik,0.017479848451979946,0.002524940140466711,-0.022540806797415026,0.028635788721380055,False
3.087999999999771,thumb_ik,0.01748649831110126,0.0025226337813287897,-0.022524276074557925,0.028626636495783973,False
3.088999999999771,thumb_ik,0.01749315099896924,0.0025203490376498883,-0.022507752503894758,0.028617501881207277,False
3.0899999999997707,thumb_ik,0.017499805964373047,0.0025180847756265806,-0.022491237351866096,0.02860838543759374,False
3.0909999999997706,thumb_ik,0.01750646271782247,0.0025158400496091693,-0.022474731653840625,0.028599287595285853,False
3.0919999999997705,thumb_ik,0.017513120826588596,0.002513614017996782,-0.022458236274891276,0.028590208692785078,False
3.0929999999997704,thumb_ik,0.017519779904543023,0.002511406029644142,-0.022441751893007317,0.028581148965299837,False
3.0939999999997703,thumb_ik,0.01752643960924631,0.0025092155384539017,-0.022425279053254484,0.02857210857832006,False
3.09499999999977,thumb_ik,0.017533099637143862,0.0025070420857472714,-0.022408818190201116,0.028563087640995865,False
3.09599999999977,thumb_ik,0.017539759719283843,0.002504885285746966,-0.022392369646691453,0.02855408621719547,False
3.09699999999977,thumb_ik,0.01754641961750096,0.0025027448136045044,-0.022375933689552,0.02854510433462584,False
3.09799999999977,thumb_ik,0.017553079121048726,0.0025006203955673517,-0.022359510522733057,0.028536141992370558,False
3.0989999999997697,thumb_ik,0.01755973804349932,0.0024985118006701085,-0.022343100298255432,0.028527199166975842,False
3.0999999999997696,thumb_ik,0.017566396219843072,0.0024964188314266222,-0.022326703125801824,0.028518275817484257,False
3.1009999999997695,thumb_ik,0.017573053504593497,0.002494341324066729,-0.022310319079497723,0.028509371889700638,False
3.1019999999997694,thumb_ik,0.01757970976947118,0.002492279140797027,-0.02229394820487314,0.02850048731962418,False
3.1029999999997693,thumb_ik,0.017586360838033527,0.0024902210655991935,-0.02227762450376354,0.028491645126453455,False
3.103999999999769,thumb_ik,0.01759300686116494,0.002488168007286934,-0.022261342561997112,0.028482841205049524,False
3.104999999999769,thumb_ik,0.017599647959366874,0.0024861213907631796,-0.022245097793985757,0.02847407213110283,False
3.105999999999769,thumb_ik,0.017606284265157604,0.002484082830928422,-0.022228886371826344,0.02846533510198003,False
3.106999999999769,thumb_ik,0.01761291648560906,0.0024820909226921928,-0.02221270435236386,0.028456630811167276,False
3.1079999999997687,thumb_ik,0.017619544677419677,0.0024801392963435254,-0.022196549157111688,0.02844795669381073,False
3.1089999999997686,thumb_ik,0.017626168904496142,0.0024782228466013884,-0.02218041865849367,0.028439310656084793,False
3.1099999999997685,thumb_ik,0.017632789189302278,0.002476338824905805,-0.022164310834420407,0.028430690869813858,False
3.1109999999997684,thumb_ik,0.017639405611843822,0.002474483707497213,-0.022148224290659928,0.028422095967524895,False
3.1119999999997683,thumb_ik,0.017646017959381352,0.0024726518389746877,-0.022132158422677857,0.028413524832130638,False
3.112999999999768,thumb_ik,0.017652626342072764,0.0024708416552501056,-0.022116112285844793,0.028404976639635794,False
3.113999999999768,thumb_ik,0.017659230925284083,0.002469051903838851,-0.022100085122780583,0.028396450774885718,False
3.114999999999768,thumb_ik,0.017665831879093846,0.0024672816032879075,-0.02208407630964806,0.028387946754576843,False
3.115999999999768,thumb_ik,0.017672429378249324,0.002465529998439381,-0.02206808532931938,0.028379464202210294,False
3.1169999999997677,thumb_ik,0.01767902357388132,0.0024637964806446394,-0.022052111749194053,0.02837100280608408,False
3.1179999999997676,thumb_ik,0.01768561459627689,0.002462080560668198,-0.022036155203529216,0.028362562304722932,False
3.1189999999997675,thumb_ik,0.017692202556631315,0.0024603818442389958,-0.022020215377324716,0.02835414247315726,False
3.1199999999997674,thumb_ik,0.01769878754924578,0.0024587000137022835,-0.022004291996294542,0.028345743114776674,False
3.1209999999997673,thumb_ik,0.01770536968821669,0.002457034880418957,-0.021988384834650584,0.028337364094719708,False
3.121999999999767,thumb_ik,0.017711948969134972,0.0024553876856278217,-0.02197249336878542,0.028329005097484337,False
3.122999999999767,thumb_ik,0.017718532229168485,0.0024537474778461577,-0.021956589230363442,0.028320647444435847,False
3.123999999999767,thumb_ik,0.01772511866357533,0.002452116752402783,-0.021940677004292336,0.0283122944250713,False
3.124999999999767,thumb_ik,0.017731707583393055,0.002450497103195323,-0.021924760531222984,0.028303948739128264,False
3.1259999999997667,thumb_ik,0.017738298384142606,0.0024488896581508213,-0.021908842880852118,0.028295612495589113,False
3.1269999999997666,thumb_ik,0.01774489054283264,0.002447295075058309,-0.021892926744833847,0.02828728751605882,False
3.1279999999997665,thumb_ik,0.01775148359226089,0.00244571407763422,-0.02187701434333763,0.028278975293571835,False
3.1289999999997664,thumb_ik,0.01775807712026657,0.002444147195383009,-0.021861107516341245,0.028270677041115685,False
3.1299999999997663,thumb_ik,0.017764670645693884,0.0024425949809480096,-0.021845208168798334,0.028262393977316638,False
3.130999999999766,thumb_ik,0.017771263858328487,0.002441057659823692,-0.02182931749044946,0.02825412684405163,False
3.131999999999766,thumb_ik,0.017777856483416413,0.0024395353770710754,-0.021813436463217976,0.028245876235935392,False
3.132999999999766,thumb_ik,0.017784448282399015,0.0024380282731595038,-0.021797565889247222,0.02823764262940737,False
3.133999999999766,thumb_ik,0.01779103903791887,0.00243653637993399,-0.021781706433077343,0.02822942639722348,False
3.1349999999997658,thumb_ik,0.017797628578306482,0.002435059525730407,-0.021765858707074072,0.02822122788188909,False
3.1359999999997656,thumb_ik,0.01780421643269392,0.002433603775395518,-0.021750022077007124,0.02821304681292194,False
3.1369999999997655,thumb_ik,0.017810802532663206,0.0024321680468340906,-0.021734197073511985,0.02820488345474627,False
3.1379999999997654,thumb_ik,0.017817386805309074,0.00243075145422475,-0.021718384134886817,0.028196738014045545,False
3.1389999999997653,thumb_ik,0.017823969180015276,0.002429353285356317,-0.021702583599127655,0.028188610636076597,False
3.139999999999765,thumb_ik,0.017830549586899266,0.002427972961204658,-0.021686795733297785,0.028180501422951962,False
3.140999999999765,thumb_ik,0.017837127982992834,0.002426610043613789,-0.02167102075034409,0.02817241046391447,False
3.141999999999765,thumb_ik,0.017843704284920103,0.0024252641847941903,-0.02165525887937054,0.028164337842496456,False
3.142999999999765,thumb_ik,0.01785027842785633,0.0024239350601100162,-0.021639510229465524,0.02815628356333212,False
3.1439999999997648,thumb_ik,0.01785685030566539,0.0024226234921387313,-0.02162377468290743,0.028148247529122535,False
3.1449999999997647,thumb_ik,0.01786341997697588,0.002421326571547075,-0.021608052774943314,0.02814022992735909,False
3.1459999999997645,thumb_ik,0.017869987364076106,0.0024200444183662823,-0.02159234449322455,0.02813223069884772,False
3.1469999999997644,thumb_ik,0.017876552397384254,0.0024187771256215518,-0.02157664981961816,0.028124249782674794,False
3.1479999999997643,thumb_ik,0.01788311481420747,0.0024175297603883095,-0.021560967705930155,0.028116286632780173,False
3.148999999999764,thumb_ik,0.017889674623634375,0.0024163014773480457,-0.02154529829299156,0.02810834127982167,False
3.149999999999764,thumb_ik,0.017896244000724745,0.0024151844795515798,-0.02152955653897469,0.028100364235515724,False
3.150999999999764,thumb_ik,0.017902823172344123,0.002414161460339029,-0.021513756024580985,0.028092364645611493,False
3.151999999999764,thumb_ik,0.01790941209288642,0.0024132178937518872,-0.021497908096971823,0.028084349995351456,False
3.1529999999997638,thumb_ik,0.01791601049838426,0.002412354379664458,-0.021482019730218203,0.028076325570145135,False
3.1539999999997637,thumb_ik,0.017922618067221285,0.0024115630221157175,-0.021466098576799417,0.028068296398285248,False
3.1549999999997635,thumb_ik,0.0179292341832592,0.002410819272252271,-0.021450154448262447,0.028060267529300686,False
3.1559999999997634,thumb_ik,0.017935818696717537,0.0024105348557648815,-0.02143377588376709,0.028051934322750997,False
3.1569999999997633,thumb_ik,0.017942376010321157,0.002410628904678025,-0.02141704235407723,0.028043353790303954,False
3.157999999999763,thumb_ik,0.017948910029643272,0.002411035182073945,-0.02140002134358799,0.028034574642884252,False
3.158999999999763,thumb_ik,0.01795542418062851,0.002411699245103871,-0.02138277014118759,0.028025638434583378,False
3.159999999999763,thumb_ik,0.017961921467190972,0.002412576303125788,-0.02136533733735018,0.028016580568490324,False
3.160999999999763,thumb_ik,0.01796840452215187,0.002413629457906366,-0.02134776411672809,0.028007431174872584,False
3.161999999999763,thumb_ik,0.01797487564914678,0.0024148283055066277,-0.021330085311745704,0.027998215831615336,False
3.1629999999997627,thumb_ik,0.017981336914795087,0.0024161479072937336,-0.02131233032975191,0.027988956251310187,False
3.1639999999997626,thumb_ik,0.0179877900697413,0.002417567510637278,-0.021294523989409862,0.02797967076641762,False
3.1649999999997624,thumb_ik,0.01799423663923623,0.002419069955006098,-0.021276687175668677,0.027970374842810182,False
3.1659999999997623,thumb_ik,0.01800067794909746,0.0024206410343485946,-0.02125883741828055,0.02796108148876186,False
3.1669999999997622,thumb_ik,0.018007115148679906,0.0024222689762938843,-0.021240989386001823,0.027951801606829838,False
3.167999999999762,thumb_ik,0.018013549231117518,0.002423944014244686,-0.02122315530916844,0.02794254429652339,False
3.168999999999762,thumb_ik,0.018019981051387537,0.0024256580369678843,-0.02120534534094838,0.0279333171147566,False
3.169999999999762,thumb_ik,0.018026411342268858,0.002427404301065708,-0.021187567866053823,0.027924126299674057,False
3.170999999999762,thumb_ik,0.018032840776637707,0.0024291770815640934,-0.02116982960755863,0.027914976865156628,False
3.1719999999997617,thumb_ik,0.018039269878418626,0.0024309717269546394,-0.021152136193577926,0.02790587298106518,False
3.1729999999997616,thumb_ik,0.018045699088276315,0.0024327843574491886,-0.02113449216313972,0.02789681799611347,False
3.1739999999997615,thumb_ik,0.01805212877339725,0.0024346117345393076,-0.02111690113200712,0.027887814560632697,False
3.1749999999997613,thumb_ik,0.01805855918061805,0.0024364512541870664,-0.02109936611263058,0.027878864839672685,False
3.1759999999997612,thumb_ik,0.018064992596626334,0.0024383094847937603,-0.021081881700446267,0.027869966750812793,False
3.176999999999761,thumb_ik,0.0180714290308652,0.0024401831519738626,-0.021064450475109887,0.027861121923769182,False
3.177999999999761,thumb_ik,0.018077871188244096,0.0024420699017820707,-0.02104707391645301,0.027852332982150212,False
3.178999999999761,thumb_ik,0.01808432363075567,0.0024439681138645197,-0.021029752586025477,0.027843603128060484,False
3.179999999999761,thumb_ik,0.01809079016880566,0.002445876469741648,-0.021012486549620686,0.027834934733801362,False
3.1809999999997607,thumb_ik,0.018097273854441723,0.0024477939665224907,-0.02099527563701331,0.0278263295340828,False
3.1819999999997606,thumb_ik,0.018103777077445093,0.0024497197578312313,-0.020978119423107663,0.027817788659271644,False
3.1829999999997605,thumb_ik,0.01811030177293914,0.0024516532443386863,-0.02096101724381847,0.027809312789658328,False
3.1839999999997604,thumb_ik,0.018116849516667907,0.002453594059576167,-0.02094396823420131,0.027800902244603704,False
3.1849999999997602,thumb_ik,0.018123421563594394,0.002455541632182437,-0.02092697135386245,0.02779255698787931,False
3.18599999999976,thumb_ik,0.018130018631260944,0.0024574957489302274,-0.02091002555972818,0.027784276665667667,False
3.18699999999976,thumb_ik,0.01813664754548404,0.0024594552608412507,-0.02089312123480471,0.02777605838310107,False
3.18799999999976,thumb_ik,0.018143302808049128,0.002461421085676735,-0.020876263936891917,0.02776790281076969,False
3.18899999999976,thumb_ik,0.01814998976823977,0.0024633916036797127,-0.020859447169076846,0.027759808410358237,False
3.1899999999997597,thumb_ik,0.018156707661403593,0.002465367169403307,-0.020842670530733264,0.02775177441596015,False
3.1909999999997596,thumb_ik,0.01816345565945074,0.002467348070824729,-0.020825933482256295,0.027743799909219345,False
3.1919999999997595,thumb_ik,0.018170232885058188,0.0024693345429489255,-0.02080923537632791,0.027735883853406723,False
3.1929999999997594,thumb_ik,0.018177037178319533,0.0024713275646208316,-0.02079257832983826,0.02772802650958277,False
3.1939999999997593,thumb_ik,0.018183867634209552,0.002473327064783426,-0.02077596112218684,0.027720226360159163,False
3.194999999999759,thumb_ik,0.01819074990976352,0.0024753112806961686,-0.020759312450090356,0.02771244488702467,False
3.195999999999759,thumb_ik,0.01819768122987936,0.002477285473119678,-0.02074264237007563,0.02770468837493918,False
3.196999999999759,thumb_ik,0.018204658875497368,0.002479253669534248,-0.02072595926427387,0.027696961763981693,False
3.197999999999759,thumb_ik,0.018211680196662777,0.0024812189338731527,-0.020709270099850706,0.027689268878970066,False
3.1989999999997587,thumb_ik,0.018218742624527787,0.002483183584150686,-0.020692580647862738,0.027681612622816695,False
3.1999999999997586,thumb_ik,0.01822584368304167,0.002485149366294473,-0.020675895668671375,0.027673995140442723,False
3.2009999999997585,thumb_ik,0.018232970217056735,0.0024871181370032525,-0.020659222302427498,0.02766641331478669,False
3.2019999999997584,thumb_ik,0.018240121535972487,0.002489090203796701,-0.020642563784203836,0.027658869161167957,False
3.2029999999997583,thumb_ik,0.0182472968420644,0.002491065631631234,-0.020625922786534967,0.027651364176467137,False
3.203999999999758,thumb_ik,0.01825449525644074,0.00249304435082269,-0.020609301489763927,0.027643899419195043,False
3.204999999999758,thumb_ik,0.01826171583984454,0.0024950262221406644,-0.020592701646040004,0.027636475577526475,False
3.205999999999758,thumb_ik,0.01826895760995484,0.002497011087382331,-0.02057612465101767,0.027629093039386113,False
3.206999999999758,thumb_ik,0.018276219558234594,0.0024989987926949814,-0.02055957156407822,0.027621751921359756,False
3.2079999999997577,thumb_ik,0.018283500661281232,0.002500989217672847,-0.02054304316574152,0.02761445212216796,False
3.2089999999997576,thumb_ik,0.018290799888887488,0.0025029822945931146,-0.02052653998515719,0.02760719335073071,False
3.2099999999997575,thumb_ik,0.018298116424885408,0.002504977968032507,-0.020510061606512427,0.027599974754008827,False
3.2109999999997574,thumb_ik,0.018305449249603895,0.002506976300386557,-0.020493608290736258,0.02759279585643067,False
3.2119999999997573,thumb_ik,0.01831279735624021,0.002508977393216566,-0.020477180139515674,0.027585656074064387,False
3.212999999999757,thumb_ik,0.018320159779959086,0.002510981413811411,-0.020460777111456357,0.0275785547487252,False
3.213999999999757,thumb_ik,0.018327535578736884,0.002512988557547474,-0.02044439906209191,0.02757149116189212,False
3.214999999999757,thumb_ik,0.018334923845105544,0.0025149990529950567,-0.02042804576154908,0.027564464556350976,False
3.215999999999757,thumb_ik,0.018342323708511785,0.0025170131549864944,-0.020411716913807575,0.02755747415166395,False
3.2169999999997567,thumb_ik,0.018349734336749732,0.0025190311376361574,-0.020395412173101778,0.027550519156857658,False
3.2179999999997566,thumb_ik,0.018357154936618644,0.0025210532876171893,-0.020379131157777078,0.027543598780695094,False
3.2189999999997565,thumb_ik,0.01836458475762158,0.002523079893502145,-0.020362873444771855,0.027536712229252358,False
3.2199999999997564,thumb_ik,0.018372023084073305,0.0025251112500417477,-0.020346638616298485,0.027529858735726533,False
3.2209999999997563,thumb_ik,0.018379469238001725,0.002527147646468081,-0.02033042624749331,0.02752303755224822,False
3.221999999999756,thumb_ik,0.018386922577779755,0.002529189364588555,-0.020314235912605103,0.027516247953458146,False
3.222999999999756,thumb_ik,0.018394380043533914,0.0025312363723311443,-0.020298068173677103,0.027509488296618936,False
3.223999999999756,thumb_ik,0.018401841174591232,0.002533288879863177,-0.020281923302730168,0.027502758480224283,False
3.224999999999756,thumb_ik,0.018409305737119033,0.0025353469891215424,-0.02026580077492776,0.02749605795613317,False
3.2259999999997557,thumb_ik,0.018416773487309093,0.0025374107950627,-0.02024970010462416,0.027489386198185067,False
3.2269999999997556,thumb_ik,0.01842424434950074,0.0025394804271271776,-0.020233620789226824,0.027482742784010913,False
3.2279999999997555,thumb_ik,0.01843171804483086,0.0025415559697392065,-0.020217562407489564,0.02747612721131193,False
3.2289999999997554,thumb_ik,0.018439324610493635,0.0025432235319556296,-0.020201967683757593,0.02746991402098367,False
3.2299999999997553,thumb_ik,0.018447031965726612,0.0025445582548456885,-0.02018675567499318,0.027464028650922866,False
3.230999999999755,thumb_ik,0.018454815157068483,0.002545622045880158,-0.02017185775450782,0.027458409264743158,False
3.231999999999755,thumb_ik,0.01846265316450592,0.0025464649741340772,-0.02015721678318349,0.02745300410121971,False
3.232999999999755,thumb_ik,0.018470528076971027,0.002547127551699946,-0.0201427852896941,0.02744776977157745,False
3.233999999999755,thumb_ik,0.018478424802797058,0.0025476425784140833,-0.020128523865000685,0.027442670039263234,False
3.2349999999997547,thumb_ik,0.018486311349426396,0.002547585607838354,-0.020114503000025853,0.027437695433021436,False
3.2359999999997546,thumb_ik,0.018494185188191306,0.0025470980655496744,-0.020100688671843635,0.027432832143492306,False
3.2369999999997545,thumb_ik,0.01850204441177103,0.0025462901343942246,-0.020087051161524247,0.027428067107059396,False
3.2379999999997544,thumb_ik,0.01850988760342434,0.002545247227786221,-0.020073564503081086,0.02742338809121354,False
3.2389999999997543,thumb_ik,0.018517713729980206,0.0025440351609553463,-0.020060206006478114,0.02741878373867111,False
3.239999999999754,thumb_ik,0.0185255220597962,0.002542704278518715,-0.020046955846090835,0.027414243584879528,False
3.240999999999754,thumb_ik,0.018533258951525605,0.0025414894296158785,-0.02003333807355466,0.02740940514229537,False
3.241999999999754,thumb_ik,0.018540944080536095,0.0025403911561726333,-0.020019412357708072,0.02740432567628478,False
3.242999999999754,thumb_ik,0.01854859366677286,0.0025394068386429963,-0.02000522931493129,0.027399053159738555,False
3.2439999999997537,thumb_ik,0.018556278555631786,0.0025383218618458964,-0.019991308510997195,0.02739399510276648,False
3.2449999999997536,thumb_ik,0.0185639880168582,0.002537161578075084,-0.019977605653725437,0.02738911403494238,False
3.2459999999997535,thumb_ik,0.018571713243035665,0.002535945310700838,-0.01996408317559572,0.027384378182506098,False
3.2469999999997534,thumb_ik,0.018579447035122973,0.002534687637218022,-0.019950709223515127,0.02737976062843606,False
3.2479999999997533,thumb_ik,0.01858712586916017,0.0025336085298836852,-0.019936981908981903,0.027374872929344794,False
3.248999999999753,thumb_ik,0.018594825443575963,0.002532471662480329,-0.019923437918718208,0.02737013563173088,False
3.249999999999753,thumb_ik,0.018602537567671787,0.002531288785761948,-0.01991004422032902,0.02736552005223035,False
3.250999999999753,thumb_ik,0.018610196836105333,0.002530280680573052,-0.0198962939502476,0.027360633390982114,False
3.251999999999753,thumb_ik,0.018617879632816997,0.0025292065853053936,-0.019882728029036977,0.0273558988492403,False
3.2529999999997528,thumb_ik,0.018625577353341097,0.0025280778128707604,-0.019869312675381993,0.027351286905104077,False
3.2539999999997526,thumb_ik,0.01863322329910455,0.002527116858093842,-0.019855537430903326,0.027346401898581795,False
3.2549999999997525,thumb_ik,0.01864089449940043,0.0025260806217880794,-0.01984194672036004,0.02734166931076369,False
3.2559999999997524,thumb_ik,0.018648581781273738,0.0025249804845047658,-0.01982850668305628,0.027337059208700415,False
3.2569999999997523,thumb_ik,0.018656294871368995,0.0025238445662565667,-0.01981517357513915,0.02733254897617463,False
3.257999999999752,thumb_ik,0.018664025109106808,0.002522677393841835,-0.019801925685652144,0.027328117303737923,False
3.258999999999752,thumb_ik,0.018671704667453784,0.0025217023474952277,-0.019788254402897,0.02732337003796843,False
3.259999999999752,thumb_ik,0.018679413385341084,0.002520664916771137,-0.019774722005682234,0.027318745696775934,False
3.260999999999752,thumb_ik,0.018687173464058557,0.0025195589548025477,-0.01976122261594109,0.027314182189465634,False
3.2619999999997518,thumb_ik,0.01869488246117293,0.002518631828330925,-0.019747330012850846,0.027309324033380846,False
3.2629999999997517,thumb_ik,0.01870262066399289,0.0025176286280398225,-0.01973360648961575,0.0273046094771001,False
3.2639999999997515,thumb_ik,0.018710400152705642,0.00251655056580094,-0.01971996898554481,0.027299986765847516,False
3.2649999999997514,thumb_ik,0.018718190289602255,0.0025154175066808143,-0.01970645034489331,0.027295460394476258,False
3.2659999999997513,thumb_ik,0.018726006943787774,0.002514226422121943,-0.019692974784621724,0.027290986175443184,False
3.266999999999751,thumb_ik,0.018733822367966932,0.002512993942550945,-0.01967958229844568,0.027286575426592696,False
3.267999999999751,thumb_ik,0.01874159045339005,0.0025119389978392193,-0.019665689450406143,0.0272817959784777,False
3.268999999999751,thumb_ik,0.018749394298695765,0.002510805208099501,-0.01965189554424348,0.027277113627413762,False
3.269999999999751,thumb_ik,0.01875722508262259,0.002509603595946583,-0.019638180708838257,0.027272508952458724,False
3.2709999999997508,thumb_ik,0.018765075539454862,0.002508343084855133,-0.01962452819020715,0.02726796566891309,False
3.2719999999997507,thumb_ik,0.018772939378285378,0.0025070309867722546,-0.019610924274369834,0.027263470215005317,False
3.2729999999997506,thumb_ik,0.018780811695600266,0.0025056732178583563,-0.019597357282366563,0.027259011329705526,False
3.2739999999997504,thumb_ik,0.018788624792158315,0.0025044994929867698,-0.01958329895758628,0.027254183850430685,False
3.2749999999997503,thumb_ik,0.018796460606479673,0.002503253885013157,-0.01956936121597269,0.027249460723929784,False
3.2759999999997502,thumb_ik,0.018804315388523674,0.0025019427550207335,-0.019555511805006302,0.02724481669485427,False
3.27699999999975,thumb_ik,0.01881218302246973,0.0025005743606083958,-0.01954173298001556,0.027240235499460322,False
3.27799999999975,thumb_ik,0.01882005851686877,0.002499155516823018,-0.0195280099330497,0.02723570364100989,False
3.27899999999975,thumb_ik,0.018827937820278806,0.0024976918639904866,-0.0195143303301855,0.027231209951952686,False
3.27999999999975,thumb_ik,0.018835817667278584,0.0024961880847208517,-0.01950068392017918,0.027226745224209252,False
3.2809999999997497,thumb_ik,0.018843695449588832,0.0024946480798792164,-0.019487062203672002,0.027222301896957242,False
3.2819999999997496,thumb_ik,0.01885156910763766,0.0024930751348585523,-0.019473458184663818,0.02721787381699641,False
3.2829999999997495,thumb_ik,0.01885934950335147,0.002491492334087339,-0.01946004620444087,0.027213525975502563,False
3.2839999999997493,thumb_ik,0.018867067113353203,0.0024900989769279375,-0.019446090819746763,0.027208771794120196,False
3.2849999999997492,thumb_ik,0.018874809267778722,0.002488636836275704,-0.019432207032263733,0.027204088081438312,False
3.285999999999749,thumb_ik,0.018882590153291884,0.0024871144609507206,-0.0194183612242946,0.027199461426216764,False
3.286999999999749,thumb_ik,0.018890381973571846,0.0024855415636226286,-0.019404563571167044,0.02719488068294117,False
3.287999999999749,thumb_ik,0.018898194275252717,0.002483923961562509,-0.019390791174116753,0.027190336656066308,False
3.288999999999749,thumb_ik,0.018906022252797222,0.0024822671406933006,-0.01937703706681576,0.027185821544874846,False
3.2899999999997487,thumb_ik,0.01891386191355998,0.0024805755684300657,-0.01936329543856495,0.027181328846784834,False
3.2909999999997486,thumb_ik,0.01892170995249061,0.002478852901101572,-0.019349561500194436,0.02717685319313641,False
3.2919999999997485,thumb_ik,0.018929563643974134,0.0024771021407556104,-0.0193358313222044,0.02717239017252152,False
3.2929999999997484,thumb_ik,0.018937420750297473,0.002475325761510508,-0.019322101697961273,0.02716793618083186,False
3.2939999999997482,thumb_ik,0.01894527945479707,0.0024735258291291168,-0.01930837001813568,0.02716348829596386,False
3.294999999999748,thumb_ik,0.018953138273989534,0.0024717040443131832,-0.019294634194345968,0.027159044165972885,False
3.295999999999748,thumb_ik,0.0189609960139486,0.002469861830177264,-0.01928089256505504,0.027154601919496736,False
3.296999999999748,thumb_ik,0.018968851682768836,0.0024680003461915734,-0.019267143839168846,0.027150160065659023,False
3.297999999999748,thumb_ik,0.01897670424793832,0.00246612044496905,-0.019253387045364216,0.0271457172843418,False
3.2989999999997477,thumb_ik,0.01898455317729067,0.002464223026116527,-0.019239621428913285,0.027141272762929144,False
3.2999999999997476,thumb_ik,0.01899239807305561,0.002462308864241272,-0.01922584644178675,0.02713682591814105,False
3.3009999999997475,thumb_ik,0.019000238648722287,0.002460378632193616,-0.019212061707398143,0.02713237635687352,False
3.3019999999997474,thumb_ik,0.019008075196376845,0.0024584338975397607,-0.019198267115966755,0.027127924361360557,False
3.3029999999997472,thumb_ik,0.019015908006372748,0.0024564759800282526,-0.01918446264009207,0.027123470248778554,False
3.303999999999747,thumb_ik,0.01902373736126843,0.002454505992693895,-0.019170648318611434,0.027119014359201367,False
3.304999999999747,thumb_ik,0.01903156353323361,0.002452524879747217,-0.019156824243974344,0.02711455704819479,False
3.305999999999747,thumb_ik,0.01903938678221065,0.0024505334472057216,-0.019142990551697797,0.027110098680766227,False
3.306999999999747,thumb_ik,0.019047207354674675,0.0024485323876824033,-0.019129147411567154,0.02710563962644986,False
3.3079999999997467,thumb_ik,0.019055025483218746,0.0024465223007442555,-0.019115295020137868,0.02710118025549925,False
3.3089999999997466,thumb_ik,0.019062841385455123,0.0024445037086524846,-0.01910143359495297,0.027096720935401657,False
3.3099999999997465,thumb_ik,0.019070655264264325,0.0024424770698899534,-0.019087563369307614,0.027092262028532883,False
3.3109999999997464,thumb_ik,0.01907846730791013,0.0024404427899406694,-0.01907368458803662,0.0270878038901989,False
3.3119999999997463,thumb_ik,0.019086277690321646,0.0024384012300822516,-0.019059797504025984,0.027083346867132423,False
3.312999999999746,thumb_ik,0.019094086571498747,0.002436352714573667,-0.019045902375330284,0.02707889129636424,False
3.313999999999746,thumb_ik,0.019101893801023534,0.0024342975240441017,-0.019031999995414106,0.02707443766815095,False
3.314999999999746,thumb_ik,0.019109699573758618,0.002432235961617457,-0.01901809047371359,0.02706998623639567,False
3.315999999999746,thumb_ik,0.019117504043563355,0.002430168261073992,-0.019004174011139872,0.02706553728412715,False
3.3169999999997457,thumb_ik,0.019125307349089807,0.002428094640394479,-0.018990250815984475,0.027061091087276213,False
3.3179999999997456,thumb_ik,0.019133109630471656,0.002426015282592925,-0.018976321119042468,0.027056647935323377,False
3.3189999999997455,thumb_ik,0.019140910979907902,0.002423930405248159,-0.018962385114923527,0.027052208061393412,False
3.3199999999997454,thumb_ik,0.01914871139200547,0.0024218402334099803,-0.018948443010070783,0.027047771638277037,False
3.3209999999997453,thumb_ik,0.019156510971427565,0.002419744926069431,-0.018934495027167517,0.02704333892180281,False
3.321999999999745,thumb_ik,0.019164309898659318,0.0024176449732402905,-0.018920541148019884,0.02703891008236832,False
3.322999999999745,thumb_ik,0.019172108253341244,0.002415540453339707,-0.018906581629910133,0.02703448537494308,False
3.323999999999745,thumb_ik,0.019179906120274606,0.002413431456280632,-0.01889261671403748,0.02703006504765093,False
3.324999999999745,thumb_ik,0.01918770378753351,0.002411318126961423,-0.018878646531316507,0.02702564942053991,False
3.3259999999997447,thumb_ik,0.019195501276723897,0.002409200537955597,-0.018864671336313674,0.027021238704469656,False
3.3269999999997446,thumb_ik,0.01920329835698356,0.002407078870644813,-0.018850691215737684,0.027016832823036865,False
3.3279999999997445,thumb_ik,0.01921109481352612,0.0024049531338724423,-0.01883670653658343,0.027012431890812382,False
3.3289999999997444,thumb_ik,0.01921889095588082,0.002402823461373896,-0.018822717399816852,0.02700803622024257,False
3.3299999999997443,thumb_ik,0.019226686794713288,0.0024006899288877698,-0.018808724032440525,0.027003645993924068,False
3.330999999999744,thumb_ik,0.019234501890240605,0.0023985491760514926,-0.018794679793125806,0.026999242390143806,False
3.331999999999744,thumb_ik,0.019242334651115606,0.0023964025439836556,-0.018780592988847832,0.026994830264165322,False
3.332999999999744,thumb_ik,0.019250164779390525,0.0023942539975597976,-0.018766515371879258,0.026990431553450548,False
3.333999999999744,thumb_ik,0.019258012089633667,0.002392101655245213,-0.018752398442154882,0.026986026519419937,False
3.3349999999997437,thumb_ik,0.019265874731846974,0.0023899460065112815,-0.018738248329516528,0.0269816182160353,False
3.3359999999997436,thumb_ik,0.01927377244364585,0.002387809982911354,-0.018724045581287114,0.026977209337773443,False
3.3369999999997435,thumb_ik,0.019281700309291425,0.0023856898736105275,-0.018709798642206257,0.02697280200910317,False
3.3379999999997434,thumb_ik,0.019289654839029835,0.0023835828843029316,-0.01869551391247919,0.026968398017437965,False
3.3389999999997433,thumb_ik,0.019297593053781523,0.00238149185899926,-0.018681288276971287,0.026964034060784403,False
3.339999999999743,thumb_ik,0.01930555617411625,0.002379407499859154,-0.018667019381506094,0.02695966787317433,False
3.340999999999743,thumb_ik,0.019313541237290927,0.0023773288838006695,-0.018652713593272117,0.02695530174453494,False
3.341999999999743,thumb_ik,0.019321543447706688,0.0023752561425844504,-0.01863838182134379,0.026950939869746678,False
3.342999999999743,thumb_ik,0.01932956272701042,0.0023731873598602515,-0.018624021986910825,0.026946580644515338,False
3.3439999999997427,thumb_ik,0.019337596931507592,0.0023711219818938895,-0.01860963806015886,0.026942225284274226,False
3.3449999999997426,thumb_ik,0.019345644139780377,0.002369059521725947,-0.018595233393585552,0.02693787473358688,False
3.3459999999997425,thumb_ik,0.01935370188748213,0.002366999637869835,-0.018580811612450867,0.026933529739204147,False
3.3469999999997424,thumb_ik,0.019361768734188572,0.002364941922394656,-0.018566375005244638,0.026929190846512168,False
3.3479999999997423,thumb_ik,0.019369843391579364,0.0023628860270063223,-0.018551925518691486,0.02692485847394576,False
3.348999999999742,thumb_ik,0.019377924707547373,0.0023608316566942483,-0.018537464812977366,0.026920532940025513,False
3.349999999999742,thumb_ik,0.019386011651809545,0.0023587785636823566,-0.018522994307927285,0.02691621448510339,False
3.350999999999742,thumb_ik,0.01939410330313912,0.0023567265419352224,-0.018508515221494614,0.02691190328889043,False
3.351999999999742,thumb_ik,0.01940219883761607,0.002354675421919694,-0.018494028602061018,0.026907599484361923,False
3.3529999999997417,thumb_ik,0.019410297518180242,0.002352625065872263,-0.018479535355394563,0.02690330316886984,False
3.3539999999997416,thumb_ik,0.019418399147117904,0.002350575283397563,-0.01846503569289241,0.026899014345129816,False
3.3549999999997415,thumb_ik,0.019426503058979486,0.0023485260516335205,-0.018450530386438038,0.026894733076508012,False
3.3559999999997414,thumb_ik,0.01943460867144116,0.0023464773264825906,-0.01843602010995116,0.02689045941500956,False
3.3569999999997413,thumb_ik,0.019442715461423274,0.0023444290766971715,-0.018421505452755112,0.02688619339652635,False
3.357999999999741,thumb_ik,0.019450822959518985,0.002342381281577821,-0.01840698693264516,0.026881935045852012,False
3.358999999999741,thumb_ik,0.01945893074430241,0.0023403339290184177,-0.01839246500729883,0.02687768438045927,False
3.359999999999741,thumb_ik,0.019467038437766593,0.002338287013750759,-0.018377940083466052,0.02687344141355226,False
3.360999999999741,thumb_ik,0.019475145701241023,0.0023362405346049053,-0.018363412525808438,0.026869206157106987,False
3.3619999999997408,thumb_ik,0.019483251942585933,0.002334194500017081,-0.01834888281465483,0.026864978517916666,False
3.3629999999997406,thumb_ik,0.01949135728201079,0.002332148930706046,-0.01833435085669499,0.02686075852738304,False
3.3639999999997405,thumb_ik,0.01949949329375411,0.002330101730351669,-0.01831978344090107,0.026856546280347785,False
3.3649999999997404,thumb_ik,0.019507623687149173,0.0023280561368144437,-0.018305219235517433,0.026852342142836258,False
3.3659999999997403,thumb_ik,0.01951578081926883,0.002326008028171997,-0.018290624272753752,0.02684814613003867,False
3.36699999999974,thumb_ik,0.01952395071474816,0.002323961147841419,-0.01827601331106696,0.026843958528407996,False
3.36799999999974,thumb_ik,0.01953213126039753,0.002321915632218674,-0.018261388300862668,0.026839779180377468,False
3.36899999999974,thumb_ik,0.019540320592542668,0.0023198716402917374,-0.018246750900201617,0.02683560790630213,False
3.36999999999974,thumb_ik,0.01954851711598707,0.0023178291782037647,-0.01823210253630202,0.026831444546047137,False
3.3709999999997398,thumb_ik,0.019556719442350073,0.002315788255026957,-0.01821744444385961,0.026827288954607873,False
3.3719999999997397,thumb_ik,0.019564926362897445,0.0023137488594696665,-0.01820277769231263,0.026823140999630356,False
3.3729999999997395,thumb_ik,0.01957313686209987,0.0023117110100360494,-0.018188103151378147,0.02681900055299575,False
3.3739999999997394,thumb_ik,0.019581350019429455,0.002309674663056649,-0.018173421646148203,0.026814867517130563,False
3.3749999999997393,thumb_ik,0.019589565033039977,0.002307639769434891,-0.018158733902911294,0.026810741810810085,False
3.375999999999739,thumb_ik,0.019597781204329173,0.0023056062772285613,-0.018144040564745303,0.026806623369113027,False
3.376999999999739,thumb_ik,0.01960599792455632,0.00230357413324557,-0.018129342204550782,0.026802512142983372,False
3.377999999999739,thumb_ik,0.019614214658946194,0.0023015432875072156,-0.018114639327733,0.026798408090133643,False
3.378999999999739,thumb_ik,0.01962243095018623,0.0022995136985076853,-0.018099932439094395,0.0267943112235458,False
3.3799999999997388,thumb_ik,0.0196306463940107,0.0022974853128782946,-0.018085221952628152,0.026790221531099737,False
3.3809999999997387,thumb_ik,0.01963886063789197,0.002295458080031454,-0.018070508246390508,0.026786139013202176,False
3.3819999999997385,thumb_ik,0.019647073379658805,0.0022934319443193296,-0.018055791667113488,0.026782063684397565,False
3.3829999999997384,thumb_ik,0.019655284344845925,0.0022914068619388495,-0.018041072536796186,0.026777995562805433,False
3.3839999999997383,thumb_ik,0.01966349329845221,0.002289382792468722,-0.018026351152231262,0.02677393467782194,False
3.384999999999738,thumb_ik,0.01967170003503682,0.002287359698030303,-0.018011627789645154,0.026769881066029386,False
3.385999999999738,thumb_ik,0.019679904370044757,0.002285337537022411,-0.01799690270454118,0.026765834764283965,False
3.386999999999738,thumb_ik,0.019688106066727717,0.0022833162236159665,-0.017982176188055633,0.02676179579045516,False
3.387999999999738,thumb_ik,0.019696304998182507,0.002281295739738551,-0.017967448459930906,0.026757764200206487,False
3.3889999999997378,thumb_ik,0.01970450105086531,0.0022792760638493947,-0.017952719726857646,0.026753740049381743,False
3.3899999999997377,thumb_ik,0.019712694126843233,0.0022772571770835887,-0.017937990186720192,0.026749723399091967,False
3.3909999999997376,thumb_ik,0.01972088405189744,0.0022752389856446065,-0.017923260085388946,0.0267457142794631,False
3.3919999999997374,thumb_ik,0.019729070335242904,0.002273221477083684,-0.017908529851043613,0.026741712615360975,False
3.3929999999997373,thumb_ik,0.01973725297603164,0.002271204634871654,-0.017893799616390402,0.026737718493634897,False
3.3939999999997372,thumb_ik,0.01974543200223039,0.002269188511679107,-0.0178790694813515,0.026733732006123556,False
3.394999999999737,thumb_ik,0.019753607375517457,0.0022671730108340393,-0.017864339610021696,0.026729753225747187,False
3.395999999999737,thumb_ik,0.019761779090937168,0.0022651581204616716,-0.017849610126957505,0.026725782230536843,False
3.396999999999737,thumb_ik,0.01976996020937373,0.0022631406711049185,-0.017834842000704846,0.026721802363754123,False
3.397999999999737,thumb_ik,0.019778149565787967,0.002261121580361819,-0.01782004199134066,0.02671781741873765,False
3.3989999999997367,thumb_ik,0.019786346046088504,0.0022591014687954603,-0.017805215782078703,0.0267138304694078,False
3.3999999999997366,thumb_ik,0.01979454859301455,0.0022570807402199494,-0.01779036815187327,0.026709843998950513,False
3.4009999999997365,thumb_ik,0.019802756209793007,0.0022550596429251335,-0.017775503120274188,0.026705860006308025,False
3.4019999999997363,thumb_ik,0.019811060547522588,0.002252987232588294,-0.01776097630003857,0.026702178761635605,False
3.4029999999997362,thumb_ik,0.019819435353473663,0.002250871387107334,-0.0177467245484523,0.02669873914495701,False
3.403999999999736,thumb_ik,0.019827858982111618,0.002248718587185325,-0.017732695175095275,0.02669549035458432,False
3.404999999999736,thumb_ik,0.019836313476495393,0.002246534251820767,-0.01771884476973416,0.026692390459760854,False
3.405999999999736,thumb_ik,0.01984478406399509,0.0022443229264096365,-0.017705137385698237,0.0266894048227204,False
3.406999999999736,thumb_ik,0.01985325877606549,0.002242088329338976,-0.017691543311119908,0.026686504994757387,False
3.4079999999997357,thumb_ik,0.01986175118933424,0.002239854955930237,-0.017678012020422306,0.02668366952884893,False
3.4089999999997356,thumb_ik,0.019870250214952437,0.00223762184425344,-0.017664527284360552,0.026680879282786316,False
3.4099999999997355,thumb_ik,0.01987874674931532,0.002235388355619816,-0.017651075783432005,0.026678118556905675,False
3.4109999999997354,thumb_ik,0.019887233548134847,0.002233154137331911,-0.01763764650598856,0.026675374596607883,False
3.4119999999997352,thumb_ik,0.019895704565589006,0.002230919017008809,-0.01762423060863597,0.026672636996893123,False
3.412999999999735,thumb_ik,0.019904154810408747,0.0022286830067199254,-0.017610820928608075,0.026669897270905636,False
3.413999999999735,thumb_ik,0.01991258047234068,0.0022264461771797917,-0.017597411731095452,0.02666714876549455,False
3.414999999999735,thumb_ik,0.019920978569873057,0.0022242086906409664,-0.017583998701978968,0.02666438639519129,False
3.415999999999735,thumb_ik,0.019929346843979165,0.002221970746209556,-0.01757057820901695,0.026661606069849103,False
3.4169999999997347,thumb_ik,0.019937683632330894,0.002219732578869024,-0.017557147436310244,0.026658804688975517,False
3.4179999999997346,thumb_ik,0.01994598777160414,0.0022174944440884192,-0.017543704243478734,0.026655979974054576,False
3.4189999999997345,thumb_ik,0.019954258512894132,0.002215256608538038,-0.017530247049135524,0.026653130327314353,False
3.4199999999997344,thumb_ik,0.01996249545085821,0.002213019341528996,-0.017516774732263752,0.026650254712711284,False
3.4209999999997343,thumb_ik,0.019970698461808115,0.002210782909778594,-0.01750328654983709,0.026647352554659946,False
3.421999999999734,thumb_ik,0.019978867652468632,0.0022085475727018355,-0.017489782067479243,0.02664442365343381,False
3.422999999999734,thumb_ik,0.019987008017130464,0.002206417324541826,-0.01747593181835785,0.026641264230639807,False
3.423999999999734,thumb_ik,0.01999512810408205,0.002204376071539449,-0.01746179128535889,0.026637916147042418,False
3.424999999999734,thumb_ik,0.020003234645936382,0.0022024104292129865,-0.017447407276385666,0.026634414366889528,False
3.4259999999997337,thumb_ik,0.020011332393877576,0.00220050924420441,-0.017432819525725365,0.02663078785407211,False
3.4269999999997336,thumb_ik,0.020019425322729642,0.002198663189807465,-0.017418061192507394,0.026627060779975235,False
3.4279999999997335,thumb_ik,0.02002751638902156,0.0021968644599502513,-0.017403160206577967,0.02662325320737003,False
3.4289999999997334,thumb_ik,0.020035607727585142,0.0021949976501996066,-0.017388481996211434,0.026619596124483565,False
3.4299999999997333,thumb_ik,0.02004369254406109,0.002193074591968061,-0.01737398749011942,0.026616059593290893,False
3.430999999999733,thumb_ik,0.02005176566860961,0.0021911052119822916,-0.017359643948022894,0.026612618933147765,False
3.431999999999733,thumb_ik,0.02005982317114896,0.0021890975338909047,-0.017345424166965367,0.0266092539016523,False
3.432999999999733,thumb_ik,0.020067862151477614,0.002187058078526677,-0.017331305538786344,0.02660594794492996,False
3.433999999999733,thumb_ik,0.020075880540100094,0.0021849921572818093,-0.017317269292870207,0.026602687570047093,False
3.4349999999997327,thumb_ik,0.020083876921470734,0.002182904122447357,-0.017303299862535853,0.026599461812928014,False
3.4359999999997326,thumb_ik,0.020091883259587856,0.0021807838711485755,-0.01728935787297514,0.0265962682884155,False
3.4369999999997325,thumb_ik,0.02009984047924253,0.0021787589684093694,-0.01727513393365904,0.02659287179601479,False
3.4379999999997324,thumb_ik,0.02010781771306304,0.0021766875969947697,-0.017260979523328075,0.026589541481218396,False
3.4389999999997323,thumb_ik,0.020115809476190127,0.0021745759262739306,-0.01724688041440425,0.026586264411727185,False
3.439999999999732,thumb_ik,0.020123787633635593,0.0021725591008694978,-0.017232474182178905,0.026582795342286678,False
3.440999999999732,thumb_ik,0.020131785087000004,0.002170488421839367,-0.017218165509032542,0.026579409592294042,False
3.441999999999732,thumb_ik,0.020139796005888902,0.0021683716462469887,-0.017203935568631704,0.02657609109340005,False
3.442999999999732,thumb_ik,0.020147815702016916,0.002166215043913289,-0.01718976871532146,0.026572826602850513,False
3.4439999999997317,thumb_ik,0.02015584002334178,0.0021640239618706397,-0.017175652000935283,0.026569604972812993,False
3.4449999999997316,thumb_ik,0.020163830463414106,0.0021619442696659275,-0.017161220786340994,0.026566173244560277,False
3.4459999999997315,thumb_ik,0.020171797508924255,0.0021599583629075686,-0.01714652752240862,0.02656257218243846,False
3.4469999999997314,thumb_ik,0.020179537919078533,0.002158125847894682,-0.017130924900060306,0.0265582349890648,False
3.4479999999997313,thumb_ik,0.02018710725291288,0.0021564302492207282,-0.017114564889581133,0.026553301527682868,False
3.448999999999731,thumb_ik,0.020194725738062178,0.0021547004327630154,-0.017098240411670487,0.026548436992896246,False
3.449999999999731,thumb_ik,0.020202386832990346,0.002152939290804498,-0.01708195597404265,0.026543639562780438,False
3.450999999999731,thumb_ik,0.020210087310886943,0.0021511587520681857,-0.01706570062863338,0.026538900712659724,False
3.451999999999731,thumb_ik,0.020217821888538073,0.002149358671632462,-0.01704948003978053,0.02653422006094857,False
3.4529999999997307,thumb_ik,0.02022558482619148,0.002147540976768003,-0.017033296483463228,0.026529594849939296,False
3.4539999999997306,thumb_ik,0.020233373205064853,0.002145710066483092,-0.0170171468927616,0.02652502123118225,False
3.4549999999997305,thumb_ik,0.020241184495166376,0.0021438695301563143,-0.017001028687785424,0.026520495899824335,False
3.4559999999997304,thumb_ik,0.020249015665987413,0.002142021290284943,-0.01698494126173603,0.026516016297967175,False
3.4569999999997303,thumb_ik,0.020256864863511873,0.0021401678817353498,-0.01696888253361872,0.0265115798680566,False
3.45799999999973,thumb_ik,0.020264730454160024,0.0021383113695943035,-0.016952850732003876,0.02650718438149743,False
3.45899999999973,thumb_ik,0.02027261098272508,0.0021364534296928472,-0.016936844338539068,0.026502827876701284,False
3.45999999999973,thumb_ik,0.020280505138508625,0.0021345954154100427,-0.01692086204238021,0.026498508609312858,False
3.46099999999973,thumb_ik,0.02028841355125803,0.002132741263558488,-0.016904897913282386,0.02649422358142723,False
3.4619999999997297,thumb_ik,0.020296333215422846,0.0021308884546488993,-0.016888956477057567,0.026489973168759107,False
3.4629999999997296,thumb_ik,0.020304263089026747,0.0021290377473866945,-0.016873036771362638,0.02648575600593585,False
3.4639999999997295,thumb_ik,0.020312202199454968,0.002127189729459175,-0.016857137894962602,0.0264815708058726,False
3.4649999999997294,thumb_ik,0.020320157628331545,0.0021253426962370703,-0.016841226513249135,0.02647740164909039,False
3.4659999999997293,thumb_ik,0.02032812794702822,0.0021234975783855775,-0.016825307532233224,0.02647325067592537,False
3.466999999999729,thumb_ik,0.020336111739673035,0.0021216550168128984,-0.01680938503067563,0.02646911947550082,False
3.467999999999729,thumb_ik,0.02034410761108396,0.0021198154365020816,-0.016793462401537704,0.026465009189646192,False
3.468999999999729,thumb_ik,0.02035211370272351,0.002117979165120021,-0.016777542736617312,0.02646092039577401,False
3.469999999999729,thumb_ik,0.020360128771857597,0.0021161463256075957,-0.016761628341166384,0.02645685362104493,False
3.4709999999997287,thumb_ik,0.020368151622667238,0.002114316958213458,-0.016745721125303283,0.026452809165194154,False
3.4719999999997286,thumb_ik,0.020376181112395544,0.0021124910450192186,-0.016729822669740133,0.026448787149912608,False
3.4729999999997285,thumb_ik,0.020384216189070478,0.002110668500838034,-0.01671393417486983,0.026444787515975135,False
3.4739999999997284,thumb_ik,0.020392280192725057,0.0021088837476580385,-0.01669802064703785,0.026440808906851646,False
3.4749999999997283,thumb_ik,0.020400369223727205,0.0021071306707561577,-0.016682088432606833,0.02643685190413851,False
3.475999999999728,thumb_ik,0.02040847977990566,0.0021054043602650174,-0.016666142801872095,0.026432916795908735,False
3.476999999999728,thumb_ik,0.020416608700848216,0.0021037008570842647,-0.01665018812296847,0.026429003626128027,False
3.477999999999728,thumb_ik,0.020424753139684143,0.0021020169623037904,-0.01663422802032088,0.026425112260099835,False
3.478999999999728,thumb_ik,0.020432910651254063,0.0021003500547571996,-0.01661826551169469,0.026421242526645704,False
3.4799999999997278,thumb_ik,0.02044107893721195,0.002098697834968466,-0.01660230325795015,0.026417394159696628,False
3.4809999999997276,thumb_ik,0.02044925590575504,0.0020970586409901626,-0.016586343313541998,0.026413566714048452,False
3.4819999999997275,thumb_ik,0.020457439679455416,0.0020954311138670773,-0.016570387399344338,0.026409759717874542,False
3.4829999999997274,thumb_ik,0.02046562850287789,0.002093814262636315,-0.01655443710689614,0.02640597273554616,False
3.4839999999997273,thumb_ik,0.020473821565676717,0.0020922070535627363,-0.01653849327789182,0.02640220558515935,False
3.484999999999727,thumb_ik,0.020482017427346025,0.0020906087236703674,-0.01652255692807939,0.026398457723344693,False
3.485999999999727,thumb_ik,0.02049021482009307,0.0020890186319834775,-0.016506628932482875,0.026394728658067627,False
3.486999999999727,thumb_ik,0.02049841262239681,0.0020874362337126584,-0.01649071004728671,0.026391017940419353,False
3.487999999999727,thumb_ik,0.020506609715002982,0.002085861074188594,-0.016474801000282948,0.02638732510928673,False
3.4889999999997268,thumb_ik,0.020514805384789295,0.002084292734038734,-0.01645890223370357,0.02638364984067896,False
3.4899999999997267,thumb_ik,0.02052299883749445,0.0020827308691961643,-0.0164430142320745,0.026379991777737644,False
3.4909999999997265,thumb_ik,0.020531189367740135,0.002081175178392236,-0.016427137416687294,0.02637635059449827,False
3.4919999999997264,thumb_ik,0.02053937639815903,0.0020796253634963596,-0.016411272096667585,0.026372725993128007,False
3.4929999999997263,thumb_ik,0.02054755933086652,0.0020780812036809704,-0.016395418625001875,0.02636911769160338,False
3.493999999999726,thumb_ik,0.020555737669977286,0.002076542494034772,-0.016379577290301633,0.026365525446981335,False
3.494999999999726,thumb_ik,0.02056393888511293,0.002075003558722921,-0.01636371241379869,0.026361948072949424,False
3.495999999999726,thumb_ik,0.02057215905366719,0.0020734655964510657,-0.016347829294544484,0.026358385958791444,False
3.496999999999726,thumb_ik,0.02058039466500554,0.0020719295261036608,-0.016331932412707372,0.0263548392683729,False
3.4979999999997258,thumb_ik,0.020588642614944044,0.002070396046086248,-0.016316025493984938,0.026351307983360255,False
3.4989999999997257,thumb_ik,0.02059690018672837,0.0020688656796822996,-0.016300111723000065,0.026347792026750604,False
3.4999999999997256,thumb_ik,0.020605165004590073,0.0020673388118434416,-0.0162841938341016,0.02634429128779004,False
3.5009999999997254,thumb_ik,0.020613435134530234,0.0020658156540830086,-0.0162682737788634,0.02634080549463502,False
3.5019999999997253,thumb_ik,0.020621708698963542,0.0020642963698417477,-0.01625235358504454,0.026337334455497973,False
3.5029999999997252,thumb_ik,0.02062998405065211,0.0020627811160250364,-0.016236434940743238,0.026333877941689066,False
3.503999999999725,thumb_ik,0.020638259744018297,0.0020612699946564034,-0.016220519291578733,0.02633043572257996,False
3.504999999999725,thumb_ik,0.020646534230994898,0.0020597636470676556,-0.01620460759557572,0.026327007223761988,False
3.505999999999725,thumb_ik,0.020654806337899775,0.002058262653745202,-0.016188700775688274,0.026323592133535217,False
3.506999999999725,thumb_ik,0.020663075041359363,0.002056767414704133,-0.016172799635427757,0.026320190166690082,False
3.5079999999997247,thumb_ik,0.020671352462865097,0.0020552559862940106,-0.016156811828368294,0.026316752426363287,False
3.5089999999997246,thumb_ik,0.020679636709560967,0.002053731685510693,-0.016140750761763443,0.026313286062916188,False
3.5099999999997245,thumb_ik,0.020687926284651256,0.0020521970588715938,-0.01612462756288514,0.026309797049186085,False
3.5109999999997243,thumb_ik,0.020696220117917538,0.0020506540700987175,-0.01610845167366338,0.02630629059003294,False
3.5119999999997242,thumb_ik,0.020704516451438282,0.0020491043327345165,-0.01609223153932381,0.026302770689977086,False
3.512999999999724,thumb_ik,0.020712813088524726,0.0020475491320399997,-0.016075974573313053,0.026299240330665195,False
3.513999999999724,thumb_ik,0.020721108584091832,0.0020459893826010322,-0.016059686874441818,0.02629570223463445,False
3.514999999999724,thumb_ik,0.02072940162793209,0.0020444258210959715,-0.016043373661362086,0.026292158664289324,False
3.515999999999724,thumb_ik,0.020737691031376362,0.0020428590147834325,-0.01602703941900577,0.02628861150394738,False
3.5169999999997237,thumb_ik,0.020745975723391735,0.002041289399198079,-0.01601068800981131,0.026285062329664606,False
3.5179999999997236,thumb_ik,0.020754254745967537,0.0020397173108713945,-0.015994322729037207,0.026281512443719457,False
3.5189999999997235,thumb_ik,0.020762527239224338,0.002038143005053547,-0.015977946468434766,0.02627796296551063,False
3.5199999999997234,thumb_ik,0.0207706301744984,0.0020367767700273237,-0.015960997271545558,0.026273959948188076,False
3.5209999999997232,thumb_ik,0.020778602826263093,0.002035588746589684,-0.015943574899691972,0.02626959340261891,False
3.521999999999723,thumb_ik,0.020786477858780766,0.0020345536404995507,-0.015925763920160953,0.02626493911529881,False
3.522999999999723,thumb_ik,0.020794282347182266,0.0020336499960234705,-0.015907635978748485,0.026260060797207524,False
3.523999999999723,thumb_ik,0.02080203862357026,0.002032859565429909,-0.015889251539846497,0.026255011776911908,False
3.524999999999723,thumb_ik,0.020809764037768866,0.0020321642041264826,-0.015870635670733175,0.026249819947064393,False
3.5259999999997227,thumb_ik,0.02081747396263152,0.0020315512911205508,-0.015851836498993025,0.0262445259668393,False
3.5269999999997226,thumb_ik,0.020825343191281764,0.002030789091540905,-0.015833469123357414,0.026239622098065737,False
3.5279999999997225,thumb_ik,0.020833368966399715,0.0020299485255193955,-0.015815423438198802,0.026235044730968788,False
3.5289999999997224,thumb_ik,0.020841522531959256,0.002029044375657138,-0.015797647162944014,0.026230740332926637,False
3.5299999999997222,thumb_ik,0.020849779718793968,0.0020280889784722034,-0.015780096382268013,0.026226663933113962,False
3.530999999999722,thumb_ik,0.020857960576899523,0.0020273093913575346,-0.015762169360168356,0.02622232799990137,False
3.531999999999722,thumb_ik,0.020866086955326144,0.002026680006824766,-0.01574393462295057,0.02621778964918738,False
3.532999999999722,thumb_ik,0.020874177614775904,0.002026179083692667,-0.015725449774469765,0.026213097172630637,False
3.533999999999722,thumb_ik,0.020882247260037512,0.002025788490297581,-0.015706763851205088,0.026208290678987237,False
3.5349999999997217,thumb_ik,0.02089030782170634,0.0020254927477164203,-0.015687918585047065,0.026203403811103664,False
3.5359999999997216,thumb_ik,0.020898528438388478,0.0020250632707668886,-0.01566951305993441,0.02619891241399528,False
3.5369999999997215,thumb_ik,0.020906719153097497,0.0020247363960536474,-0.01565091750149381,0.02619430628702664,False
3.5379999999997214,thumb_ik,0.02091489230510686,0.0020244978399292096,-0.015632171194153405,0.026189617940730173,False
3.5389999999997213,thumb_ik,0.020923215073704288,0.0020241236841562205,-0.015613862919719331,0.026185314987317507,False
3.539999999999721,thumb_ik,0.02093150086629504,0.0020238475508190384,-0.015595371256422626,0.026180895554780387,False
3.540999999999721,thumb_ik,0.020939763798396502,0.0020236167675762168,-0.015576723151983867,0.026176383189971116,False
3.541999999999721,thumb_ik,0.02094801394694447,0.0020234266712716442,-0.015557951904505821,0.026171805655672856,False
3.542999999999721,thumb_ik,0.020956259485024775,0.0020232731333695297,-0.015539085679552821,0.026167186121789813,False
3.5439999999997207,thumb_ik,0.02096450670533853,0.0020231525294584496,-0.01552014856596549,0.026162543818697735,False
3.5449999999997206,thumb_ik,0.020972785059244103,0.002023059294359794,-0.015501108381534612,0.02615788300122605,False
3.5459999999997205,thumb_ik,0.020981095868895377,0.002022991675624447,-0.01548198910231446,0.02615321903214991,False
3.5469999999997204,thumb_ik,0.020989594370649706,0.002022750387064287,-0.015463361629296585,0.026148998907246535,False
3.5479999999997203,thumb_ik,0.020998089145325305,0.00202256125980238,-0.015444599733173709,0.026144715770545893,False
3.54899999999972,thumb_ik,0.02100658612085317,0.0020224181364478927,-0.01542573178787893,0.02614039090685204,False
3.54999999999972,thumb_ik,0.02101508994075592,0.0020223157021928284,-0.015406781750989623,0.026136041971576783,False
3.55099999999972,thumb_ik,0.02102360417609274,0.0020222493997707064,-0.015387769870769123,0.02613168358111752,False
3.55199999999972,thumb_ik,0.021032131525562298,0.0020222152540806254,-0.015368713168137083,0.02612732775250577,False
3.5529999999997197,thumb_ik,0.021040673962035808,0.0020222098417762846,-0.015349625959203108,0.026122984333883263,False
3.5539999999997196,thumb_ik,0.021049232736532128,0.0020222319656374582,-0.015330518686585335,0.026118660457980687,False
3.5549999999997195,thumb_ik,0.021057808830580685,0.0020222787139694,-0.015311401679890573,0.026114362817139754,False
3.5559999999997194,thumb_ik,0.021066402788463223,0.0020223475550135706,-0.015292283561573205,0.026110096755979334,False
3.5569999999997193,thumb_ik,0.021075014845041262,0.002022436317241666,-0.015273171540426175,0.026105866549097575,False
3.557999999999719,thumb_ik,0.021083644965382814,0.0020225431094166024,-0.015254071609480075,0.026101675546273014,False
3.558999999999719,thumb_ik,0.021092292749541913,0.002022665515298061,-0.015234989487889383,0.02609752658615859,False
3.559999999999719,thumb_ik,0.021100957761068295,0.002022802301187815,-0.015215929124771484,0.026093421521796414,False
3.560999999999719,thumb_ik,0.02110963943629593,0.002022952409616266,-0.01519689374681132,0.026089361685059785,False
3.5619999999997187,thumb_ik,0.021118337084874095,0.0020231148879203825,-0.015177886013516235,0.026085347973898783,False
3.5629999999997186,thumb_ik,0.021127049974398474,0.002023288947057292,-0.015158908023040183,0.02608138093036883,False
3.5639999999997185,thumb_ik,0.02113577732817916,0.0020234738824784215,-0.015139961440977217,0.026077460809168545,False
3.5649999999997184,thumb_ik,0.021144518334576395,0.0020236690981939864,-0.015121047563333729,0.026073587624890128,False
3.5659999999997183,thumb_ik,0.02115327216187199,0.00202387406293153,-0.015102167379551865,0.026069761198308585,False
3.566999999999718,thumb_ik,0.02116203809302787,0.002024088269529184,-0.01508332156688431,0.026065981260325607,False
3.567999999999718,thumb_ik,0.021170815272806176,0.0020243113362053283,-0.015064510643917287,0.026062247344422734,False
3.568999999999718,thumb_ik,0.02117960285396324,0.002024542948478106,-0.015045734941976762,0.02605855888467474,False
3.569999999999718,thumb_ik,0.02118842230852766,0.002024830287609053,-0.015026939049555033,0.026054905004953933,False
3.5709999999997177,thumb_ik,0.021197270601283458,0.002025165535732204,-0.0150081311598944,0.026051287440426944,False
3.5719999999997176,thumb_ik,0.02120614494308165,0.00202554233458363,-0.014989317957861351,0.026047707345139663,False
3.5729999999997175,thumb_ik,0.021215042699006467,0.002025955381521838,-0.014970505045189954,0.02604416543559503,False
3.5739999999997174,thumb_ik,0.021223959148802055,0.002026398487263867,-0.014951685513320993,0.026040653457017098,False
3.5749999999997173,thumb_ik,0.02123289229359332,0.0020268684861866892,-0.01493286549350822,0.026037173096533344,False
3.575999999999717,thumb_ik,0.02124184024340274,0.002027362722722942,-0.014914050062998948,0.026033725546248075,False
3.576999999999717,thumb_ik,0.021250801557850557,0.002027879000846819,-0.014895243126055394,0.026030311713030246,False
3.577999999999717,thumb_ik,0.021259774472046702,0.0020284154321441594,-0.014876448162394137,0.026026932006981713,False
3.578999999999717,thumb_ik,0.021268758561164336,0.0020289685919651634,-0.014857670952992532,0.026023589115025628,False
3.5799999999997167,thumb_ik,0.021277750837590315,0.002029538812852477,-0.01483891113747646,0.026020280402896757,False
3.5809999999997166,thumb_ik,0.021286749996549545,0.002030124974250036,-0.014820170627289447,0.026017005789457186,False
3.5819999999997165,thumb_ik,0.021295764297157252,0.002030712979920496,-0.014801470659244382,0.02601378299831394,False
3.5829999999997164,thumb_ik,0.021304790492947145,0.002031304687280633,-0.014782809332800583,0.026010608382943973,False
3.5839999999997163,thumb_ik,0.021313827596281226,0.002031898167853999,-0.014764190311864139,0.026007483010346666,False
3.584999999999716,thumb_ik,0.0213228726487633,0.0020324956915876713,-0.014745611300600748,0.02600440326867942,False
3.585999999999716,thumb_ik,0.0213319354576139,0.002033097906726941,-0.014727044176989754,0.026001361265463593,False
3.586999999999716,thumb_ik,0.021341013206365445,0.0020337072254949795,-0.014708491033110376,0.025998356067728264,False
3.587999999999716,thumb_ik,0.02135010360886047,0.0020343256347616356,-0.014689953524447307,0.025995386887825832,False
3.5889999999997158,thumb_ik,0.021359204553678096,0.002034954778775966,-0.014671433085541367,0.02599245292197418,False
3.5899999999997156,thumb_ik,0.021368317142239662,0.0020354813700179802,-0.014652881690384766,0.02598951911312398,False
3.5909999999997155,thumb_ik,0.02137743948172971,0.0020359278604463182,-0.014634306730559609,0.025986589898100522,False
3.5919999999997154,thumb_ik,0.021386569936492697,0.002036312592890055,-0.014615714529071167,0.025983668983031588,False
3.5929999999997153,thumb_ik,0.021395707026094196,0.0020366505440807814,-0.014597110495078097,0.0259807594075054,False
3.593999999999715,thumb_ik,0.02140484938593673,0.0020369539558655753,-0.014578499183244543,0.0259778635974711,False
3.594999999999715,thumb_ik,0.021413995844534295,0.0020372328361006747,-0.014559884541561968,0.02597498360965477,False
3.595999999999715,thumb_ik,0.02142314546188709,0.002037495442719875,-0.01454126982218765,0.025972121153304804,False
3.596999999999715,thumb_ik,0.02143229748116833,0.0020377486444575765,-0.014522657306329245,0.025969277427305544,False
3.5979999999997148,thumb_ik,0.02144145127511736,0.0020379980515683183,-0.01450404906104125,0.02596645351230159,False
3.5989999999997146,thumb_ik,0.021450606296029684,0.002038248274517415,-0.014485446813149106,0.02596365028019776,False
3.5999999999997145,thumb_ik,0.021459762043759698,0.0020385030420412287,-0.014466851973985544,0.02596086839195504,False
3.6009999999997144,thumb_ik,0.02146891792614805,0.00203876537126349,-0.014448265643641215,0.02595810819894176,False
3.6019999999997143,thumb_ik,0.02147807355399528,0.002039037765641724,-0.014429688826335111,0.025955370123067114,False
3.602999999999714,thumb_ik,0.021487228562972804,0.0020393223616459732,-0.014411122368978225,0.025952654487466368,False
3.603999999999714,thumb_ik,0.021496382686936544,0.0020396207518439124,-0.014392566939500164,0.02594996155185149,False
3.604999999999714,thumb_ik,0.02150553560779865,0.0020399342784724606,-0.014374023092472894,0.025947291448275036,False
3.605999999999714,thumb_ik,0.021514687027608934,0.002040264016158616,-0.01435549127363039,0.025944644242287734,False
3.6069999999997138,thumb_ik,0.02152383666954652,0.002040610846333543,-0.014336971834423343,0.025942019948040625,False
3.6079999999997137,thumb_ik,0.021532984150132217,0.002040976311023554,-0.014318464308172813,0.02593941809016585,False
3.6089999999997135,thumb_ik,0.021542146766069678,0.002041400149987202,-0.014299912130991476,0.025936824956369106,False
3.6099999999997134,thumb_ik,0.02155132302808245,0.0020418761926662976,-0.014281323929944491,0.025934243691284685,False
3.6109999999997133,thumb_ik,0.021560511516629216,0.002042399429900435,-0.014262706923505803,0.025931676788741972,False
3.611999999999713,thumb_ik,0.02156971088573459,0.0020429657577385463,-0.014244067155496292,0.025929126208026326,False
3.612999999999713,thumb_ik,0.021578919864360044,0.0020435718185183444,-0.01422540968058868,0.02592659346830009,False
3.613999999999713,thumb_ik,0.021588137338368382,0.002044214367740063,-0.014206739148738639,0.025924079990654113,False
3.614999999999713,thumb_ik,0.021597362148121288,0.002044891233602422,-0.014188059023802446,0.025921586579090182,False
3.6159999999997128,thumb_ik,0.021606593214929484,0.0020456006413886174,-0.014169372196941522,0.025919113811913898,False
3.6169999999997127,thumb_ik,0.021615829539370676,0.0020463416168711723,-0.014150680684271815,0.02591666190920992,False
3.6179999999997126,thumb_ik,0.02162507027536971,0.002047112370050466,-0.01413198698061607,0.025914231408448028,False
3.6189999999997124,thumb_ik,0.021634314539211122,0.002047911952465009,-0.014113292698694841,0.02591182239337102,False
3.6199999999997123,thumb_ik,0.021643561520986246,0.002048739504524791,-0.014094599228687697,0.02590943488938809,False
3.6209999999997122,thumb_ik,0.021652810469966297,0.0020495946279109473,-0.01407590733770862,0.025907068664107927,False
3.621999999999712,thumb_ik,0.021662060703430353,0.0020504766434164684,-0.014057218047969586,0.025904723654817472,False
3.622999999999712,thumb_ik,0.021671311584795905,0.0020513849755633834,-0.014038532192568353,0.025902399739117885,False
3.623999999999712,thumb_ik,0.021680562448064905,0.0020523190747222114,-0.01401985040200215,0.02590009665895922,False
3.624999999999712,thumb_ik,0.021689812764828287,0.0020532784974193197,-0.01400117327132951,0.025897814257868645,False
3.6259999999997117,thumb_ik,0.021699062043879447,0.0020542628721895995,-0.013982501285745127,0.025895552354372565,False
3.6269999999997116,thumb_ik,0.02170830877766701,0.002055271652292731,-0.013963833737781758,0.02589330925562943,False
3.6279999999997115,thumb_ik,0.021717552673984786,0.002056304581789653,-0.013945171236918245,0.025891085019893716,False
3.6289999999997113,thumb_ik,0.021726793459836122,0.0020573614106857846,-0.013926514248503035,0.025888879642315826,False
3.6299999999997112,thumb_ik,0.021736029936954115,0.002058441307641337,-0.013907862339344861,0.025886691810413646,False
3.630999999999711,thumb_ik,0.021745262341634722,0.0020595441571868572,-0.013889215718340297,0.0258845218173431,False
3.631999999999711,thumb_ik,0.02175449089977609,0.0020606699942222195,-0.01387057447718756,0.025882369896528704,False
3.632999999999711,thumb_ik,0.02176371570845241,0.002061818712880803,-0.013851938651344205,0.025880236131915937,False
3.633999999999711,thumb_ik,0.021772936895953485,0.0020629903114680326,-0.013833308270167325,0.025878120638830465,False
3.6349999999997107,thumb_ik,0.02178215462542321,0.0020641849060170775,-0.013814683353961053,0.025876023566658832,False
3.6359999999997106,thumb_ik,0.021791368860770294,0.0020654023434349272,-0.013796063863282294,0.025873944843919323,False
3.6369999999997105,thumb_ik,0.021800579621231247,0.0020666426196499638,-0.013777449762612842,0.025871884459782158,False
3.6379999999997104,thumb_ik,0.021809786939836748,0.0020679050919982095,-0.013758841725488167,0.02586984274126188,False
3.6389999999997102,thumb_ik,0.02181899075004276,0.002069189837761942,-0.013740239587663901,0.025867819542078823,False
3.63999999999971,thumb_ik,0.021828190961766553,0.002070496931567925,-0.013721643202024379,0.025865814705333393,False
3.64099999999971,thumb_ik,0.02183738749282703,0.0020718264002497766,-0.013703052427600938,0.02586382808051102,False
3.64199999999971,thumb_ik,0.02184658025383819,0.002073178238035725,-0.013684467137181081,0.02586185951594832,False
3.64299999999971,thumb_ik,0.02185576915111148,0.0020745524469470422,-0.013665887211419526,0.025859908861344618,False
3.6439999999997097,thumb_ik,0.021864954086128707,0.0020759490149159093,-0.01364731253876503,0.025857975965488483,False
3.6449999999997096,thumb_ik,0.021874134919283722,0.0020773614744158536,-0.013628734230240098,0.02585605549732853,False
3.6459999999997095,thumb_ik,0.021883311565941713,0.0020787910802613635,-0.013610153380287277,0.025854148071100654,False
3.6469999999997094,thumb_ik,0.021892483969280133,0.0020802389305419333,-0.013591570680247082,0.025852254097263588,False
3.6479999999997093,thumb_ik,0.02190165888184266,0.002081723694065188,-0.013572959960937363,0.02585036706540622,False
3.648999999999709,thumb_ik,0.021910835765219794,0.0020832438121706626,-0.013554325229024704,0.025848488565592336,False
3.649999999999709,thumb_ik,0.021920014106052946,0.002084797847724598,-0.013535669920300902,0.02584661990796429,False
3.650999999999709,thumb_ik,0.02192919349961009,0.0020863845609614406,-0.013516996924362753,0.02584476221466918,False
3.651999999999709,thumb_ik,0.021938369935361204,0.00208800405099982,-0.013498306688682012,0.025842912370695945,False
3.6529999999997087,thumb_ik,0.021947544134375913,0.002089655005345206,-0.013479601979299694,0.02584107236730092,False
3.6539999999997086,thumb_ik,0.02195671670840628,0.002091336169618277,-0.013460885102667196,0.025839243861513612,False
3.6549999999997085,thumb_ik,0.021965888089365657,0.002093046401962756,-0.013442158017293048,0.025837428180010117,False
3.6559999999997084,thumb_ik,0.021975058735347608,0.0020947848067185554,-0.013423422373035187,0.02583562652643318,False
3.6569999999997083,thumb_ik,0.02198422918021961,0.002096550651184831,-0.013404679599677626,0.02583384006398229,False
3.657999999999708,thumb_ik,0.021993399850087497,0.002098343206988748,-0.01338593090493084,0.025832069746184242,False
3.658999999999708,thumb_ik,0.022002571236835772,0.0021001618793334287,-0.013367177324285651,0.025830316501551712,False
3.659999999999708,thumb_ik,0.02201174367108988,0.002102006076581328,-0.013348419720185908,0.0258285810298204,False
3.660999999999708,thumb_ik,0.02202092413203674,0.0021038716805660967,-0.013329632465198134,0.0258268557384454,False
3.6619999999997077,thumb_ik,0.022030111439494862,0.0021057595374608523,-0.013310820454812907,0.025825142292859406,False
3.6629999999997076,thumb_ik,0.0220393045147068,0.0021076702419933063,-0.013291987829719746,0.025823442020892134,False
3.6639999999997075,thumb_ik,0.022048502359576935,0.0021096042130698822,-0.013273138096384685,0.025821755965886022,False
3.6649999999997074,thumb_ik,0.02205770461230812,0.0021115388196215473,-0.013254269940803257,0.025820081344068,False
3.6659999999997073,thumb_ik,0.02206690474743199,0.0021134869718702626,-0.013235395893478264,0.02581842010599415,False
3.666999999999707,thumb_ik,0.022076097105962658,0.002115459309246795,-0.013216526718132459,0.025816773811072537,False
3.667999999999707,thumb_ik,0.02208527678628147,0.0021174646089776594,-0.013197671653507059,0.025815143698432512,False
3.668999999999707,thumb_ik,0.022094439257313386,0.002119510798143945,-0.013178838821257376,0.025813530653423608,False
3.669999999999707,thumb_ik,0.0221035809560743,0.002121603633960842,-0.013160035015177988,0.025811935507862968,False
3.6709999999997067,thumb_ik,0.022112698854511267,0.002123747833781345,-0.013141266054340513,0.02581035894757679,False
3.6719999999997066,thumb_ik,0.022121790398619903,0.0021259472312742528,-0.01312253691949394,0.025808801546645204,False
3.6729999999997065,thumb_ik,0.02213085345511745,0.00212820493872147,-0.013103851864002824,0.025807263795040586,False
3.6739999999997064,thumb_ik,0.02213988625993496,0.0021305234177146914,-0.013085214522405967,0.025805746118523126,False
3.6749999999997063,thumb_ik,0.022148887377195142,0.0021329046513376415,-0.01306662798109778,0.025804248896175597,False
3.675999999999706,thumb_ik,0.022157855648218733,0.0021353501878377673,-0.01304809487287142,0.025802772470481752,False
3.676999999999706,thumb_ik,0.02216679019408127,0.002137861191400414,-0.013029617371616235,0.025801317153060947,False
3.677999999999706,thumb_ik,0.02217569006700927,0.002140438962576832,-0.013011197305580317,0.02579988302735714,False
3.678999999999706,thumb_ik,0.022184554871521697,0.0021430840242737254,-0.012992836252794748,0.025798470456106344,False
3.6799999999997057,thumb_ik,0.022193384356319124,0.0021457967544117745,-0.012974535515010665,0.025797079771338997,False
3.6809999999997056,thumb_ik,0.02220217861027418,0.0021485821601211486,-0.0129562839923117,0.02579570575174751,False
3.6819999999997055,thumb_ik,0.022210905377962123,0.002151453211692411,-0.012938064328755144,0.025794312884934435,False
3.6829999999997054,thumb_ik,0.022219606765149946,0.0021543990732470625,-0.012919887358522914,0.025792941854732764,False
3.6839999999997053,thumb_ik,0.022228246912968222,0.0021574218652966187,-0.012901752447226595,0.025791561529660407,False
3.684999999999705,thumb_ik,0.02223683204780881,0.002160517053545849,-0.012883664353588505,0.025790179150929654,False
3.685999999999705,thumb_ik,0.022245367432755972,0.0021636807612041425,-0.01286562707505182,0.025788800799746995,False
3.686999999999705,thumb_ik,0.022253857515065992,0.002166909606745121,-0.012847644020701644,0.02578743159811256,False
3.687999999999705,thumb_ik,0.02226230602768829,0.0021702007861222894,-0.012829717928209274,0.0257860757627047,False
3.6889999999997047,thumb_ik,0.022270716125562695,0.002173551989880007,-0.012811850846636368,0.02578473670826535,False
3.6899999999997046,thumb_ik,0.022279078980450936,0.0021770460369235356,-0.012793941957746014,0.02578336363786209,False
3.6909999999997045,thumb_ik,0.022287427709726318,0.0021806630278200234,-0.01277600993149169,0.025781992842423024,False
3.6919999999997044,thumb_ik,0.022295757161575877,0.0021843928743107005,-0.012758066046290404,0.02578062467976308,False
3.6929999999997043,thumb_ik,0.022304107000684692,0.0021879628243297866,-0.012740030332058259,0.0257792308512183,False
3.693999999999704,thumb_ik,0.022312432229273815,0.0021914299771993717,-0.012721921647229368,0.02577778671121996,False
3.694999999999704,thumb_ik,0.022320731842917593,0.002194821670343808,-0.012703758813080949,0.025776303073733794,False
3.695999999999704,thumb_ik,0.02232904438707202,0.00219814072467768,-0.012685560412818913,0.025774822770925066,False
3.696999999999704,thumb_ik,0.02233736292258881,0.002201409149629671,-0.01266733918571979,0.0257733479902319,False
3.6979999999997037,thumb_ik,0.02234569087744373,0.0022046415004856323,-0.01264910678296009,0.025771888703443185,False
3.6989999999997036,thumb_ik,0.022354021718390654,0.002207853348349817,-0.012630872085281322,0.02577044495209269,False
3.6999999999997035,thumb_ik,0.02236236053447782,0.00221105249718348,-0.01261257997566113,0.025768994847718073,False
3.7009999999997034,thumb_ik,0.022370691610626492,0.002214254478114852,-0.012594245463862782,0.025767533541952256,False
3.7019999999997033,thumb_ik,0.022379011999360016,0.0022174674918665344,-0.01257588264038496,0.02576606613997799,False
3.702999999999703,thumb_ik,0.022387319070613546,0.0022206980353896982,-0.01255750272708658,0.025764596439195927,False
3.703999999999703,thumb_ik,0.02239556007703694,0.0022239719520879553,-0.012539111576287235,0.025763083696064518,False
3.704999999999703,thumb_ik,0.022403744235501163,0.002227287667727243,-0.012520716946743445,0.025761539530568235,False
3.705999999999703,thumb_ik,0.02241187615475998,0.0022306450353583307,-0.012502329607928093,0.025759973130330377,False
3.7069999999997028,thumb_ik,0.022420010597528628,0.0022340237319457695,-0.012483960694374924,0.025758435741459355,False
3.7079999999997026,thumb_ik,0.02242814264167442,0.0022374278379576756,-0.012465614397923649,0.025756925437697017,False
3.7089999999997025,thumb_ik,0.022436268310227686,0.00224086060539401,-0.012447294378728217,0.02575544077068092,False
3.7099999999997024,thumb_ik,0.022444384207597923,0.002244324764403907,-0.012429003659657881,0.025753980431734755,False
3.7109999999997023,thumb_ik,0.022452487511420316,0.002247822730838983,-0.012410744805126089,0.025752543352021096,False
3.711999999999702,thumb_ik,0.022460521310739737,0.002251377487012887,-0.01239251574114766,0.025751080842050394,False
3.712999999999702,thumb_ik,0.022468494236258504,0.002254984888753711,-0.0123743200060259,0.025749601661090256,False
3.713999999999702,thumb_ik,0.022476413634017922,0.0022586413247380893,-0.012356160652018559,0.025748113261747415,False
3.714999999999702,thumb_ik,0.02248428570511707,0.0022623438467340717,-0.012338039957504678,0.025746621785064722,False
3.7159999999997018,thumb_ik,0.022492115821780068,0.0022660892393742554,-0.012319959983493976,0.025745132522014134,False
3.7169999999997017,thumb_ik,0.02249990873264969,0.002269874096555047,-0.012301922209099477,0.025743649924408783,False
3.7179999999997015,thumb_ik,0.02250767660903459,0.002273693095344878,-0.012283928884728342,0.025742185134012323,False
3.7189999999997014,thumb_ik,0.02251541221967765,0.0022775507198001116,-0.012265980908251265,0.02574073255260728,False
3.7199999999997013,thumb_ik,0.022523117980063026,0.0022814431363934184,-0.012248082906360213,0.025739296051164807,False
3.720999999999701,thumb_ik,0.02253080340095008,0.0022853996362093842,-0.012230179215396996,0.025737859993211914,False
3.721999999999701,thumb_ik,0.022538470660880244,0.002289414548519386,-0.012212278428876486,0.0257364298831585,False
3.722999999999701,thumb_ik,0.022546121467535846,0.0022934832126057375,-0.01219438768742417,0.02573501019130529,False
3.723999999999701,thumb_ik,0.02255375713027756,0.0022976018556388755,-0.012176512931558667,0.025733604530865796,False
3.7249999999997008,thumb_ik,0.02256137864299755,0.002301767352441489,-0.012158659031313569,0.02573221577434043,False
3.7259999999997007,thumb_ik,0.022568986733795482,0.0023059771638494347,-0.012140829980148943,0.0257308461865776,False
3.7269999999997006,thumb_ik,0.02257658191379687,0.0023102292355141607,-0.012123029031564102,0.025729497525819475,False
3.7279999999997004,thumb_ik,0.022584164590390282,0.002314522401612243,-0.012105258380048053,0.025728171031791723,False
3.7289999999997003,thumb_ik,0.02259173496801936,0.002318855229762856,-0.01208752021420793,0.025726867733377737,False
3.7299999999997,thumb_ik,0.022599293050564268,0.0023232261325161763,-0.01206981665870795,0.025725588432976853,False
3.7309999999997,thumb_ik,0.02260683891216214,0.00232763471083941,-0.012052148598105581,0.02572433351475546,False
3.7319999999997,thumb_ik,0.0226147330922018,0.002331754433966951,-0.012035377972117855,0.02572379354806735,False
3.7329999999997,thumb_ik,0.02262289348186941,0.002335639057250774,-0.012019351347178481,0.025723827983111028,False
3.7339999999997,thumb_ik,0.02263126654798292,0.0023393290777237036,-0.0120038926876886,0.025724310015183657,False
3.7349999999996997,thumb_ik,0.022639793886553808,0.0023428622944165756,-0.011988901682753236,0.02572514401349313,False
3.7359999999996996,thumb_ik,0.02264842701359948,0.002346269958221625,-0.0119742944295371,0.025726250329040166,False
3.7369999999996995,thumb_ik,0.022657125822843155,0.002349577918603879,-0.011960000844281348,0.025727562790574386,False
3.7379999999996993,thumb_ik,0.022665857302817963,0.00235280789750629,-0.011945962634139124,0.02572902671168349,False
3.7389999999996992,thumb_ik,0.02267459430276532,0.002355977627082881,-0.011932131128712397,0.025730596779847528,False
3.739999999999699,thumb_ik,0.022683314486105374,0.002359100859434443,-0.011918467098234329,0.025732236026281052,False
3.740999999999699,thumb_ik,0.022692000039839705,0.0023621898029738686,-0.011904936794495991,0.025733913937726286,False
3.741999999999699,thumb_ik,0.022700637363279638,0.0023652544970407946,-0.011891512829061781,0.02573560651895813,False
3.742999999999699,thumb_ik,0.022709215780643388,0.0023683032320424152,-0.011878172659018933,0.025737294482679994,False
3.7439999999996987,thumb_ik,0.022717726940498173,0.002371343097566661,-0.011864897837208104,0.025738962413368552,False
3.7449999999996986,thumb_ik,0.02272616450522852,0.0023743797634210445,-0.011851673175629695,0.025740598078552727,False
3.7459999999996985,thumb_ik,0.02273452390811316,0.0023774174781681506,-0.011838486180268431,0.025742191946966655,False
3.7469999999996983,thumb_ik,0.02274280178395928,0.002380460227543804,-0.011825326835063665,0.025743736687502385,False
3.7479999999996982,thumb_ik,0.02275099625509283,0.0023835122892366667,-0.01181218549467129,0.02574522650109556,False
3.748999999999698,thumb_ik,0.02275910600408644,0.00238657617877161,-0.011799055975139455,0.025746657528052018,False
3.749999999999698,thumb_ik,0.022767128817967802,0.002389654832394686,-0.011785934857344704,0.02574802643492313,False
3.750999999999698,thumb_ik,0.022774729211432088,0.0023930941247363585,-0.011772011524502687,0.025748697937506077,False
3.751999999999698,thumb_ik,0.02278198080925964,0.002396843177488603,-0.011757417875063545,0.025748793795046243,False
3.7529999999996977,thumb_ik,0.022788945385819007,0.002400828206569214,-0.011742337214221871,0.025748446382797538,False
3.7539999999996976,thumb_ik,0.022795674084524167,0.002405017589257291,-0.011726854950329147,0.02574773764039363,False
3.7549999999996975,thumb_ik,0.022802210836302406,0.002409383350621852,-0.011711043043557242,0.025746737197584687,False
3.7559999999996974,thumb_ik,0.022808592127349495,0.002413902471792795,-0.011694963208988173,0.025745503771235547,False
3.7569999999996972,thumb_ik,0.022814848818947353,0.002418555728184918,-0.011678668100353843,0.02574408722483635,False
3.757999999999697,thumb_ik,0.022821006829445725,0.0024233264134518318,-0.011662202179918753,0.025742529465867248,False
3.758999999999697,thumb_ik,0.02282709152707718,0.002428223118063108,-0.011645555962740747,0.025740849806833912,False
3.759999999999697,thumb_ik,0.022833121646342103,0.0024332299313540584,-0.011628768510511835,0.02573908135669502,False
3.760999999999697,thumb_ik,0.022839112734414205,0.0024383331562206068,-0.011611873110930582,0.025737251916635517,False
3.7619999999996967,thumb_ik,0.022845077644358835,0.0024435211560734083,-0.011594897891467195,0.02573538469365695,False
3.7629999999996966,thumb_ik,0.022851026937635688,0.0024487840254261567,-0.011577866622124882,0.025733499000863594,False
3.7639999999996965,thumb_ik,0.022856969241537753,0.002454113337019892,-0.011560799304863197,0.025731610826896695,False
3.7649999999996964,thumb_ik,0.022862912737940208,0.002459497211810144,-0.01154370609229274,0.02572973096911056,False
3.7659999999996963,thumb_ik,0.022868862693281325,0.0024649298021360982,-0.011526601885581546,0.025727870312995307,False
3.766999999999696,thumb_ik,0.022874822714388718,0.002470411430446448,-0.011509497517932756,0.025726037004670868,False
3.767999999999696,thumb_ik,0.02288079571828988,0.002475937588595767,-0.01149241301044632,0.025724242193841392,False
3.768999999999696,thumb_ik,0.02288678431009776,0.0024815041752312,-0.011475356024134641,0.025722491226731328,False
3.769999999999696,thumb_ik,0.022892790403335236,0.0024871083237223562,-0.011458332067214586,0.025720787974467755,False
3.7709999999996957,thumb_ik,0.022898815431707076,0.0024927469195196172,-0.01144134636355006,0.02571913571624989,False
3.7719999999996956,thumb_ik,0.02290486081517837,0.002498417260064237,-0.011424402942805733,0.025717537214275957,False
3.7729999999996955,thumb_ik,0.022910933316653767,0.002504109176066416,-0.011407448642667049,0.025715973882800974,False
3.7739999999996954,thumb_ik,0.02291703364223048,0.0025098220489131184,-0.011390494651006517,0.0257144513079891,False
3.7749999999996953,thumb_ik,0.022923162088703306,0.002515555431395658,-0.011373551269683601,0.025712974307876366,False
3.775999999999695,thumb_ik,0.022929318337495674,0.002521308885321538,-0.011356625934103134,0.02571154586026598,False
3.776999999999695,thumb_ik,0.022935501792467214,0.002527081958628316,-0.011339724727212255,0.025710168077763332,False
3.777999999999695,thumb_ik,0.022941711503268805,0.002532873482046255,-0.011322852485450525,0.02570884212061178,False
3.778999999999695,thumb_ik,0.02294794651486852,0.002538683123135488,-0.011306013225989734,0.02570756885267866,False
3.7799999999996947,thumb_ik,0.0229542057387251,0.002544510543403905,-0.01128921016997175,0.02570634865676196,False
3.7809999999996946,thumb_ik,0.02296048798761499,0.0025503554060316708,-0.0112724458736987,0.025705181526337332,False
3.7819999999996945,thumb_ik,0.02296679197521523,0.002556217488005566,-0.011255721823815814,0.025704066901055166,False
3.7829999999996944,thumb_ik,0.02297311650468374,0.0025620964747265357,-0.011239039671487674,0.02570300435787327,False
3.7839999999996943,thumb_ik,0.022979460244758873,0.0025679920450035476,-0.011222400640477314,0.025701993160434866,False
3.784999999999694,thumb_ik,0.022985821852921404,0.002573903892933521,-0.011205805624871775,0.025701032415191134,False
3.785999999999694,thumb_ik,0.02299219999034019,0.0025798317247968383,-0.011189255248627374,0.025700121111446206,False
3.786999999999694,thumb_ik,0.022998593404169,0.00258577519697252,-0.011172750020608194,0.025699258257050234,False
3.787999999999694,thumb_ik,0.02300500076163521,0.0025917340591349175,-0.011156290140774013,0.02569844266062144,False
3.7889999999996937,thumb_ik,0.02301142013014934,0.0025977084695549824,-0.011139875318395272,0.025697672420054548,False
3.7899999999996936,thumb_ik,0.023017850363088205,0.002603698103536403,-0.011123505549722506,0.025696946411326506,False
3.7909999999996935,thumb_ik,0.023024290240614642,0.002609702959336102,-0.011107180298897675,0.02569626324608796,False
3.7919999999996934,thumb_ik,0.023030738821826782,0.0026157226024939445,-0.011090899533953796,0.02569562195948278,False
3.7929999999996933,thumb_ik,0.02303719504975424,0.0026217567074885567,-0.011074663058247527,0.025695021421423155,False
3.793999999999693,thumb_ik,0.02304365860016873,0.0026278234803123746,-0.01105842744583321,0.02569444444815977,False
3.794999999999693,thumb_ik,0.023050129267811262,0.002633919305987803,-0.011042199276524316,0.025693893341331882,False
3.795999999999693,thumb_ik,0.023056606685907005,0.0026400411415819502,-0.011025984014992992,0.02569336981784869,False
3.796999999999693,thumb_ik,0.023063090364006722,0.002646186421665489,-0.01100978619509541,0.025692875117009774,False
3.7979999999996927,thumb_ik,0.023069579718625388,0.0026523529735245355,-0.010993609570808565,0.025692410087135655,False
3.7989999999996926,thumb_ik,0.023076074904721924,0.0026585384780808963,-0.010977456983993158,0.025691975822875007,False
3.7999999999996925,thumb_ik,0.02308257514723859,0.0026647418573396003,-0.010961330372915568,0.025691572317364613,False
3.8009999999996924,thumb_ik,0.023089079774809618,0.002670961665036206,-0.010945232063673819,0.025691199777186136,False
3.8019999999996923,thumb_ik,0.023095587909430476,0.0026771967651114115,-0.010929163884393241,0.02569085803575427,False
3.802999999999692,thumb_ik,0.023102098684441394,0.002683446162962441,-0.01091312733835605,0.02569054680691637,False
3.803999999999692,thumb_ik,0.023108611250967193,0.00268970898220873,-0.01089712365966074,0.025690265713130326,False
3.804999999999692,thumb_ik,0.023115124782901453,0.0026959844416826195,-0.010881153860063119,0.025690014308389676,False
3.805999999999692,thumb_ik,0.023121638480363554,0.0027022718412769153,-0.010865218764566215,0.02568979209574629,False
3.8069999999996917,thumb_ik,0.023128151169874572,0.0027085707671610365,-0.01084931938093232,0.02568959834576562,False
3.8079999999996916,thumb_ik,0.023134666421975425,0.0027148825726365233,-0.010833446447136772,0.02568943245309758,False
3.8089999999996915,thumb_ik,0.023141183627946482,0.0027212081165936264,-0.01081760094395379,0.025689294336333632,False
3.8099999999996914,thumb_ik,0.023147704342957667,0.0027275478777648993,-0.010801777513200352,0.025689183155934756,False
3.8109999999996913,thumb_ik,0.023154230542048126,0.0027338942378800773,-0.010785921310780055,0.025689076826942762,False
3.811999999999691,thumb_ik,0.023160763085369393,0.0027402462660666566,-0.010770042111539768,0.025688980193453413,False
3.812999999999691,thumb_ik,0.02316729233633298,0.00274662141826372,-0.010754255460806914,0.025688934853914696,False
3.813999999999691,thumb_ik,0.0231738248188387,0.0027530000311150604,-0.010738445104417755,0.02568889583392283,False
3.814999999999691,thumb_ik,0.02318035955606218,0.002759383165888904,-0.010722619669820885,0.025688866016002808,False
3.8159999999996908,thumb_ik,0.023186895994049578,0.0027657707431050643,-0.010706786300264694,0.02568884790180019,False
3.8169999999996906,thumb_ik,0.02319341903945256,0.002772184808545089,-0.01069113830890248,0.025688910714400694,False
3.8179999999996905,thumb_ik,0.023199940184519777,0.002778600030458961,-0.010675465069581839,0.025688974233052282,False
3.8189999999996904,thumb_ik,0.02320645937409478,0.0027850175558392226,-0.010659775444720705,0.025689042255399766,False
3.8199999999996903,thumb_ik,0.023212976229645327,0.0027914362965293787,-0.010644076947556962,0.025689117464427893,False
3.82099999999969,thumb_ik,0.023219481193166552,0.0027978588444002306,-0.010628381826343684,0.02568919658610515,False
3.82199999999969,thumb_ik,0.023225975541181665,0.002804285630911091,-0.010612695056908695,0.025689282864849255,False
3.82299999999969,thumb_ik,0.02323246023787459,0.002810716838290858,-0.01059702087215272,0.025689378918423,False
3.82399999999969,thumb_ik,0.023238926688364234,0.0028171538613904062,-0.01058136800075973,0.025689480692949327,False
3.8249999999996898,thumb_ik,0.02324536624903574,0.002823596530808714,-0.010565743249332151,0.02568958309960309,False
3.8259999999996896,thumb_ik,0.02325178293906567,0.002830042780449238,-0.01055014827750939,0.025689690162826653,False
3.8269999999996895,thumb_ik,0.023258179889764183,0.0028364907696746544,-0.010534584623582938,0.02568980507638216,False
3.8279999999996894,thumb_ik,0.0232645597628664,0.0028429388574313097,-0.010519053599251215,0.025689930535737055,False
3.8289999999996893,thumb_ik,0.02327092469624152,0.002849385606196686,-0.010503556371532944,0.025690068723164497,False
3.829999999999689,thumb_ik,0.023277276529625107,0.002855829763300885,-0.010488093913367077,0.0256902214900767,False
3.830999999999689,thumb_ik,0.023283614715261067,0.002862283482762934,-0.010472632661992023,0.025690375937643287,False
3.831999999999689,thumb_ik,0.02328994120675322,0.002868743744717628,-0.010457179322492852,0.025690536223863646,False
3.832999999999689,thumb_ik,0.023296257593904676,0.00287520762171993,-0.010441739381551653,0.025690705674656044,False
3.8339999999996888,thumb_ik,0.023302465623890115,0.0028817434116439056,-0.010426169516853486,0.025690744637656932,False
3.8349999999996887,thumb_ik,0.02330868632030865,0.0028882652963005684,-0.010410648263017418,0.025690825826676447,False
3.8359999999996885,thumb_ik,0.023314916548724057,0.0028947736701423615,-0.010395174571396711,0.025690945927410478,False
3.8369999999996884,thumb_ik,0.023321153690525565,0.0029012690008107384,-0.010379747502052662,0.025691102146045586,False
3.8379999999996883,thumb_ik,0.023327395366198864,0.0029077517649596513,-0.010364366260964954,0.02569129196613146,False
3.838999999999688,thumb_ik,0.023333639391463643,0.0029142219368195194,-0.010349030837691574,0.025691513307460015,False
3.839999999999688,thumb_ik,0.023339884054217802,0.002920679954674432,-0.010333740476999882,0.025691764270052635,False
3.840999999999688,thumb_ik,0.02334612783626061,0.0029271262739583026,-0.010318494564858418,0.0256920431895895,False
3.841999999999688,thumb_ik,0.023352369424516628,0.0029335613024316365,-0.010303292572226602,0.0256923486174994,False
3.8429999999996878,thumb_ik,0.023358607621005292,0.002939985671061074,-0.010288133537688923,0.025692679062866344,False
3.8439999999996877,thumb_ik,0.023364841003324296,0.002946400522678777,-0.010273017190491337,0.025693033167510537,False
3.8449999999996876,thumb_ik,0.023371068744784562,0.002952805919704704,-0.010257943243928796,0.02569340998521904,False
3.8459999999996874,thumb_ik,0.023377290025240915,0.002959201181234994,-0.010242911280259118,0.0256938084380364,False
3.8469999999996873,thumb_ik,0.023383504729576135,0.0029655858115502504,-0.01022792085391477,0.0256942280996671,False
3.8479999999996872,thumb_ik,0.023389712000991908,0.002971960032632587,-0.01021297185854959,0.02569466808714283,False
3.848999999999687,thumb_ik,0.023395911175068423,0.0029783238702573572,-0.010198063765422042,0.025695127502144262,False
3.849999999999687,thumb_ik,0.02340210137570453,0.0029846774784672986,-0.010183196563575126,0.025695605474509258,False
3.850999999999687,thumb_ik,0.02340828131579284,0.0029910131608874985,-0.010168325918749593,0.025696082306021148,False
3.851999999999687,thumb_ik,0.023414450987937332,0.002997332383238349,-0.01015345901834538,0.025696560986236038,False
3.8529999999996867,thumb_ik,0.023420609821461505,0.0030036351116013715,-0.01013860248530592,0.025697043577965057,False
3.8539999999996866,thumb_ik,0.02342675704715358,0.0030099208628319857,-0.010123762095656168,0.025697531560761155,False
3.8549999999996865,thumb_ik,0.02343289192043832,0.003016189335481201,-0.010108942419373535,0.025698025968946013,False
3.8559999999996863,thumb_ik,0.02343901358448569,0.0030224399746241887,-0.01009414769054592,0.025698527561174873,False
3.8569999999996862,thumb_ik,0.02344512117204027,0.0030286730087990127,-0.010079381671861256,0.025699036982986954,False
3.857999999999686,thumb_ik,0.02345121380257531,0.003034887789585286,-0.010064647419604906,0.02569955447844247,False
3.858999999999686,thumb_ik,0.02345729060767128,0.0030410837028873594,-0.01004994754685572,0.02570008012507474,False
3.859999999999686,thumb_ik,0.023463350690350812,0.0030472601274391525,-0.010035284292395818,0.025700613820138083,False
3.860999999999686,thumb_ik,0.023469416317332237,0.003053430971322213,-0.010020607826270931,0.02570115803190223,False
3.8619999999996857,thumb_ik,0.023475483963382573,0.003059594139400018,-0.010005926060008375,0.02570171239297565,False
3.8629999999996856,thumb_ik,0.023481550513556285,0.0030657479835368567,-0.009991245383944507,0.025702276349410146,False
3.8639999999996855,thumb_ik,0.02348761358989121,0.003071891143309219,-0.009976570779745963,0.025702849489262172,False
3.8649999999996854,thumb_ik,0.023493670679695322,0.00307802228484845,-0.009961906888465679,0.025703431133731143,False
3.8659999999996852,thumb_ik,0.023499719280658277,0.0030841404956109403,-0.009947257738112902,0.025704020412668067,False
3.866999999999685,thumb_ik,0.023505757436758437,0.0030902445679081986,-0.009932626646482357,0.025704616633274693,False
3.867999999999685,thumb_ik,0.023511783408887224,0.0030963336674958153,-0.00991801653503872,0.025705219182807874,False
3.868999999999685,thumb_ik,0.023517795628034688,0.0031024070489156785,-0.009903429882946926,0.02570582743553717,False
3.869999999999685,thumb_ik,0.02352379270779291,0.003108464056691365,-0.009888868816908643,0.025706440800487746,False
3.8709999999996847,thumb_ik,0.02352977442521205,0.0031145034046344555,-0.009874334587502056,0.025707059332113077,False
3.8719999999996846,thumb_ik,0.023535737492592274,0.0031205333595354934,-0.009859803802645544,0.025707671983181423,False
3.8729999999996845,thumb_ik,0.02354168140060313,0.003126551603823316,-0.009845282393069154,0.025708280251665046,False
3.8739999999996844,thumb_ik,0.023547605711947736,0.003132555155413816,-0.009830775222602044,0.025708885196452792,False
3.8749999999996843,thumb_ik,0.02355350787655465,0.003138534339524379,-0.009816255370024087,0.02570947297361077,False
3.875999999999684,thumb_ik,0.023559387721028432,0.0031444894827245135,-0.009801730940863364,0.025710046544761223,False
3.876999999999684,thumb_ik,0.02356524502588042,0.003150420811213167,-0.009787208874654795,0.025710608354794495,False
3.877999999999684,thumb_ik,0.023571079552325666,0.0031563284466897407,-0.009772695143056776,0.02571116043442173,False
3.878999999999684,thumb_ik,0.023576891049764126,0.0031622124459803475,-0.00975819481674656,0.025711704439953804,False
3.8799999999996837,thumb_ik,0.023582679283887867,0.0031680728283371568,-0.009743712261179208,0.02571224175915076,False
3.8809999999996836,thumb_ik,0.023588443772492182,0.003173909698254651,-0.009729251223442818,0.02571277331890832,False
3.8819999999996835,thumb_ik,0.02359418439330177,0.003179722958960962,-0.009714814915211877,0.025713300140543835,False
3.8829999999996834,thumb_ik,0.023599901063897574,0.0031855127174442444,-0.009700405638474904,0.025713822956723267,False
3.8839999999996833,thumb_ik,0.023605593701275365,0.0031912795509722452,-0.009686025965622156,0.02571434265480748,False
3.884999999999683,thumb_ik,0.023611262256205745,0.0031970231608542676,-0.009671677929280389,0.0257148598360966,False
3.885999999999683,thumb_ik,0.02361690679167823,0.0032027433023827934,-0.009657363153913082,0.025715375053736493,False
3.886999999999683,thumb_ik,0.023622527306022795,0.003208439699874166,-0.009643083093728081,0.025715888730200743,False
3.887999999999683,thumb_ik,0.023628123827174885,0.0032141121030289516,-0.009628838963763164,0.02571640122554535,False
3.8889999999996827,thumb_ik,0.02363369609436168,0.0032197603560793486,-0.009614632613898031,0.025716912881048895,False
3.8899999999996826,thumb_ik,0.02363924420049099,0.0032253844052061997,-0.009600464814226082,0.02571742396860516,False
3.8909999999996825,thumb_ik,0.023644768234755587,0.0032309841834664704,-0.009586336172208224,0.025717934693044564,False
3.8919999999996824,thumb_ik,0.023650268410219555,0.003236559690407148,-0.009572247184300591,0.02571844533914031,False
3.8929999999996823,thumb_ik,0.023655744810766335,0.003242110940099685,-0.009558198275323577,0.025718956047445066,False
3.893999999999682,thumb_ik,0.02366118826340488,0.0032477573739025795,-0.009543781238240099,0.02571932188685019,False
3.894999999999682,thumb_ik,0.023666618813690074,0.0032533609535550373,-0.0095294695940434,0.025719719950077668,False
3.895999999999682,thumb_ik,0.023672031817330547,0.0032589185427025213,-0.009515220045798679,0.025720129333824296,False
3.896999999999682,thumb_ik,0.02367742576316907,0.0032644339476098627,-0.00950102969992914,0.025720547916551578,False
3.8979999999996817,thumb_ik,0.023682799547298905,0.0032699103010691843,-0.009486896203841588,0.02572097407480991,False
3.8989999999996816,thumb_ik,0.02368815238128473,0.0032753501538413388,-0.009472817559911872,0.025721406539934953,False
3.8999999999996815,thumb_ik,0.02369348372833298,0.0032807555900270097,-0.009458792067842735,0.02572184433140356,False
3.9009999999996814,thumb_ik,0.02369879309413972,0.0032861289183771653,-0.009444818527807982,0.025722286725916577,False
3.9019999999996813,thumb_ik,0.023704080307660663,0.0032914714469994416,-0.009430895653438427,0.025722733142970685,False
3.902999999999681,thumb_ik,0.02370934569350089,0.003296784722706031,-0.009417021627266386,0.02572318329931581,False
3.903999999999681,thumb_ik,0.023714589227811583,0.003302069600621557,-0.009403195553387197,0.025723636844474908,False
3.904999999999681,thumb_ik,0.023719810942295097,0.0033073268023490476,-0.009389416652411348,0.02572409350761146,False
3.905999999999681,thumb_ik,0.02372501107194455,0.0033125559159094403,-0.009375683938631602,0.025724552986923464,False
3.9069999999996807,thumb_ik,0.023730189699627285,0.0033177576717585283,-0.009361996762166511,0.02572501511221375,False
3.9079999999996806,thumb_ik,0.023735373744504504,0.003322950918898032,-0.009348288114284179,0.025725482702339833,False
3.9089999999996805,thumb_ik,0.023740550956688034,0.003328126742256618,-0.009334591846478977,0.025725955614514625,False
3.9099999999996804,thumb_ik,0.02374571960455006,0.0033332844394837885,-0.009320911557267757,0.025726433428495784,False
3.9109999999996803,thumb_ik,0.023750894741269207,0.003338435240748422,-0.009307208078877607,0.025726917286978727,False
3.91199999999968,thumb_ik,0.023756073211010198,0.0033435775001752627,-0.009293489035763904,0.025727406852701237,False
3.91299999999968,thumb_ik,0.023761252203233107,0.0033487098643889546,-0.009279760828831616,0.025727901684004927,False
3.91399999999968,thumb_ik,0.023766429220935067,0.003353831224833431,-0.009266028831672605,0.02572840127384078,False
3.91499999999968,thumb_ik,0.023771602474863415,0.0033589408820076244,-0.009252296830670529,0.02572890523738992,False
3.9159999999996797,thumb_ik,0.0237767546487912,0.0033640830743008054,-0.009238480428483815,0.025729373043023987,False
3.9169999999996796,thumb_ik,0.023781886099724897,0.003369250190300932,-0.00922459487961905,0.025729809637815536,False
3.9179999999996795,thumb_ik,0.023786996533370297,0.0033744355929070796,-0.009210654257974907,0.02573021903344781,False
3.9189999999996794,thumb_ik,0.023792086033290777,0.0033796339170095446,-0.009196669716033081,0.025730604677976603,False
3.9199999999996793,thumb_ik,0.02379715346104133,0.0033848418914435296,-0.009182644944271418,0.02573096647331724,False
3.920999999999679,thumb_ik,0.023802197482450826,0.0033900561007033647,-0.009168585087583305,0.02573130462817149,False
3.921999999999679,thumb_ik,0.02380721810922011,0.003395273129751533,-0.009154499275872672,0.02573162199935216,False
3.922999999999679,thumb_ik,0.023812215492934177,0.003400489727011638,-0.009140394997895169,0.02573192098897774,False
3.923999999999679,thumb_ik,0.023817189704790437,0.00340570318592566,-0.009126278631668146,0.025732203583980956,False
3.9249999999996787,thumb_ik,0.02382214091629646,0.003410910938872344,-0.009112155422939094,0.025732471465457867,False
3.9259999999996786,thumb_ik,0.02382706909488909,0.003416111177923495,-0.009098030019576982,0.025732726001527248,False
3.9269999999996785,thumb_ik,0.023831972681560745,0.003421297985858593,-0.009083912555235812,0.025732968525101582,False
3.9279999999996784,thumb_ik,0.0238368517094371,0.0034264713698481386,-0.00906980578563751,0.02573320000418267,False
3.9289999999996783,thumb_ik,0.02384170627601309,0.0034316313380674535,-0.009055712043121968,0.025733421311594635,False
3.929999999999678,thumb_ik,0.02384653248710107,0.003436774721994579,-0.009041640960536706,0.02573363175704826,False
3.930999999999678,thumb_ik,0.023851331239021487,0.0034419019223754926,-0.009027593163886936,0.02573383238170002,False
3.931999999999678,thumb_ik,0.023856099946276937,0.0034470092865745844,-0.009013573765331292,0.025734022027105567,False
3.932999999999678,thumb_ik,0.023860840179123557,0.003452097087802919,-0.00899958258345782,0.025734202047737402,False
3.9339999999996778,thumb_ik,0.023865553923986704,0.0034571658289219015,-0.008985618400266366,0.025734373854877212,False
3.9349999999996776,thumb_ik,0.023870242363813368,0.0034622160328657142,-0.008971681236019772,0.025734538553589262,False
3.9359999999996775,thumb_ik,0.023874906384999395,0.003467247736757384,-0.008957771596585156,0.025734697078790763,False
3.9369999999996774,thumb_ik,0.02387954714809562,0.0034722611637859196,-0.008943889236404146,0.0257348503834921,False
3.9379999999996773,thumb_ik,0.023884165958071427,0.0034772568882562027,-0.00893003329930039,0.025734999391999937,False
3.938999999999677,thumb_ik,0.023888763717731437,0.0034822350925244605,-0.00891620353396472,0.025735144815219047,False
3.939999999999677,thumb_ik,0.023893341233953355,0.0034871959472271147,-0.008902399654984506,0.02573528726308609,False
3.940999999999677,thumb_ik,0.023897899318204907,0.003492139605504499,-0.008888621334156441,0.02573542733411304,False
3.941999999999677,thumb_ik,0.023902438600311243,0.0034970663410479608,-0.008874868302670171,0.025735565496508506,False
3.9429999999996768,thumb_ik,0.02390695965503857,0.003501976422017994,-0.008861140293670838,0.025735702168624208,False
3.9439999999996767,thumb_ik,0.023911462989354926,0.003506870135705775,-0.008847437067582075,0.025735837719118856,False
3.9449999999996765,thumb_ik,0.023915949088590738,0.0035117477323129698,-0.008833758350116665,0.02573597248078505,False
3.9459999999996764,thumb_ik,0.023920418395080315,0.003516609450251784,-0.008820103870430498,0.025736106747262295,False
3.9469999999996763,thumb_ik,0.023924871316012314,0.0035214555319464658,-0.008806473355814543,0.02573624078061706,False
3.947999999999676,thumb_ik,0.023929306065137518,0.0035262814734225573,-0.008792850813965799,0.025736366783706853,False
3.948999999999676,thumb_ik,0.023933723861021175,0.00353108793768403,-0.008779237880014158,0.025736486505215653,False
3.949999999999676,thumb_ik,0.023938125343678937,0.0035358763187560427,-0.008765636528585339,0.025736601369693187,False
3.950999999999676,thumb_ik,0.023942511031368963,0.003540647772795419,-0.008752048394437089,0.025736712537478335,False
3.9519999999996758,thumb_ik,0.023946881403233616,0.0035454031929744168,-0.00873847482261882,0.02573682099574134,False
3.9529999999996757,thumb_ik,0.023951236931199965,0.0035501432869468746,-0.008724916890385997,0.025736927606776882,False
3.9539999999996756,thumb_ik,0.023955577986046486,0.0035548686585194916,-0.008711375496739119,0.025737033062691317,False
3.9549999999996754,thumb_ik,0.023959904762382273,0.003559579809128452,-0.008697851598751822,0.02573713789592567,False
3.9559999999996753,thumb_ik,0.023964216771603944,0.003564276854423787,-0.008684347198929038,0.025737242300661343,False
3.956999999999675,thumb_ik,0.023968523571772246,0.0035689674405234434,-0.008670835106079324,0.02573734703187055,False
3.957999999999675,thumb_ik,0.023972853622246187,0.003573671882449836,-0.008657238492455862,0.025737455581939607,False
3.958999999999675,thumb_ik,0.02397720316928756,0.003578387070024891,-0.008643571434523937,0.025737568902053143,False
3.959999999999675,thumb_ik,0.023981568822824068,0.003583110365485559,-0.008629845805083445,0.025737687575122473,False
3.960999999999675,thumb_ik,0.023985947535290056,0.003587839527338016,-0.008616071627877118,0.025737811910423257,False
3.9619999999996747,thumb_ik,0.02399033657923906,0.0035925726711807937,-0.008602257369882165,0.025737942020305018,False
3.9629999999996746,thumb_ik,0.023994733524074385,0.0035973081999605,-0.00858841019207483,0.025738077877032254,False
3.9639999999996745,thumb_ik,0.023999136212785918,0.003602044758130196,-0.008574536157468084,0.025738219357895626,False
3.9649999999996743,thumb_ik,0.024003542738922967,0.0036067812054342147,-0.008560640403533309,0.02573836628074482,False
3.9659999999996742,thumb_ik,0.02400795148793973,0.003611516630692896,-0.00854672701999758,0.02573851840676529,False
3.966999999999674,thumb_ik,0.02401236096793341,0.0036162501830823424,-0.008532799784181647,0.025738675505897844,False
3.967999999999674,thumb_ik,0.024016769785629194,0.0036209819790304493,-0.008518862110759199,0.025738837446366986,False
3.968999999999674,thumb_ik,0.024021168438452978,0.0036257176195855917,-0.008504866896556575,0.025738980600125694,False
3.969999999999674,thumb_ik,0.02402555708763307,0.0036304561729668533,-0.00849082383531177,0.025739108275098562,False
3.9709999999996737,thumb_ik,0.024029935777528863,0.0036351970088470686,-0.00847674131320449,0.02573922326054693,False
3.9719999999996736,thumb_ik,0.02403430418419615,0.003639939050337146,-0.008462627493338423,0.025739327846694932,False
3.9729999999996735,thumb_ik,0.024038662322626053,0.003644681665149946,-0.00844848840150703,0.025739423982908405,False
3.9739999999996733,thumb_ik,0.024043010168704623,0.003649424166712073,-0.008434329199413153,0.02573951327754838,False
3.9749999999996732,thumb_ik,0.024047346191592045,0.0036541654897520037,-0.00842015245627806,0.02573959501763259,False
3.975999999999673,thumb_ik,0.02405167058408131,0.00365890512613512,-0.008405962565595688,0.02573967076831823,False
3.976999999999673,thumb_ik,0.024055983558261024,0.003663642653068927,-0.008391763302795282,0.025739741913524544,False
3.977999999999673,thumb_ik,0.024060285275135915,0.003668377649020685,-0.008377557894260323,0.025739809602412372,False
3.978999999999673,thumb_ik,0.02406457588630151,0.003673109743934186,-0.008363349117649087,0.025739874829575807,False
3.9799999999996727,thumb_ik,0.02406885553960443,0.003677838619722762,-0.008349139367352234,0.02573993846291288,False
3.9809999999996726,thumb_ik,0.024073124385323413,0.003682563964618968,-0.008334930712747931,0.0257400012628413,False
3.9819999999996725,thumb_ik,0.02407738257826482,0.003687285522819772,-0.008320724937610758,0.02574006390501593,False
3.9829999999996724,thumb_ik,0.024081630333827306,0.0036920030529005027,-0.008306523403211589,0.0257401269834832,False
3.9839999999996722,thumb_ik,0.024085868756672568,0.0036967165459030477,-0.008292325791990723,0.02574019141391384,False
3.984999999999672,thumb_ik,0.024090098161710594,0.0037014255998638473,-0.008278133206758482,0.025740257774564283,False
3.985999999999672,thumb_ik,0.024094318869897963,0.003706129620356588,-0.008263946569790636,0.025740326561167787,False
3.986999999999672,thumb_ik,0.024098531168001647,0.0037108283713597756,-0.0082497667341568,0.025740398264689605,False
3.987999999999672,thumb_ik,0.024102735334853534,0.0037155216352241227,-0.008235594436532333,0.025740473332222503,False
3.9889999999996717,thumb_ik,0.024106931400700957,0.003720209610278455,-0.008221430490881348,0.025740552061269073,False
3.9899999999996716,thumb_ik,0.024111119710739162,0.0037248923277029555,-0.00820727524741598,0.025740634870675235,False
3.9909999999996715,thumb_ik,0.024115300588255173,0.003729570172699259,-0.008193129026048008,0.02574072219990066,False
3.9919999999996714,thumb_ik,0.024119474404747807,0.0037342435094041143,-0.008178991934551575,0.025740814462916106,False
3.9929999999996713,thumb_ik,0.024123640702131632,0.0037389493418150677,-0.008164865146391937,0.02574091695656872,False
3.993999999999671,thumb_ik,0.024127800199540958,0.003743681562281914,-0.00815074812254837,0.02574102929305594,False
3.994999999999671,thumb_ik,0.024131951393713727,0.0037484728611347495,-0.008136642061748283,0.025741155197470004,False
3.995999999999671,thumb_ik,0.024136095250035433,0.0037533126600653582,-0.008122546092418814,0.02574129376831044,False
3.996999999999671,thumb_ik,0.02414023082913795,0.00375819234670062,-0.008108459680992514,0.025741442706210982,False
3.9979999999996707,thumb_ik,0.024144358955201478,0.0037631043716899043,-0.008094382334529918,0.02574160152840921,False
3.9989999999996706,thumb_ik,0.024148532981517548,0.0037680521096303543,-0.008080152000536963,0.025741769912189644,False
3.9999999999996705,thumb_ik,0.02415273458529066,0.0037730528604586477,-0.00806583529121031,0.025741954369865636,False
