time,phase,dx,dy,dz,dist,reached
0.0,finger_close,nan,nan,nan,nan,False
0.001,finger_close,nan,nan,nan,nan,False
0.002,finger_close,nan,nan,nan,nan,False
0.003,finger_close,nan,nan,nan,nan,False
0.004,finger_close,nan,nan,nan,nan,False
0.005,finger_close,nan,nan,nan,nan,False
0.006,finger_close,nan,nan,nan,nan,False
0.007,finger_close,nan,nan,nan,nan,False
0.008,finger_close,nan,nan,nan,nan,False
0.009000000000000001,finger_close,nan,nan,nan,nan,False
0.010000000000000002,finger_close,nan,nan,nan,nan,False
0.011000000000000003,finger_close,nan,nan,nan,nan,False
0.012000000000000004,finger_close,nan,nan,nan,nan,False
0.013000000000000005,finger_close,nan,nan,nan,nan,False
0.014000000000000005,finger_close,nan,nan,nan,nan,False
0.015000000000000006,finger_close,nan,nan,nan,nan,False
0.016000000000000007,finger_close,nan,nan,nan,nan,False
0.017000000000000008,finger_close,nan,nan,nan,nan,False
0.01800000000000001,finger_close,nan,nan,nan,nan,False
0.01900000000000001,finger_close,nan,nan,nan,nan,False
0.02000000000000001,finger_close,nan,nan,nan,nan,False
0.02100000000000001,finger_close,nan,nan,nan,nan,False
0.022000000000000013,finger_close,nan,nan,nan,nan,False
0.023000000000000013,finger_close,nan,nan,nan,nan,False
0.024000000000000014,finger_close,nan,nan,nan,nan,False
0.025000000000000015,finger_close,nan,nan,nan,nan,False
0.026000000000000016,finger_close,nan,nan,nan,nan,False
0.027000000000000017,finger_close,nan,nan,nan,nan,False
0.028000000000000018,finger_close,nan,nan,nan,nan,False
0.02900000000000002,finger_close,nan,nan,nan,nan,False
0.03000000000000002,finger_close,nan,nan,nan,nan,False
0.03100000000000002,finger_close,nan,nan,nan,nan,False
0.03200000000000002,finger_close,nan,nan,nan,nan,False
0.03300000000000002,finger_close,nan,nan,nan,nan,False
0.03400000000000002,finger_close,nan,nan,nan,nan,False
0.035000000000000024,finger_close,nan,nan,nan,nan,False
0.036000000000000025,finger_close,nan,nan,nan,nan,False
0.037000000000000026,finger_close,nan,nan,nan,nan,False
0.03800000000000003,finger_close,nan,nan,nan,nan,False
0.03900000000000003,finger_close,nan,nan,nan,nan,False
0.04000000000000003,finger_close,nan,nan,nan,nan,False
0.04100000000000003,finger_close,nan,nan,nan,nan,False
0.04200000000000003,finger_close,nan,nan,nan,nan,False
0.04300000000000003,finger_close,nan,nan,nan,nan,False
0.04400000000000003,finger_close,nan,nan,nan,nan,False
0.04500000000000003,finger_close,nan,nan,nan,nan,False
0.046000000000000034,finger_close,nan,nan,nan,nan,False
0.047000000000000035,finger_close,nan,nan,nan,nan,False
0.048000000000000036,finger_close,nan,nan,nan,nan,False
0.04900000000000004,finger_close,nan,nan,nan,nan,False
0.05000000000000004,finger_close,nan,nan,nan,nan,False
0.05100000000000004,finger_close,nan,nan,nan,nan,False
0.05200000000000004,finger_close,nan,nan,nan,nan,False
0.05300000000000004,finger_close,nan,nan,nan,nan,False
0.05400000000000004,finger_close,nan,nan,nan,nan,False
0.05500000000000004,finger_close,nan,nan,nan,nan,False
0.05600000000000004,finger_close,nan,nan,nan,nan,False
0.057000000000000044,finger_close,nan,nan,nan,nan,False
0.058000000000000045,finger_close,nan,nan,nan,nan,False
0.059000000000000045,finger_close,nan,nan,nan,nan,False
0.060000000000000046,finger_close,nan,nan,nan,nan,False
0.06100000000000005,finger_close,nan,nan,nan,nan,False
0.06200000000000005,finger_close,nan,nan,nan,nan,False
0.06300000000000004,finger_close,nan,nan,nan,nan,False
0.06400000000000004,finger_close,nan,nan,nan,nan,False
0.06500000000000004,finger_close,nan,nan,nan,nan,False
0.06600000000000004,finger_close,nan,nan,nan,nan,False
0.06700000000000005,finger_close,nan,nan,nan,nan,False
0.06800000000000005,finger_close,nan,nan,nan,nan,False
0.06900000000000005,finger_close,nan,nan,nan,nan,False
0.07000000000000005,finger_close,nan,nan,nan,nan,False
0.07100000000000005,finger_close,nan,nan,nan,nan,False
0.07200000000000005,finger_close,nan,nan,nan,nan,False
0.07300000000000005,finger_close,nan,nan,nan,nan,False
0.07400000000000005,finger_close,nan,nan,nan,nan,False
0.07500000000000005,finger_close,nan,nan,nan,nan,False
0.07600000000000005,finger_close,nan,nan,nan,nan,False
0.07700000000000005,finger_close,nan,nan,nan,nan,False
0.07800000000000006,finger_close,nan,nan,nan,nan,False
0.07900000000000006,finger_close,nan,nan,nan,nan,False
0.08000000000000006,finger_close,nan,nan,nan,nan,False
0.08100000000000006,finger_close,nan,nan,nan,nan,False
0.08200000000000006,finger_close,nan,nan,nan,nan,False
0.08300000000000006,finger_close,nan,nan,nan,nan,False
0.08400000000000006,finger_close,nan,nan,nan,nan,False
0.08500000000000006,finger_close,nan,nan,nan,nan,False
0.08600000000000006,finger_close,nan,nan,nan,nan,False
0.08700000000000006,finger_close,nan,nan,nan,nan,False
0.08800000000000006,finger_close,nan,nan,nan,nan,False
0.08900000000000007,finger_close,nan,nan,nan,nan,False
0.09000000000000007,finger_close,nan,nan,nan,nan,False
0.09100000000000007,finger_close,nan,nan,nan,nan,False
0.09200000000000007,finger_close,nan,nan,nan,nan,False
0.09300000000000007,finger_close,nan,nan,nan,nan,False
0.09400000000000007,finger_close,nan,nan,nan,nan,False
0.09500000000000007,finger_close,nan,nan,nan,nan,False
0.09600000000000007,finger_close,nan,nan,nan,nan,False
0.09700000000000007,finger_close,nan,nan,nan,nan,False
0.09800000000000007,finger_close,nan,nan,nan,nan,False
0.09900000000000007,finger_close,nan,nan,nan,nan,False
0.10000000000000007,finger_close,nan,nan,nan,nan,False
0.10100000000000008,finger_close,nan,nan,nan,nan,False
0.10200000000000008,finger_close,nan,nan,nan,nan,False
0.10300000000000008,finger_close,nan,nan,nan,nan,False
0.10400000000000008,finger_close,nan,nan,nan,nan,False
0.10500000000000008,finger_close,nan,nan,nan,nan,False
0.10600000000000008,finger_close,nan,nan,nan,nan,False
0.10700000000000008,finger_close,nan,nan,nan,nan,False
0.10800000000000008,finger_close,nan,nan,nan,nan,False
0.10900000000000008,finger_close,nan,nan,nan,nan,False
0.11000000000000008,finger_close,nan,nan,nan,nan,False
0.11100000000000008,finger_close,nan,nan,nan,nan,False
0.11200000000000009,finger_close,nan,nan,nan,nan,False
0.11300000000000009,finger_close,nan,nan,nan,nan,False
0.11400000000000009,finger_close,nan,nan,nan,nan,False
0.11500000000000009,finger_close,nan,nan,nan,nan,False
0.11600000000000009,finger_close,nan,nan,nan,nan,False
0.11700000000000009,finger_close,nan,nan,nan,nan,False
0.11800000000000009,finger_close,nan,nan,nan,nan,False
0.11900000000000009,finger_close,nan,nan,nan,nan,False
0.12000000000000009,finger_close,nan,nan,nan,nan,False
0.1210000000000001,finger_close,nan,nan,nan,nan,False
0.1220000000000001,finger_close,nan,nan,nan,nan,False
0.1230000000000001,finger_close,nan,nan,nan,nan,False
0.1240000000000001,finger_close,nan,nan,nan,nan,False
0.12500000000000008,finger_close,nan,nan,nan,nan,False
0.12600000000000008,finger_close,nan,nan,nan,nan,False
0.12700000000000009,finger_close,nan,nan,nan,nan,False
0.12800000000000009,finger_close,nan,nan,nan,nan,False
0.1290000000000001,finger_close,nan,nan,nan,nan,False
0.1300000000000001,finger_close,nan,nan,nan,nan,False
0.1310000000000001,finger_close,nan,nan,nan,nan,False
0.1320000000000001,finger_close,nan,nan,nan,nan,False
0.1330000000000001,finger_close,nan,nan,nan,nan,False
0.1340000000000001,finger_close,nan,nan,nan,nan,False
0.1350000000000001,finger_close,nan,nan,nan,nan,False
0.1360000000000001,finger_close,nan,nan,nan,nan,False
0.1370000000000001,finger_close,nan,nan,nan,nan,False
0.1380000000000001,finger_close,nan,nan,nan,nan,False
0.1390000000000001,finger_close,nan,nan,nan,nan,False
0.1400000000000001,finger_close,nan,nan,nan,nan,False
0.1410000000000001,finger_close,nan,nan,nan,nan,False
0.1420000000000001,finger_close,nan,nan,nan,nan,False
0.1430000000000001,finger_close,nan,nan,nan,nan,False
0.1440000000000001,finger_close,nan,nan,nan,nan,False
0.1450000000000001,finger_close,nan,nan,nan,nan,False
0.1460000000000001,finger_close,nan,nan,nan,nan,False
0.1470000000000001,finger_close,nan,nan,nan,nan,False
0.1480000000000001,finger_close,nan,nan,nan,nan,False
0.1490000000000001,finger_close,nan,nan,nan,nan,False
0.1500000000000001,finger_close,nan,nan,nan,nan,False
0.1510000000000001,finger_close,nan,nan,nan,nan,False
0.1520000000000001,finger_close,nan,nan,nan,nan,False
0.1530000000000001,finger_close,nan,nan,nan,nan,False
0.1540000000000001,finger_close,nan,nan,nan,nan,False
0.1550000000000001,finger_close,nan,nan,nan,nan,False
0.1560000000000001,finger_close,nan,nan,nan,nan,False
0.1570000000000001,finger_close,nan,nan,nan,nan,False
0.1580000000000001,finger_close,nan,nan,nan,nan,False
0.1590000000000001,finger_close,nan,nan,nan,nan,False
0.16000000000000011,finger_close,nan,nan,nan,nan,False
0.16100000000000012,finger_close,nan,nan,nan,nan,False
0.16200000000000012,finger_close,nan,nan,nan,nan,False
0.16300000000000012,finger_close,nan,nan,nan,nan,False
0.16400000000000012,finger_close,nan,nan,nan,nan,False
0.16500000000000012,finger_close,nan,nan,nan,nan,False
0.16600000000000012,finger_close,nan,nan,nan,nan,False
0.16700000000000012,finger_close,nan,nan,nan,nan,False
0.16800000000000012,finger_close,nan,nan,nan,nan,False
0.16900000000000012,finger_close,nan,nan,nan,nan,False
0.17000000000000012,finger_close,nan,nan,nan,nan,False
0.17100000000000012,finger_close,nan,nan,nan,nan,False
0.17200000000000013,finger_close,nan,nan,nan,nan,False
0.17300000000000013,finger_close,nan,nan,nan,nan,False
0.17400000000000013,finger_close,nan,nan,nan,nan,False
0.17500000000000013,finger_close,nan,nan,nan,nan,False
0.17600000000000013,finger_close,nan,nan,nan,nan,False
0.17700000000000013,finger_close,nan,nan,nan,nan,False
0.17800000000000013,finger_close,nan,nan,nan,nan,False
0.17900000000000013,finger_close,nan,nan,nan,nan,False
0.18000000000000013,finger_close,nan,nan,nan,nan,False
0.18100000000000013,finger_close,nan,nan,nan,nan,False
0.18200000000000013,finger_close,nan,nan,nan,nan,False
0.18300000000000013,finger_close,nan,nan,nan,nan,False
0.18400000000000014,finger_close,nan,nan,nan,nan,False
0.18500000000000014,finger_close,nan,nan,nan,nan,False
0.18600000000000014,finger_close,nan,nan,nan,nan,False
0.18700000000000014,finger_close,nan,nan,nan,nan,False
0.18800000000000014,finger_close,nan,nan,nan,nan,False
0.18900000000000014,finger_close,nan,nan,nan,nan,False
0.19000000000000014,finger_close,nan,nan,nan,nan,False
0.19100000000000014,finger_close,nan,nan,nan,nan,False
0.19200000000000014,finger_close,nan,nan,nan,nan,False
0.19300000000000014,finger_close,nan,nan,nan,nan,False
0.19400000000000014,finger_close,nan,nan,nan,nan,False
0.19500000000000015,finger_close,nan,nan,nan,nan,False
0.19600000000000015,finger_close,nan,nan,nan,nan,False
0.19700000000000015,finger_close,nan,nan,nan,nan,False
0.19800000000000015,finger_close,nan,nan,nan,nan,False
0.19900000000000015,finger_close,nan,nan,nan,nan,False
0.20000000000000015,finger_close,nan,nan,nan,nan,False
0.20100000000000015,finger_close,nan,nan,nan,nan,False
0.20200000000000015,finger_close,nan,nan,nan,nan,False
0.20300000000000015,finger_close,nan,nan,nan,nan,False
0.20400000000000015,finger_close,nan,nan,nan,nan,False
0.20500000000000015,finger_close,nan,nan,nan,nan,False
0.20600000000000016,finger_close,nan,nan,nan,nan,False
0.20700000000000016,finger_close,nan,nan,nan,nan,False
0.20800000000000016,finger_close,nan,nan,nan,nan,False
0.20900000000000016,finger_close,nan,nan,nan,nan,False
0.21000000000000016,finger_close,nan,nan,nan,nan,False
0.21100000000000016,finger_close,nan,nan,nan,nan,False
0.21200000000000016,finger_close,nan,nan,nan,nan,False
0.21300000000000016,finger_close,nan,nan,nan,nan,False
0.21400000000000016,finger_close,nan,nan,nan,nan,False
0.21500000000000016,finger_close,nan,nan,nan,nan,False
0.21600000000000016,finger_close,nan,nan,nan,nan,False
0.21700000000000016,finger_close,nan,nan,nan,nan,False
0.21800000000000017,finger_close,nan,nan,nan,nan,False
0.21900000000000017,finger_close,nan,nan,nan,nan,False
0.22000000000000017,finger_close,nan,nan,nan,nan,False
0.22100000000000017,finger_close,nan,nan,nan,nan,False
0.22200000000000017,finger_close,nan,nan,nan,nan,False
0.22300000000000017,finger_close,nan,nan,nan,nan,False
0.22400000000000017,finger_close,nan,nan,nan,nan,False
0.22500000000000017,finger_close,nan,nan,nan,nan,False
0.22600000000000017,finger_close,nan,nan,nan,nan,False
0.22700000000000017,finger_close,nan,nan,nan,nan,False
0.22800000000000017,finger_close,nan,nan,nan,nan,False
0.22900000000000018,finger_close,nan,nan,nan,nan,False
0.23000000000000018,finger_close,nan,nan,nan,nan,False
0.23100000000000018,finger_close,nan,nan,nan,nan,False
0.23200000000000018,finger_close,nan,nan,nan,nan,False
0.23300000000000018,finger_close,nan,nan,nan,nan,False
0.23400000000000018,finger_close,nan,nan,nan,nan,False
0.23500000000000018,finger_close,nan,nan,nan,nan,False
0.23600000000000018,finger_close,nan,nan,nan,nan,False
0.23700000000000018,finger_close,nan,nan,nan,nan,False
0.23800000000000018,finger_close,nan,nan,nan,nan,False
0.23900000000000018,finger_close,nan,nan,nan,nan,False
0.24000000000000019,finger_close,nan,nan,nan,nan,False
0.2410000000000002,finger_close,nan,nan,nan,nan,False
0.2420000000000002,finger_close,nan,nan,nan,nan,False
0.2430000000000002,finger_close,nan,nan,nan,nan,False
0.2440000000000002,finger_close,nan,nan,nan,nan,False
0.2450000000000002,finger_close,nan,nan,nan,nan,False
0.2460000000000002,finger_close,nan,nan,nan,nan,False
0.2470000000000002,finger_close,nan,nan,nan,nan,False
0.2480000000000002,finger_close,nan,nan,nan,nan,False
0.2490000000000002,finger_close,nan,nan,nan,nan,False
0.25000000000000017,finger_close,nan,nan,nan,nan,False
0.25100000000000017,finger_close,nan,nan,nan,nan,False
0.25200000000000017,finger_close,nan,nan,nan,nan,False
0.25300000000000017,finger_close,nan,nan,nan,nan,False
0.25400000000000017,finger_close,nan,nan,nan,nan,False
0.25500000000000017,finger_close,nan,nan,nan,nan,False
0.25600000000000017,finger_close,nan,nan,nan,nan,False
0.2570000000000002,finger_close,nan,nan,nan,nan,False
0.2580000000000002,finger_close,nan,nan,nan,nan,False
0.2590000000000002,finger_close,nan,nan,nan,nan,False
0.2600000000000002,finger_close,nan,nan,nan,nan,False
0.2610000000000002,finger_close,nan,nan,nan,nan,False
0.2620000000000002,finger_close,nan,nan,nan,nan,False
0.2630000000000002,finger_close,nan,nan,nan,nan,False
0.2640000000000002,finger_close,nan,nan,nan,nan,False
0.2650000000000002,finger_close,nan,nan,nan,nan,False
0.2660000000000002,finger_close,nan,nan,nan,nan,False
0.2670000000000002,finger_close,nan,nan,nan,nan,False
0.2680000000000002,finger_close,nan,nan,nan,nan,False
0.2690000000000002,finger_close,nan,nan,nan,nan,False
0.2700000000000002,finger_close,nan,nan,nan,nan,False
0.2710000000000002,finger_close,nan,nan,nan,nan,False
0.2720000000000002,finger_close,nan,nan,nan,nan,False
0.2730000000000002,finger_close,nan,nan,nan,nan,False
0.2740000000000002,finger_close,nan,nan,nan,nan,False
0.2750000000000002,finger_close,nan,nan,nan,nan,False
0.2760000000000002,finger_close,nan,nan,nan,nan,False
0.2770000000000002,finger_close,nan,nan,nan,nan,False
0.2780000000000002,finger_close,nan,nan,nan,nan,False
0.2790000000000002,finger_close,nan,nan,nan,nan,False
0.2800000000000002,finger_close,nan,nan,nan,nan,False
0.2810000000000002,finger_close,nan,nan,nan,nan,False
0.2820000000000002,finger_close,nan,nan,nan,nan,False
0.2830000000000002,finger_close,nan,nan,nan,nan,False
0.2840000000000002,finger_close,nan,nan,nan,nan,False
0.2850000000000002,finger_close,nan,nan,nan,nan,False
0.2860000000000002,finger_close,nan,nan,nan,nan,False
0.2870000000000002,finger_close,nan,nan,nan,nan,False
0.2880000000000002,finger_close,nan,nan,nan,nan,False
0.2890000000000002,finger_close,nan,nan,nan,nan,False
0.2900000000000002,finger_close,nan,nan,nan,nan,False
0.2910000000000002,finger_close,nan,nan,nan,nan,False
0.2920000000000002,finger_close,nan,nan,nan,nan,False
0.2930000000000002,finger_close,nan,nan,nan,nan,False
0.2940000000000002,finger_close,nan,nan,nan,nan,False
0.2950000000000002,finger_close,nan,nan,nan,nan,False
0.2960000000000002,finger_close,nan,nan,nan,nan,False
0.2970000000000002,finger_close,nan,nan,nan,nan,False
0.2980000000000002,finger_close,nan,nan,nan,nan,False
0.2990000000000002,finger_close,nan,nan,nan,nan,False
0.3000000000000002,finger_close,nan,nan,nan,nan,False
0.3010000000000002,finger_close,nan,nan,nan,nan,False
0.3020000000000002,finger_close,nan,nan,nan,nan,False
0.3030000000000002,finger_close,nan,nan,nan,nan,False
0.3040000000000002,finger_close,nan,nan,nan,nan,False
0.3050000000000002,finger_close,nan,nan,nan,nan,False
0.3060000000000002,finger_close,nan,nan,nan,nan,False
0.3070000000000002,finger_close,nan,nan,nan,nan,False
0.3080000000000002,finger_close,nan,nan,nan,nan,False
0.3090000000000002,finger_close,nan,nan,nan,nan,False
0.3100000000000002,finger_close,nan,nan,nan,nan,False
0.3110000000000002,finger_close,nan,nan,nan,nan,False
0.3120000000000002,finger_close,nan,nan,nan,nan,False
0.3130000000000002,finger_close,nan,nan,nan,nan,False
0.3140000000000002,finger_close,nan,nan,nan,nan,False
0.3150000000000002,finger_close,nan,nan,nan,nan,False
0.3160000000000002,finger_close,nan,nan,nan,nan,False
0.3170000000000002,finger_close,nan,nan,nan,nan,False
0.3180000000000002,finger_close,nan,nan,nan,nan,False
0.31900000000000023,finger_close,nan,nan,nan,nan,False
0.32000000000000023,finger_close,nan,nan,nan,nan,False
0.32100000000000023,finger_close,nan,nan,nan,nan,False
0.32200000000000023,finger_close,nan,nan,nan,nan,False
0.32300000000000023,finger_close,nan,nan,nan,nan,False
0.32400000000000023,finger_close,nan,nan,nan,nan,False
0.32500000000000023,finger_close,nan,nan,nan,nan,False
0.32600000000000023,finger_close,nan,nan,nan,nan,False
0.32700000000000023,finger_close,nan,nan,nan,nan,False
0.32800000000000024,finger_close,nan,nan,nan,nan,False
0.32900000000000024,finger_close,nan,nan,nan,nan,False
0.33000000000000024,finger_close,nan,nan,nan,nan,False
0.33100000000000024,finger_close,nan,nan,nan,nan,False
0.33200000000000024,finger_close,nan,nan,nan,nan,False
0.33300000000000024,finger_close,nan,nan,nan,nan,False
0.33400000000000024,finger_close,nan,nan,nan,nan,False
0.33500000000000024,finger_close,nan,nan,nan,nan,False
0.33600000000000024,finger_close,nan,nan,nan,nan,False
0.33700000000000024,finger_close,nan,nan,nan,nan,False
0.33800000000000024,finger_close,nan,nan,nan,nan,False
0.33900000000000025,finger_close,nan,nan,nan,nan,False
0.34000000000000025,finger_close,nan,nan,nan,nan,False
0.34100000000000025,finger_close,nan,nan,nan,nan,False
0.34200000000000025,finger_close,nan,nan,nan,nan,False
0.34300000000000025,finger_close,nan,nan,nan,nan,False
0.34400000000000025,finger_close,nan,nan,nan,nan,False
0.34500000000000025,finger_close,nan,nan,nan,nan,False
0.34600000000000025,finger_close,nan,nan,nan,nan,False
0.34700000000000025,finger_close,nan,nan,nan,nan,False
0.34800000000000025,finger_close,nan,nan,nan,nan,False
0.34900000000000025,finger_close,nan,nan,nan,nan,False
0.35000000000000026,finger_close,nan,nan,nan,nan,False
0.35100000000000026,finger_close,nan,nan,nan,nan,False
0.35200000000000026,finger_close,nan,nan,nan,nan,False
0.35300000000000026,finger_close,nan,nan,nan,nan,False
0.35400000000000026,finger_close,nan,nan,nan,nan,False
0.35500000000000026,finger_close,nan,nan,nan,nan,False
0.35600000000000026,finger_close,nan,nan,nan,nan,False
0.35700000000000026,finger_close,nan,nan,nan,nan,False
0.35800000000000026,finger_close,nan,nan,nan,nan,False
0.35900000000000026,finger_close,nan,nan,nan,nan,False
0.36000000000000026,finger_close,nan,nan,nan,nan,False
0.36100000000000027,finger_close,nan,nan,nan,nan,False
0.36200000000000027,finger_close,nan,nan,nan,nan,False
0.36300000000000027,finger_close,nan,nan,nan,nan,False
0.36400000000000027,finger_close,nan,nan,nan,nan,False
0.36500000000000027,finger_close,nan,nan,nan,nan,False
0.36600000000000027,finger_close,nan,nan,nan,nan,False
0.36700000000000027,finger_close,nan,nan,nan,nan,False
0.36800000000000027,finger_close,nan,nan,nan,nan,False
0.36900000000000027,finger_close,nan,nan,nan,nan,False
0.3700000000000003,finger_close,nan,nan,nan,nan,False
0.3710000000000003,finger_close,nan,nan,nan,nan,False
0.3720000000000003,finger_close,nan,nan,nan,nan,False
0.3730000000000003,finger_close,nan,nan,nan,nan,False
0.3740000000000003,finger_close,nan,nan,nan,nan,False
0.3750000000000003,finger_close,nan,nan,nan,nan,False
0.3760000000000003,finger_close,nan,nan,nan,nan,False
0.3770000000000003,finger_close,nan,nan,nan,nan,False
0.3780000000000003,finger_close,nan,nan,nan,nan,False
0.3790000000000003,finger_close,nan,nan,nan,nan,False
0.3800000000000003,finger_close,nan,nan,nan,nan,False
0.3810000000000003,finger_close,nan,nan,nan,nan,False
0.3820000000000003,finger_close,nan,nan,nan,nan,False
0.3830000000000003,finger_close,nan,nan,nan,nan,False
0.3840000000000003,finger_close,nan,nan,nan,nan,False
0.3850000000000003,finger_close,nan,nan,nan,nan,False
0.3860000000000003,finger_close,nan,nan,nan,nan,False
0.3870000000000003,finger_close,nan,nan,nan,nan,False
0.3880000000000003,finger_close,nan,nan,nan,nan,False
0.3890000000000003,finger_close,nan,nan,nan,nan,False
0.3900000000000003,finger_close,nan,nan,nan,nan,False
0.3910000000000003,finger_close,nan,nan,nan,nan,False
0.3920000000000003,finger_close,nan,nan,nan,nan,False
0.3930000000000003,finger_close,nan,nan,nan,nan,False
0.3940000000000003,finger_close,nan,nan,nan,nan,False
0.3950000000000003,finger_close,nan,nan,nan,nan,False
0.3960000000000003,finger_close,nan,nan,nan,nan,False
0.3970000000000003,finger_close,nan,nan,nan,nan,False
0.3980000000000003,finger_close,nan,nan,nan,nan,False
0.3990000000000003,finger_close,nan,nan,nan,nan,False
0.4000000000000003,finger_close,nan,nan,nan,nan,False
0.4010000000000003,finger_close,nan,nan,nan,nan,False
0.4020000000000003,finger_close,nan,nan,nan,nan,False
0.4030000000000003,finger_close,nan,nan,nan,nan,False
0.4040000000000003,finger_close,nan,nan,nan,nan,False
0.4050000000000003,finger_close,nan,nan,nan,nan,False
0.4060000000000003,finger_close,nan,nan,nan,nan,False
0.4070000000000003,finger_close,nan,nan,nan,nan,False
0.4080000000000003,finger_close,nan,nan,nan,nan,False
0.4090000000000003,finger_close,nan,nan,nan,nan,False
0.4100000000000003,finger_close,nan,nan,nan,nan,False
0.4110000000000003,finger_close,nan,nan,nan,nan,False
0.4120000000000003,finger_close,nan,nan,nan,nan,False
0.4130000000000003,finger_close,nan,nan,nan,nan,False
0.4140000000000003,finger_close,nan,nan,nan,nan,False
0.4150000000000003,finger_close,nan,nan,nan,nan,False
0.4160000000000003,finger_close,nan,nan,nan,nan,False
0.4170000000000003,finger_close,nan,nan,nan,nan,False
0.4180000000000003,finger_close,nan,nan,nan,nan,False
0.4190000000000003,finger_close,nan,nan,nan,nan,False
0.4200000000000003,finger_close,nan,nan,nan,nan,False
0.4210000000000003,finger_close,nan,nan,nan,nan,False
0.4220000000000003,finger_close,nan,nan,nan,nan,False
0.4230000000000003,finger_close,nan,nan,nan,nan,False
0.4240000000000003,finger_close,nan,nan,nan,nan,False
0.4250000000000003,finger_close,nan,nan,nan,nan,False
0.4260000000000003,finger_close,nan,nan,nan,nan,False
0.4270000000000003,finger_close,nan,nan,nan,nan,False
0.4280000000000003,finger_close,nan,nan,nan,nan,False
0.4290000000000003,finger_close,nan,nan,nan,nan,False
0.4300000000000003,finger_close,nan,nan,nan,nan,False
0.4310000000000003,finger_close,nan,nan,nan,nan,False
0.43200000000000033,finger_close,nan,nan,nan,nan,False
0.43300000000000033,finger_close,nan,nan,nan,nan,False
0.43400000000000033,finger_close,nan,nan,nan,nan,False
0.43500000000000033,finger_close,nan,nan,nan,nan,False
0.43600000000000033,finger_close,nan,nan,nan,nan,False
0.43700000000000033,finger_close,nan,nan,nan,nan,False
0.43800000000000033,finger_close,nan,nan,nan,nan,False
0.43900000000000033,finger_close,nan,nan,nan,nan,False
0.44000000000000034,finger_close,nan,nan,nan,nan,False
0.44100000000000034,finger_close,nan,nan,nan,nan,False
0.44200000000000034,finger_close,nan,nan,nan,nan,False
0.44300000000000034,finger_close,nan,nan,nan,nan,False
0.44400000000000034,finger_close,nan,nan,nan,nan,False
0.44500000000000034,finger_close,nan,nan,nan,nan,False
0.44600000000000034,finger_close,nan,nan,nan,nan,False
0.44700000000000034,finger_close,nan,nan,nan,nan,False
0.44800000000000034,finger_close,nan,nan,nan,nan,False
0.44900000000000034,finger_close,nan,nan,nan,nan,False
0.45000000000000034,finger_close,nan,nan,nan,nan,False
0.45100000000000035,finger_close,nan,nan,nan,nan,False
0.45200000000000035,finger_close,nan,nan,nan,nan,False
0.45300000000000035,finger_close,nan,nan,nan,nan,False
0.45400000000000035,finger_close,nan,nan,nan,nan,False
0.45500000000000035,finger_close,nan,nan,nan,nan,False
0.45600000000000035,finger_close,nan,nan,nan,nan,False
0.45700000000000035,finger_close,nan,nan,nan,nan,False
0.45800000000000035,finger_close,nan,nan,nan,nan,False
0.45900000000000035,finger_close,nan,nan,nan,nan,False
0.46000000000000035,finger_close,nan,nan,nan,nan,False
0.46100000000000035,finger_close,nan,nan,nan,nan,False
0.46200000000000035,finger_close,nan,nan,nan,nan,False
0.46300000000000036,finger_close,nan,nan,nan,nan,False
0.46400000000000036,finger_close,nan,nan,nan,nan,False
0.46500000000000036,finger_close,nan,nan,nan,nan,False
0.46600000000000036,finger_close,nan,nan,nan,nan,False
0.46700000000000036,finger_close,nan,nan,nan,nan,False
0.46800000000000036,finger_close,nan,nan,nan,nan,False
0.46900000000000036,finger_close,nan,nan,nan,nan,False
0.47000000000000036,finger_close,nan,nan,nan,nan,False
0.47100000000000036,finger_close,nan,nan,nan,nan,False
0.47200000000000036,finger_close,nan,nan,nan,nan,False
0.47300000000000036,finger_close,nan,nan,nan,nan,False
0.47400000000000037,finger_close,nan,nan,nan,nan,False
0.47500000000000037,finger_close,nan,nan,nan,nan,False
0.47600000000000037,finger_close,nan,nan,nan,nan,False
0.47700000000000037,finger_close,nan,nan,nan,nan,False
0.47800000000000037,finger_close,nan,nan,nan,nan,False
0.47900000000000037,finger_close,nan,nan,nan,nan,False
0.48000000000000037,finger_close,nan,nan,nan,nan,False
0.48100000000000037,finger_close,nan,nan,nan,nan,False
0.4820000000000004,finger_close,nan,nan,nan,nan,False
0.4830000000000004,finger_close,nan,nan,nan,nan,False
0.4840000000000004,finger_close,nan,nan,nan,nan,False
0.4850000000000004,finger_close,nan,nan,nan,nan,False
0.4860000000000004,finger_close,nan,nan,nan,nan,False
0.4870000000000004,finger_close,nan,nan,nan,nan,False
0.4880000000000004,finger_close,nan,nan,nan,nan,False
0.4890000000000004,finger_close,nan,nan,nan,nan,False
0.4900000000000004,finger_close,nan,nan,nan,nan,False
0.4910000000000004,finger_close,nan,nan,nan,nan,False
0.4920000000000004,finger_close,nan,nan,nan,nan,False
0.4930000000000004,finger_close,nan,nan,nan,nan,False
0.4940000000000004,finger_close,nan,nan,nan,nan,False
0.4950000000000004,finger_close,nan,nan,nan,nan,False
0.4960000000000004,finger_close,nan,nan,nan,nan,False
0.4970000000000004,finger_close,nan,nan,nan,nan,False
0.4980000000000004,finger_close,nan,nan,nan,nan,False
0.4990000000000004,finger_close,nan,nan,nan,nan,False
0.5000000000000003,finger_close,nan,nan,nan,nan,False
0.5010000000000003,finger_close,nan,nan,nan,nan,False
0.5020000000000003,finger_close,nan,nan,nan,nan,False
0.5030000000000003,finger_close,nan,nan,nan,nan,False
0.5040000000000003,finger_close,nan,nan,nan,nan,False
0.5050000000000003,finger_close,nan,nan,nan,nan,False
0.5060000000000003,finger_close,nan,nan,nan,nan,False
0.5070000000000003,finger_close,nan,nan,nan,nan,False
0.5080000000000003,finger_close,nan,nan,nan,nan,False
0.5090000000000003,finger_close,nan,nan,nan,nan,False
0.5100000000000003,finger_close,nan,nan,nan,nan,False
0.5110000000000003,finger_close,nan,nan,nan,nan,False
0.5120000000000003,finger_close,nan,nan,nan,nan,False
0.5130000000000003,finger_close,nan,nan,nan,nan,False
0.5140000000000003,finger_close,nan,nan,nan,nan,False
0.5150000000000003,finger_close,nan,nan,nan,nan,False
0.5160000000000003,finger_close,nan,nan,nan,nan,False
0.5170000000000003,finger_close,nan,nan,nan,nan,False
0.5180000000000003,finger_close,nan,nan,nan,nan,False
0.5190000000000003,finger_close,nan,nan,nan,nan,False
0.5200000000000004,finger_close,nan,nan,nan,nan,False
0.5210000000000004,finger_close,nan,nan,nan,nan,False
0.5220000000000004,finger_close,nan,nan,nan,nan,False
0.5230000000000004,finger_close,nan,nan,nan,nan,False
0.5240000000000004,finger_close,nan,nan,nan,nan,False
0.5250000000000004,finger_close,nan,nan,nan,nan,False
0.5260000000000004,finger_close,nan,nan,nan,nan,False
0.5270000000000004,finger_close,nan,nan,nan,nan,False
0.5280000000000004,finger_close,nan,nan,nan,nan,False
0.5290000000000004,finger_close,nan,nan,nan,nan,False
0.5300000000000004,finger_close,nan,nan,nan,nan,False
0.5310000000000004,finger_close,nan,nan,nan,nan,False
0.5320000000000004,finger_close,nan,nan,nan,nan,False
0.5330000000000004,finger_close,nan,nan,nan,nan,False
0.5340000000000004,finger_close,nan,nan,nan,nan,False
0.5350000000000004,finger_close,nan,nan,nan,nan,False
0.5360000000000004,finger_close,nan,nan,nan,nan,False
0.5370000000000004,finger_close,nan,nan,nan,nan,False
0.5380000000000004,finger_close,nan,nan,nan,nan,False
0.5390000000000004,finger_close,nan,nan,nan,nan,False
0.5400000000000004,finger_close,nan,nan,nan,nan,False
0.5410000000000004,finger_close,nan,nan,nan,nan,False
0.5420000000000004,finger_close,nan,nan,nan,nan,False
0.5430000000000004,finger_close,nan,nan,nan,nan,False
0.5440000000000004,finger_close,nan,nan,nan,nan,False
0.5450000000000004,finger_close,nan,nan,nan,nan,False
0.5460000000000004,finger_close,nan,nan,nan,nan,False
0.5470000000000004,finger_close,nan,nan,nan,nan,False
0.5480000000000004,finger_close,nan,nan,nan,nan,False
0.5490000000000004,finger_close,nan,nan,nan,nan,False
0.5500000000000004,finger_close,nan,nan,nan,nan,False
0.5510000000000004,finger_close,nan,nan,nan,nan,False
0.5520000000000004,finger_close,nan,nan,nan,nan,False
0.5530000000000004,finger_close,nan,nan,nan,nan,False
0.5540000000000004,finger_close,nan,nan,nan,nan,False
0.5550000000000004,finger_close,nan,nan,nan,nan,False
0.5560000000000004,finger_close,nan,nan,nan,nan,False
0.5570000000000004,finger_close,nan,nan,nan,nan,False
0.5580000000000004,finger_close,nan,nan,nan,nan,False
0.5590000000000004,finger_close,nan,nan,nan,nan,False
0.5600000000000004,finger_close,nan,nan,nan,nan,False
0.5610000000000004,finger_close,nan,nan,nan,nan,False
0.5620000000000004,finger_close,nan,nan,nan,nan,False
0.5630000000000004,finger_close,nan,nan,nan,nan,False
0.5640000000000004,finger_close,nan,nan,nan,nan,False
0.5650000000000004,finger_close,nan,nan,nan,nan,False
0.5660000000000004,finger_close,nan,nan,nan,nan,False
0.5670000000000004,finger_close,nan,nan,nan,nan,False
0.5680000000000004,finger_close,nan,nan,nan,nan,False
0.5690000000000004,finger_close,nan,nan,nan,nan,False
0.5700000000000004,finger_close,nan,nan,nan,nan,False
0.5710000000000004,finger_close,nan,nan,nan,nan,False
0.5720000000000004,finger_close,nan,nan,nan,nan,False
0.5730000000000004,finger_close,nan,nan,nan,nan,False
0.5740000000000004,finger_close,nan,nan,nan,nan,False
0.5750000000000004,finger_close,nan,nan,nan,nan,False
0.5760000000000004,finger_close,nan,nan,nan,nan,False
0.5770000000000004,finger_close,nan,nan,nan,nan,False
0.5780000000000004,finger_close,nan,nan,nan,nan,False
0.5790000000000004,finger_close,nan,nan,nan,nan,False
0.5800000000000004,finger_close,nan,nan,nan,nan,False
0.5810000000000004,finger_close,nan,nan,nan,nan,False
0.5820000000000004,finger_close,nan,nan,nan,nan,False
0.5830000000000004,finger_close,nan,nan,nan,nan,False
0.5840000000000004,finger_close,nan,nan,nan,nan,False
0.5850000000000004,finger_close,nan,nan,nan,nan,False
0.5860000000000004,finger_close,nan,nan,nan,nan,False
0.5870000000000004,finger_close,nan,nan,nan,nan,False
0.5880000000000004,finger_close,nan,nan,nan,nan,False
0.5890000000000004,finger_close,nan,nan,nan,nan,False
0.5900000000000004,finger_close,nan,nan,nan,nan,False
0.5910000000000004,finger_close,nan,nan,nan,nan,False
0.5920000000000004,finger_close,nan,nan,nan,nan,False
0.5930000000000004,finger_close,nan,nan,nan,nan,False
0.5940000000000004,finger_close,nan,nan,nan,nan,False
0.5950000000000004,finger_close,nan,nan,nan,nan,False
0.5960000000000004,finger_close,nan,nan,nan,nan,False
0.5970000000000004,finger_close,nan,nan,nan,nan,False
0.5980000000000004,finger_close,nan,nan,nan,nan,False
0.5990000000000004,finger_close,nan,nan,nan,nan,False
0.6000000000000004,finger_close,nan,nan,nan,nan,False
0.6010000000000004,finger_close,nan,nan,nan,nan,False
0.6020000000000004,finger_close,nan,nan,nan,nan,False
0.6030000000000004,finger_close,nan,nan,nan,nan,False
0.6040000000000004,finger_close,nan,nan,nan,nan,False
0.6050000000000004,finger_close,nan,nan,nan,nan,False
0.6060000000000004,finger_close,nan,nan,nan,nan,False
0.6070000000000004,finger_close,nan,nan,nan,nan,False
0.6080000000000004,finger_close,nan,nan,nan,nan,False
0.6090000000000004,finger_close,nan,nan,nan,nan,False
0.6100000000000004,finger_close,nan,nan,nan,nan,False
0.6110000000000004,finger_close,nan,nan,nan,nan,False
0.6120000000000004,finger_close,nan,nan,nan,nan,False
0.6130000000000004,finger_close,nan,nan,nan,nan,False
0.6140000000000004,finger_close,nan,nan,nan,nan,False
0.6150000000000004,finger_close,nan,nan,nan,nan,False
0.6160000000000004,finger_close,nan,nan,nan,nan,False
0.6170000000000004,finger_close,nan,nan,nan,nan,False
0.6180000000000004,finger_close,nan,nan,nan,nan,False
0.6190000000000004,finger_close,nan,nan,nan,nan,False
0.6200000000000004,finger_close,nan,nan,nan,nan,False
0.6210000000000004,finger_close,nan,nan,nan,nan,False
0.6220000000000004,finger_close,nan,nan,nan,nan,False
0.6230000000000004,finger_close,nan,nan,nan,nan,False
0.6240000000000004,finger_close,nan,nan,nan,nan,False
0.6250000000000004,finger_close,nan,nan,nan,nan,False
0.6260000000000004,finger_close,nan,nan,nan,nan,False
0.6270000000000004,finger_close,nan,nan,nan,nan,False
0.6280000000000004,finger_close,nan,nan,nan,nan,False
0.6290000000000004,finger_close,nan,nan,nan,nan,False
0.6300000000000004,finger_close,nan,nan,nan,nan,False
0.6310000000000004,finger_close,nan,nan,nan,nan,False
0.6320000000000005,finger_close,nan,nan,nan,nan,False
0.6330000000000005,finger_close,nan,nan,nan,nan,False
0.6340000000000005,finger_close,nan,nan,nan,nan,False
0.6350000000000005,finger_close,nan,nan,nan,nan,False
0.6360000000000005,finger_close,nan,nan,nan,nan,False
0.6370000000000005,finger_close,nan,nan,nan,nan,False
0.6380000000000005,finger_close,nan,nan,nan,nan,False
0.6390000000000005,finger_close,nan,nan,nan,nan,False
0.6400000000000005,finger_close,nan,nan,nan,nan,False
0.6410000000000005,finger_close,nan,nan,nan,nan,False
0.6420000000000005,finger_close,nan,nan,nan,nan,False
0.6430000000000005,finger_close,nan,nan,nan,nan,False
0.6440000000000005,finger_close,nan,nan,nan,nan,False
0.6450000000000005,finger_close,nan,nan,nan,nan,False
0.6460000000000005,finger_close,nan,nan,nan,nan,False
0.6470000000000005,finger_close,nan,nan,nan,nan,False
0.6480000000000005,finger_close,nan,nan,nan,nan,False
0.6490000000000005,finger_close,nan,nan,nan,nan,False
0.6500000000000005,finger_close,nan,nan,nan,nan,False
0.6510000000000005,finger_close,nan,nan,nan,nan,False
0.6520000000000005,finger_close,nan,nan,nan,nan,False
0.6530000000000005,finger_close,nan,nan,nan,nan,False
0.6540000000000005,finger_close,nan,nan,nan,nan,False
0.6550000000000005,finger_close,nan,nan,nan,nan,False
0.6560000000000005,finger_close,nan,nan,nan,nan,False
0.6570000000000005,finger_close,nan,nan,nan,nan,False
0.6580000000000005,finger_close,nan,nan,nan,nan,False
0.6590000000000005,finger_close,nan,nan,nan,nan,False
0.6600000000000005,finger_close,nan,nan,nan,nan,False
0.6610000000000005,finger_close,nan,nan,nan,nan,False
0.6620000000000005,finger_close,nan,nan,nan,nan,False
0.6630000000000005,finger_close,nan,nan,nan,nan,False
0.6640000000000005,finger_close,nan,nan,nan,nan,False
0.6650000000000005,finger_close,nan,nan,nan,nan,False
0.6660000000000005,finger_close,nan,nan,nan,nan,False
0.6670000000000005,finger_close,nan,nan,nan,nan,False
0.6680000000000005,finger_close,nan,nan,nan,nan,False
0.6690000000000005,finger_close,nan,nan,nan,nan,False
0.6700000000000005,finger_close,nan,nan,nan,nan,False
0.6710000000000005,finger_close,nan,nan,nan,nan,False
0.6720000000000005,finger_close,nan,nan,nan,nan,False
0.6730000000000005,finger_close,nan,nan,nan,nan,False
0.6740000000000005,finger_close,nan,nan,nan,nan,False
0.6750000000000005,finger_close,nan,nan,nan,nan,False
0.6760000000000005,finger_close,nan,nan,nan,nan,False
0.6770000000000005,finger_close,nan,nan,nan,nan,False
0.6780000000000005,finger_close,nan,nan,nan,nan,False
0.6790000000000005,finger_close,nan,nan,nan,nan,False
0.6800000000000005,finger_close,nan,nan,nan,nan,False
0.6810000000000005,finger_close,nan,nan,nan,nan,False
0.6820000000000005,finger_close,nan,nan,nan,nan,False
0.6830000000000005,finger_close,nan,nan,nan,nan,False
0.6840000000000005,finger_close,nan,nan,nan,nan,False
0.6850000000000005,finger_close,nan,nan,nan,nan,False
0.6860000000000005,finger_close,nan,nan,nan,nan,False
0.6870000000000005,finger_close,nan,nan,nan,nan,False
0.6880000000000005,finger_close,nan,nan,nan,nan,False
0.6890000000000005,finger_close,nan,nan,nan,nan,False
0.6900000000000005,finger_close,nan,nan,nan,nan,False
0.6910000000000005,finger_close,nan,nan,nan,nan,False
0.6920000000000005,finger_close,nan,nan,nan,nan,False
0.6930000000000005,finger_close,nan,nan,nan,nan,False
0.6940000000000005,finger_close,nan,nan,nan,nan,False
0.6950000000000005,finger_close,nan,nan,nan,nan,False
0.6960000000000005,finger_close,nan,nan,nan,nan,False
0.6970000000000005,finger_close,nan,nan,nan,nan,False
0.6980000000000005,finger_close,nan,nan,nan,nan,False
0.6990000000000005,finger_close,nan,nan,nan,nan,False
0.7000000000000005,finger_close,nan,nan,nan,nan,False
0.7010000000000005,finger_close,nan,nan,nan,nan,False
0.7020000000000005,finger_close,nan,nan,nan,nan,False
0.7030000000000005,finger_close,nan,nan,nan,nan,False
0.7040000000000005,finger_close,nan,nan,nan,nan,False
0.7050000000000005,finger_close,nan,nan,nan,nan,False
0.7060000000000005,finger_close,nan,nan,nan,nan,False
0.7070000000000005,finger_close,nan,nan,nan,nan,False
0.7080000000000005,finger_close,nan,nan,nan,nan,False
0.7090000000000005,finger_close,nan,nan,nan,nan,False
0.7100000000000005,finger_close,nan,nan,nan,nan,False
0.7110000000000005,finger_close,nan,nan,nan,nan,False
0.7120000000000005,finger_close,nan,nan,nan,nan,False
0.7130000000000005,finger_close,nan,nan,nan,nan,False
0.7140000000000005,finger_close,nan,nan,nan,nan,False
0.7150000000000005,finger_close,nan,nan,nan,nan,False
0.7160000000000005,finger_close,nan,nan,nan,nan,False
0.7170000000000005,finger_close,nan,nan,nan,nan,False
0.7180000000000005,finger_close,nan,nan,nan,nan,False
0.7190000000000005,finger_close,nan,nan,nan,nan,False
0.7200000000000005,finger_close,nan,nan,nan,nan,False
0.7210000000000005,finger_close,nan,nan,nan,nan,False
0.7220000000000005,finger_close,nan,nan,nan,nan,False
0.7230000000000005,finger_close,nan,nan,nan,nan,False
0.7240000000000005,finger_close,nan,nan,nan,nan,False
0.7250000000000005,finger_close,nan,nan,nan,nan,False
0.7260000000000005,finger_close,nan,nan,nan,nan,False
0.7270000000000005,finger_close,nan,nan,nan,nan,False
0.7280000000000005,finger_close,nan,nan,nan,nan,False
0.7290000000000005,finger_close,nan,nan,nan,nan,False
0.7300000000000005,finger_close,nan,nan,nan,nan,False
0.7310000000000005,finger_close,nan,nan,nan,nan,False
0.7320000000000005,finger_close,nan,nan,nan,nan,False
0.7330000000000005,finger_close,nan,nan,nan,nan,False
0.7340000000000005,finger_close,nan,nan,nan,nan,False
0.7350000000000005,finger_close,nan,nan,nan,nan,False
0.7360000000000005,finger_close,nan,nan,nan,nan,False
0.7370000000000005,finger_close,nan,nan,nan,nan,False
0.7380000000000005,finger_close,nan,nan,nan,nan,False
0.7390000000000005,finger_close,nan,nan,nan,nan,False
0.7400000000000005,finger_close,nan,nan,nan,nan,False
0.7410000000000005,finger_close,nan,nan,nan,nan,False
0.7420000000000005,finger_close,nan,nan,nan,nan,False
0.7430000000000005,finger_close,nan,nan,nan,nan,False
0.7440000000000005,finger_close,nan,nan,nan,nan,False
0.7450000000000006,finger_close,nan,nan,nan,nan,False
0.7460000000000006,finger_close,nan,nan,nan,nan,False
0.7470000000000006,finger_close,nan,nan,nan,nan,False
0.7480000000000006,finger_close,nan,nan,nan,nan,False
0.7490000000000006,finger_close,nan,nan,nan,nan,False
0.7500000000000006,finger_close,nan,nan,nan,nan,False
0.7510000000000006,finger_close,nan,nan,nan,nan,False
0.7520000000000006,finger_close,nan,nan,nan,nan,False
0.7530000000000006,finger_close,nan,nan,nan,nan,False
0.7540000000000006,finger_close,nan,nan,nan,nan,False
0.7550000000000006,finger_close,nan,nan,nan,nan,False
0.7560000000000006,finger_close,nan,nan,nan,nan,False
0.7570000000000006,finger_close,nan,nan,nan,nan,False
0.7580000000000006,finger_close,nan,nan,nan,nan,False
0.7590000000000006,finger_close,nan,nan,nan,nan,False
0.7600000000000006,finger_close,nan,nan,nan,nan,False
0.7610000000000006,finger_close,nan,nan,nan,nan,False
0.7620000000000006,finger_close,nan,nan,nan,nan,False
0.7630000000000006,finger_close,nan,nan,nan,nan,False
0.7640000000000006,finger_close,nan,nan,nan,nan,False
0.7650000000000006,finger_close,nan,nan,nan,nan,False
0.7660000000000006,finger_close,nan,nan,nan,nan,False
0.7670000000000006,finger_close,nan,nan,nan,nan,False
0.7680000000000006,finger_close,nan,nan,nan,nan,False
0.7690000000000006,finger_close,nan,nan,nan,nan,False
0.7700000000000006,finger_close,nan,nan,nan,nan,False
0.7710000000000006,finger_close,nan,nan,nan,nan,False
0.7720000000000006,finger_close,nan,nan,nan,nan,False
0.7730000000000006,finger_close,nan,nan,nan,nan,False
0.7740000000000006,finger_close,nan,nan,nan,nan,False
0.7750000000000006,finger_close,nan,nan,nan,nan,False
0.7760000000000006,finger_close,nan,nan,nan,nan,False
0.7770000000000006,finger_close,nan,nan,nan,nan,False
0.7780000000000006,finger_close,nan,nan,nan,nan,False
0.7790000000000006,finger_close,nan,nan,nan,nan,False
0.7800000000000006,finger_close,nan,nan,nan,nan,False
0.7810000000000006,finger_close,nan,nan,nan,nan,False
0.7820000000000006,finger_close,nan,nan,nan,nan,False
0.7830000000000006,finger_close,nan,nan,nan,nan,False
0.7840000000000006,finger_close,nan,nan,nan,nan,False
0.7850000000000006,finger_close,nan,nan,nan,nan,False
0.7860000000000006,finger_close,nan,nan,nan,nan,False
0.7870000000000006,finger_close,nan,nan,nan,nan,False
0.7880000000000006,finger_close,nan,nan,nan,nan,False
0.7890000000000006,finger_close,nan,nan,nan,nan,False
0.7900000000000006,finger_close,nan,nan,nan,nan,False
0.7910000000000006,finger_close,nan,nan,nan,nan,False
0.7920000000000006,finger_close,nan,nan,nan,nan,False
0.7930000000000006,finger_close,nan,nan,nan,nan,False
0.7940000000000006,finger_close,nan,nan,nan,nan,False
0.7950000000000006,finger_close,nan,nan,nan,nan,False
0.7960000000000006,finger_close,nan,nan,nan,nan,False
0.7970000000000006,finger_close,nan,nan,nan,nan,False
0.7980000000000006,finger_close,nan,nan,nan,nan,False
0.7990000000000006,finger_close,nan,nan,nan,nan,False
0.8000000000000006,finger_close,nan,nan,nan,nan,False
0.8010000000000006,finger_close,nan,nan,nan,nan,False
0.8020000000000006,finger_close,nan,nan,nan,nan,False
0.8030000000000006,finger_close,nan,nan,nan,nan,False
0.8040000000000006,finger_close,nan,nan,nan,nan,False
0.8050000000000006,finger_close,nan,nan,nan,nan,False
0.8060000000000006,finger_close,nan,nan,nan,nan,False
0.8070000000000006,finger_close,nan,nan,nan,nan,False
0.8080000000000006,finger_close,nan,nan,nan,nan,False
0.8090000000000006,finger_close,nan,nan,nan,nan,False
0.8100000000000006,finger_close,nan,nan,nan,nan,False
0.8110000000000006,finger_close,nan,nan,nan,nan,False
0.8120000000000006,finger_close,nan,nan,nan,nan,False
0.8130000000000006,finger_close,nan,nan,nan,nan,False
0.8140000000000006,finger_close,nan,nan,nan,nan,False
0.8150000000000006,finger_close,nan,nan,nan,nan,False
0.8160000000000006,finger_close,nan,nan,nan,nan,False
0.8170000000000006,finger_close,nan,nan,nan,nan,False
0.8180000000000006,finger_close,nan,nan,nan,nan,False
0.8190000000000006,finger_close,nan,nan,nan,nan,False
0.8200000000000006,finger_close,nan,nan,nan,nan,False
0.8210000000000006,finger_close,nan,nan,nan,nan,False
0.8220000000000006,finger_close,nan,nan,nan,nan,False
0.8230000000000006,finger_close,nan,nan,nan,nan,False
0.8240000000000006,finger_close,nan,nan,nan,nan,False
0.8250000000000006,finger_close,nan,nan,nan,nan,False
0.8260000000000006,finger_close,nan,nan,nan,nan,False
0.8270000000000006,finger_close,nan,nan,nan,nan,False
0.8280000000000006,finger_close,nan,nan,nan,nan,False
0.8290000000000006,finger_close,nan,nan,nan,nan,False
0.8300000000000006,finger_close,nan,nan,nan,nan,False
0.8310000000000006,finger_close,nan,nan,nan,nan,False
0.8320000000000006,finger_close,nan,nan,nan,nan,False
0.8330000000000006,finger_close,nan,nan,nan,nan,False
0.8340000000000006,finger_close,nan,nan,nan,nan,False
0.8350000000000006,finger_close,nan,nan,nan,nan,False
0.8360000000000006,finger_close,nan,nan,nan,nan,False
0.8370000000000006,finger_close,nan,nan,nan,nan,False
0.8380000000000006,finger_close,nan,nan,nan,nan,False
0.8390000000000006,finger_close,nan,nan,nan,nan,False
0.8400000000000006,finger_close,nan,nan,nan,nan,False
0.8410000000000006,finger_close,nan,nan,nan,nan,False
0.8420000000000006,finger_close,nan,nan,nan,nan,False
0.8430000000000006,finger_close,nan,nan,nan,nan,False
0.8440000000000006,finger_close,nan,nan,nan,nan,False
0.8450000000000006,finger_close,nan,nan,nan,nan,False
0.8460000000000006,finger_close,nan,nan,nan,nan,False
0.8470000000000006,finger_close,nan,nan,nan,nan,False
0.8480000000000006,finger_close,nan,nan,nan,nan,False
0.8490000000000006,finger_close,nan,nan,nan,nan,False
0.8500000000000006,finger_close,nan,nan,nan,nan,False
0.8510000000000006,finger_close,nan,nan,nan,nan,False
0.8520000000000006,finger_close,nan,nan,nan,nan,False
0.8530000000000006,finger_close,nan,nan,nan,nan,False
0.8540000000000006,finger_close,nan,nan,nan,nan,False
0.8550000000000006,finger_close,nan,nan,nan,nan,False
0.8560000000000006,finger_close,nan,nan,nan,nan,False
0.8570000000000007,finger_close,nan,nan,nan,nan,False
0.8580000000000007,finger_close,nan,nan,nan,nan,False
0.8590000000000007,finger_close,nan,nan,nan,nan,False
0.8600000000000007,finger_close,nan,nan,nan,nan,False
0.8610000000000007,finger_close,nan,nan,nan,nan,False
0.8620000000000007,finger_close,nan,nan,nan,nan,False
0.8630000000000007,finger_close,nan,nan,nan,nan,False
0.8640000000000007,finger_close,nan,nan,nan,nan,False
0.8650000000000007,finger_close,nan,nan,nan,nan,False
0.8660000000000007,finger_close,nan,nan,nan,nan,False
0.8670000000000007,finger_close,nan,nan,nan,nan,False
0.8680000000000007,finger_close,nan,nan,nan,nan,False
0.8690000000000007,finger_close,nan,nan,nan,nan,False
0.8700000000000007,finger_close,nan,nan,nan,nan,False
0.8710000000000007,finger_close,nan,nan,nan,nan,False
0.8720000000000007,finger_close,nan,nan,nan,nan,False
0.8730000000000007,finger_close,nan,nan,nan,nan,False
0.8740000000000007,finger_close,nan,nan,nan,nan,False
0.8750000000000007,finger_close,nan,nan,nan,nan,False
0.8760000000000007,finger_close,nan,nan,nan,nan,False
0.8770000000000007,finger_close,nan,nan,nan,nan,False
0.8780000000000007,finger_close,nan,nan,nan,nan,False
0.8790000000000007,finger_close,nan,nan,nan,nan,False
0.8800000000000007,finger_close,nan,nan,nan,nan,False
0.8810000000000007,finger_close,nan,nan,nan,nan,False
0.8820000000000007,finger_close,nan,nan,nan,nan,False
0.8830000000000007,finger_close,nan,nan,nan,nan,False
0.8840000000000007,finger_close,nan,nan,nan,nan,False
0.8850000000000007,finger_close,nan,nan,nan,nan,False
0.8860000000000007,finger_close,nan,nan,nan,nan,False
0.8870000000000007,finger_close,nan,nan,nan,nan,False
0.8880000000000007,finger_close,nan,nan,nan,nan,False
0.8890000000000007,finger_close,nan,nan,nan,nan,False
0.8900000000000007,finger_close,nan,nan,nan,nan,False
0.8910000000000007,finger_close,nan,nan,nan,nan,False
0.8920000000000007,finger_close,nan,nan,nan,nan,False
0.8930000000000007,finger_close,nan,nan,nan,nan,False
0.8940000000000007,finger_close,nan,nan,nan,nan,False
0.8950000000000007,finger_close,nan,nan,nan,nan,False
0.8960000000000007,finger_close,nan,nan,nan,nan,False
0.8970000000000007,finger_close,nan,nan,nan,nan,False
0.8980000000000007,finger_close,nan,nan,nan,nan,False
0.8990000000000007,finger_close,nan,nan,nan,nan,False
0.9000000000000007,finger_close,nan,nan,nan,nan,False
0.9010000000000007,finger_close,nan,nan,nan,nan,False
0.9020000000000007,finger_close,nan,nan,nan,nan,False
0.9030000000000007,finger_close,nan,nan,nan,nan,False
0.9040000000000007,finger_close,nan,nan,nan,nan,False
0.9050000000000007,finger_close,nan,nan,nan,nan,False
0.9060000000000007,finger_close,nan,nan,nan,nan,False
0.9070000000000007,finger_close,nan,nan,nan,nan,False
0.9080000000000007,finger_close,nan,nan,nan,nan,False
0.9090000000000007,finger_close,nan,nan,nan,nan,False
0.9100000000000007,finger_close,nan,nan,nan,nan,False
0.9110000000000007,finger_close,nan,nan,nan,nan,False
0.9120000000000007,finger_close,nan,nan,nan,nan,False
0.9130000000000007,finger_close,nan,nan,nan,nan,False
0.9140000000000007,finger_close,nan,nan,nan,nan,False
0.9150000000000007,finger_close,nan,nan,nan,nan,False
0.9160000000000007,finger_close,nan,nan,nan,nan,False
0.9170000000000007,finger_close,nan,nan,nan,nan,False
0.9180000000000007,finger_close,nan,nan,nan,nan,False
0.9190000000000007,finger_close,nan,nan,nan,nan,False
0.9200000000000007,finger_close,nan,nan,nan,nan,False
0.9210000000000007,finger_close,nan,nan,nan,nan,False
0.9220000000000007,finger_close,nan,nan,nan,nan,False
0.9230000000000007,finger_close,nan,nan,nan,nan,False
0.9240000000000007,finger_close,nan,nan,nan,nan,False
0.9250000000000007,finger_close,nan,nan,nan,nan,False
0.9260000000000007,finger_close,nan,nan,nan,nan,False
0.9270000000000007,finger_close,nan,nan,nan,nan,False
0.9280000000000007,finger_close,nan,nan,nan,nan,False
0.9290000000000007,finger_close,nan,nan,nan,nan,False
0.9300000000000007,finger_close,nan,nan,nan,nan,False
0.9310000000000007,finger_close,nan,nan,nan,nan,False
0.9320000000000007,finger_close,nan,nan,nan,nan,False
0.9330000000000007,finger_close,nan,nan,nan,nan,False
0.9340000000000007,finger_close,nan,nan,nan,nan,False
0.9350000000000007,finger_close,nan,nan,nan,nan,False
0.9360000000000007,finger_close,nan,nan,nan,nan,False
0.9370000000000007,finger_close,nan,nan,nan,nan,False
0.9380000000000007,finger_close,nan,nan,nan,nan,False
0.9390000000000007,finger_close,nan,nan,nan,nan,False
0.9400000000000007,finger_close,nan,nan,nan,nan,False
0.9410000000000007,finger_close,nan,nan,nan,nan,False
0.9420000000000007,finger_close,nan,nan,nan,nan,False
0.9430000000000007,finger_close,nan,nan,nan,nan,False
0.9440000000000007,finger_close,nan,nan,nan,nan,False
0.9450000000000007,finger_close,nan,nan,nan,nan,False
0.9460000000000007,finger_close,nan,nan,nan,nan,False
0.9470000000000007,finger_close,nan,nan,nan,nan,False
0.9480000000000007,finger_close,nan,nan,nan,nan,False
0.9490000000000007,finger_close,nan,nan,nan,nan,False
0.9500000000000007,finger_close,nan,nan,nan,nan,False
0.9510000000000007,finger_close,nan,nan,nan,nan,False
0.9520000000000007,finger_close,nan,nan,nan,nan,False
0.9530000000000007,finger_close,nan,nan,nan,nan,False
0.9540000000000007,finger_close,nan,nan,nan,nan,False
0.9550000000000007,finger_close,nan,nan,nan,nan,False
0.9560000000000007,finger_close,nan,nan,nan,nan,False
0.9570000000000007,finger_close,nan,nan,nan,nan,False
0.9580000000000007,finger_close,nan,nan,nan,nan,False
0.9590000000000007,finger_close,nan,nan,nan,nan,False
0.9600000000000007,finger_close,nan,nan,nan,nan,False
0.9610000000000007,finger_close,nan,nan,nan,nan,False
0.9620000000000007,finger_close,nan,nan,nan,nan,False
0.9630000000000007,finger_close,nan,nan,nan,nan,False
0.9640000000000007,finger_close,nan,nan,nan,nan,False
0.9650000000000007,finger_close,nan,nan,nan,nan,False
0.9660000000000007,finger_close,nan,nan,nan,nan,False
0.9670000000000007,finger_close,nan,nan,nan,nan,False
0.9680000000000007,finger_close,nan,nan,nan,nan,False
0.9690000000000007,finger_close,nan,nan,nan,nan,False
0.9700000000000008,finger_close,nan,nan,nan,nan,False
0.9710000000000008,finger_close,nan,nan,nan,nan,False
0.9720000000000008,finger_close,nan,nan,nan,nan,False
0.9730000000000008,finger_close,nan,nan,nan,nan,False
0.9740000000000008,finger_close,nan,nan,nan,nan,False
0.9750000000000008,finger_close,nan,nan,nan,nan,False
0.9760000000000008,finger_close,nan,nan,nan,nan,False
0.9770000000000008,finger_close,nan,nan,nan,nan,False
0.9780000000000008,finger_close,nan,nan,nan,nan,False
0.9790000000000008,finger_close,nan,nan,nan,nan,False
0.9800000000000008,finger_close,nan,nan,nan,nan,False
0.9810000000000008,finger_close,nan,nan,nan,nan,False
0.9820000000000008,finger_close,nan,nan,nan,nan,False
0.9830000000000008,finger_close,nan,nan,nan,nan,False
0.9840000000000008,finger_close,nan,nan,nan,nan,False
0.9850000000000008,finger_close,nan,nan,nan,nan,False
0.9860000000000008,finger_close,nan,nan,nan,nan,False
0.9870000000000008,finger_close,nan,nan,nan,nan,False
0.9880000000000008,finger_close,nan,nan,nan,nan,False
0.9890000000000008,finger_close,nan,nan,nan,nan,False
0.9900000000000008,finger_close,nan,nan,nan,nan,False
0.9910000000000008,finger_close,nan,nan,nan,nan,False
0.9920000000000008,finger_close,nan,nan,nan,nan,False
0.9930000000000008,finger_close,nan,nan,nan,nan,False
0.9940000000000008,finger_close,nan,nan,nan,nan,False
0.9950000000000008,finger_close,nan,nan,nan,nan,False
0.9960000000000008,finger_close,nan,nan,nan,nan,False
0.9970000000000008,finger_close,nan,nan,nan,nan,False
0.9980000000000008,finger_close,nan,nan,nan,nan,False
0.9990000000000008,finger_close,nan,nan,nan,nan,False
1.0000000000000007,thumb_ik,0.03843229331954708,0.05723791677710864,0.015784116676206,0.07072735415686779,False
1.0010000000000006,thumb_ik,0.038432281501780095,0.057238008593225156,0.015784947791025856,0.07072760752291567,False
1.0020000000000004,thumb_ik,0.03843220539259487,0.05723795943221675,0.01578531827752097,0.07072760906764293,False
1.0030000000000003,thumb_ik,0.038431916033138565,0.05723748476969025,0.01578515821103274,0.07072703197848805,False
1.0040000000000002,thumb_ik,0.03843126995375505,0.057236322702068645,0.015784020560380047,0.07072548657849045,False
1.0050000000000001,thumb_ik,0.03843014451876538,0.05723423243056698,0.01578141295481995,0.07072260151111466,False
1.006,thumb_ik,0.0384284037882773,0.057231240511477946,0.01577741703429751,0.07071834271581638,False
1.007,thumb_ik,0.038425920857088576,0.057227417483461315,0.01577221745777426,0.07071273965189673,False
1.0079999999999998,thumb_ik,0.038422581236276926,0.05722282588088963,0.0157659890944956,0.07070581986499178,False
1.0089999999999997,thumb_ik,0.038418280583747744,0.05721752120917327,0.01575889755161163,0.07069760864679903,False
1.0099999999999996,thumb_ik,0.03841312589074276,0.05721155285667558,0.01575110705431221,0.07068824084956875,False
1.0109999999999995,thumb_ik,0.038407225677365646,0.05720496473232427,0.01574277266807353,0.07067784564866986,False
1.0119999999999993,thumb_ik,0.038400670870050654,0.057197795882508076,0.015734040027556552,0.07066653658327798,False
1.0129999999999992,thumb_ik,0.038393524622363166,0.057190114540994944,0.015725324396230728,0.07065449569211302,False
1.0139999999999991,thumb_ik,0.03838583522327507,0.05718199552358129,0.015717117940412542,0.07064191924204873,False
1.014999999999999,thumb_ik,0.03837764334314066,0.057173507441963686,0.015709879978484872,0.07062898690146975,False
1.015999999999999,thumb_ik,0.038368983285421335,0.05716471326731652,0.015704038805995822,0.07061586334607599,False
1.0169999999999988,thumb_ik,0.038359884018017154,0.05715567081100724,0.015699993365376877,0.07060269966088288,False
1.0179999999999987,thumb_ik,0.03835037002799578,0.05714643314148328,0.0156981149299026,0.07058963461040613,False
1.0189999999999986,thumb_ik,0.038340462030522826,0.05713704894141418,0.015698748630131185,0.0705767957546924,False
1.0199999999999985,thumb_ik,0.03833017753700068,0.0571275627321063,0.015702212746065217,0.07056429988918919,False
1.0209999999999984,thumb_ik,0.03831953138422669,0.05711801524113265,0.015708802794136,0.07055225464730416,False
1.0219999999999982,thumb_ik,0.03830853615650579,0.057108443682171536,0.015718793914881478,0.07054075959608448,False
1.0229999999999981,thumb_ik,0.03829720251314112,0.05709888190382216,0.01573244047254735,0.07052990655191185,False
1.023999999999998,thumb_ik,0.038285536552672264,0.05708934765022976,0.01574963834214236,0.07051969251324823,False
1.024999999999998,thumb_ik,0.038273543385754685,0.05707985176839396,0.015770189214707207,0.07051008771141007,False
1.0259999999999978,thumb_ik,0.038261228271441745,0.05707040230374587,0.015793905769417582,0.07050106288137802,False
1.0269999999999977,thumb_ik,0.03824859654099261,0.05706100492429424,0.015820611079863774,0.07049258936417552,False
1.0279999999999976,thumb_ik,0.03823565353138479,0.05705166328649504,0.015850138050279877,0.07048463918429769,False
1.0289999999999975,thumb_ik,0.03822240452882505,0.05704237935110014,0.015882328880520064,0.07047718510744426,False
1.0299999999999974,thumb_ik,0.038208854721968194,0.05703315365593732,0.01591703455858348,0.07047020068259612,False
1.0309999999999973,thumb_ik,0.03819500916419712,0.05702398555150172,0.01595411437949689,0.0704636602715545,False
1.0319999999999971,thumb_ik,0.03818087274412019,0.05701487340436494,0.015993435489383458,0.07045753906837458,False
1.032999999999997,thumb_ik,0.03816645016335293,0.05700581477267734,0.016034872453566593,0.07045181311059814,False
1.033999999999997,thumb_ik,0.03815174592063662,0.05699680655743737,0.016078306847586765,0.07044645928379867,False
1.0349999999999968,thumb_ik,0.038136764301375733,0.05698784513268991,0.016123626870039195,0.07044145532064472,False
1.0359999999999967,thumb_ik,0.03812150937174018,0.056978926457391235,0.016170726976173836,0.07043677979546217,False
1.0369999999999966,thumb_ik,0.03810598497654943,0.056970046171310726,0.0162195075312353,0.07043241211509149,False
1.0379999999999965,thumb_ik,0.03809019474024338,0.05696119967703138,0.01626987448255618,0.070428332506701,False
1.0389999999999964,thumb_ik,0.03807414207032583,0.05695238220984568,0.01632173904945589,0.07042452200310795,False
1.0399999999999963,thumb_ik,0.038057830162746824,0.056943588897111194,0.01637501743003432,0.07042096242606753,False
1.0409999999999962,thumb_ik,0.038041262008770144,0.05693481480843597,0.016429630523988707,0.07041763636792689,False
1.041999999999996,thumb_ik,0.038024440402936274,0.05692605499789018,0.01648550367061847,0.07041452717197812,False
1.042999999999996,thumb_ik,0.038007367951797516,0.05691730453929082,0.01654256640122192,0.07041161891179991,False
1.0439999999999958,thumb_ik,0.03799004708315552,0.05690855855547673,0.016600752205123255,0.07040889636983669,False
1.0449999999999957,thumb_ik,0.037972480055579676,0.056899812242377654,0.016659998308605754,0.07040634501543147,False
1.0459999999999956,thumb_ik,0.037954668968027544,0.05689106088858058,0.016720245466060962,0.07040395098249862,False
1.0469999999999955,thumb_ik,0.037936615769423934,0.056882299891009805,0.016781437762696746,0.07040170104699846,False
1.0479999999999954,thumb_ik,0.03791832226808549,0.05687352476726028,0.01684352242818135,0.07039958260435358,False
1.0489999999999953,thumb_ik,0.037899790140904166,0.05686473116505654,0.016906449660629482,0.07039758364692732,False
1.0499999999999952,thumb_ik,0.037881020942224314,0.05685591486925025,0.016970172460369023,0.07039569274166804,False
1.050999999999995,thumb_ik,0.03786201611236565,0.05684707180671793,0.017034646472954204,0.07039389900800858,False
1.051999999999995,thumb_ik,0.03784277698576005,0.056838198049473446,0.017099829840919067,0.07039219209609489,False
1.0529999999999948,thumb_ik,0.03782330479868121,0.05682928981627049,0.017165683063791896,0.07039056216540793,False
1.0539999999999947,thumb_ik,0.03780360069655671,0.05682034347293556,0.01723216886591642,0.07038899986383194,False
1.0549999999999946,thumb_ik,0.03778366574085946,0.05681135553163817,0.017299252071649444,0.07038749630721113,False
1.0559999999999945,thumb_ik,0.037763500915581914,0.056802322649281076,0.017366899487527447,0.07038604305943094,False
1.0569999999999944,thumb_ik,0.037743107133300806,0.05679324162516659,0.01743507979101714,0.07038463211305088,False
1.0579999999999943,thumb_ik,0.0377224852408441,0.0567841093980755,0.0175037634254852,0.07038325587050986,False
1.0589999999999942,thumb_ik,0.037701636024575,0.056774923042874695,0.01757292250104181,0.07038190712591906,False
1.059999999999994,thumb_ik,0.037680560215307725,0.056765679766756436,0.017642530700932656,0.0703805790474526,False
1.060999999999994,thumb_ik,0.03765925849287451,0.05675637690519471,0.0177125631931701,0.07037926516034182,False
1.0619999999999938,thumb_ik,0.037637731490360274,0.056747011917693116,0.017782996547112632,0.07037795933047421,False
1.0629999999999937,thumb_ik,0.037615979798024175,0.05673758238338898,0.017853808654716592,0.0703766557485964,False
1.0639999999999936,thumb_ik,0.03759400396692678,0.05672808599656505,0.017924978656200095,0.07037534891511527,False
1.0649999999999935,thumb_ik,0.03757180451228064,0.056718520562117555,0.017996486869872534,0.070374033625492,False
1.0659999999999934,thumb_ik,0.037549381916542605,0.05670888399101588,0.01806831472589788,0.07037270495621845,False
1.0669999999999933,thumb_ik,0.03752673663226429,0.05669917429578787,0.018140444703771373,0.07037135825136563,False
1.0679999999999932,thumb_ik,0.037503869084718526,0.056689389586056946,0.018212860273302448,0.07036998910969282,False
1.068999999999993,thumb_ik,0.037480779674316664,0.056679528064151316,0.018285545838908287,0.07036859337230213,False
1.069999999999993,thumb_ik,0.037457468778831826,0.05666958802080528,0.018358486687031834,0.0703671671108258,False
1.0709999999999928,thumb_ik,0.03743393675544303,0.056659567830964805,0.01843166893651034,0.07036570661613034,False
1.0719999999999927,thumb_ik,0.03741018394261273,0.05664946594970931,0.018505079491729016,0.07036420838752187,False
1.0729999999999926,thumb_ik,0.03738621066181086,0.05663928090829791,0.018578705998403958,0.07036266912243673,False
1.0739999999999925,thumb_ik,0.037362017219097224,0.05662901131034635,0.018652536801846864,0.07036108570660138,False
1.0749999999999924,thumb_ik,0.037337603906572855,0.05661865582813862,0.01872656090757254,0.07035945520464441,False
1.0759999999999923,thumb_ik,0.03731297100371046,0.05660821319907623,0.018800767944118363,0.07035777485114487,False
1.0769999999999922,thumb_ik,0.037288118778574374,0.05659768222226609,0.018875148127951283,0.07035604204210033,False
1.077999999999992,thumb_ik,0.037263047488937974,0.05658706175524801,0.018949692230345257,0.07035425432679893,False
1.078999999999992,thumb_ik,0.037237757383306966,0.05657635071085869,0.01902439154611923,0.07035240940007788,False
1.0799999999999919,thumb_ik,0.037212248701856215,0.056565548054233986,0.01909923786413087,0.07035050509495511,False
1.0809999999999917,thumb_ik,0.03718652167728728,0.056554652799944025,0.019174223439427568,0.07034853937561651,False
1.0819999999999916,thumb_ik,0.03716057653561296,0.05654366400925977,0.01924934096696185,0.07034651033074464,False
1.0829999999999915,thumb_ik,0.0371344134968744,0.05653258078754818,0.01932458355678382,0.07034441616717442,False
1.0839999999999914,thumb_ik,0.03710803277579726,0.05652140228179116,0.01939994471062688,0.07034225520386085,False
1.0849999999999913,thumb_ik,0.0370814345823913,0.05651012767822573,0.019475418299809515,0.07034002586614604,False
1.0859999999999912,thumb_ik,0.03705461912249771,0.05649875620010021,0.01955099854437844,0.07033772668031021,False
1.086999999999991,thumb_ik,0.03702758659828982,0.056487287105543446,0.019626679993424264,0.07033535626839625,False
1.087999999999991,thumb_ik,0.03700033720872928,0.05647571968554187,0.019702457506503034,0.07033291334329281,False
1.0889999999999909,thumb_ik,0.036972871149983266,0.0564640532620211,0.019778326236102338,0.07033039670406613,False
1.0899999999999908,thumb_ik,0.036945188615804474,0.05645228718602692,0.019854281611092456,0.07032780523152697,False
1.0909999999999906,thumb_ik,0.036917289797877964,0.0564404208360018,0.01993031932110837,0.07032513788402292,False
1.0919999999999905,thumb_ik,0.03688917488613709,0.056428453616153354,0.020006435301809244,0.0703223936934449,False
1.0929999999999904,thumb_ik,0.03686084406905137,0.05641638495490957,0.02008262572096678,0.0703195717614371,False
1.0939999999999903,thumb_ik,0.036832297533888794,0.05640421430345767,0.02015888696533575,0.07031667125580159,False
1.0949999999999902,thumb_ik,0.03680353546695425,0.0563919411343622,0.020235215628262804,0.07031369140708674,False
1.09599999999999,thumb_ik,0.03677455805380652,0.0563795649402591,0.020311608497991754,0.07031063150535181,False
1.09699999999999,thumb_ik,0.03674536547945555,0.056367085232621586,0.020388062546626708,0.07030749089709824,False
1.0979999999999899,thumb_ik,0.03671595792854165,0.05635450154059381,0.020464574919715876,0.07030426898235906,False
1.0989999999999898,thumb_ik,0.03668633558549797,0.056341813409891014,0.02054114292642103,0.07030096521194006,False
1.0999999999999897,thumb_ik,0.036656498634698165,0.056329020401759675,0.020617764030239724,0.07029757908480301,False
1.1009999999999895,thumb_ik,0.036626447260589744,0.056316122091997114,0.020694435840249832,0.07029411014558548,False
1.1019999999999894,thumb_ik,0.036596181647815404,0.05630311807002715,0.020771156102846022,0.07029055798225048,False
1.1029999999999893,thumb_ik,0.03656570198132211,0.056290007938026396,0.0208479226939413,0.07028692222385677,False
1.1039999999999892,thumb_ik,0.03653500844646037,0.05627679131010287,0.020924733611607196,0.07028320253844815,False
1.104999999999989,thumb_ik,0.03650410122907278,0.05626346781151985,0.02100158696912805,0.070279398631051,False
1.105999999999989,thumb_ik,0.036472980515575154,0.05625003707796504,0.021078480988445905,0.07027551024177797,False
1.1069999999999889,thumb_ik,0.036441646493028224,0.0562364987548621,0.021155413993974123,0.07027153714403064,False
1.1079999999999888,thumb_ik,0.03641009934920301,0.05622285249672178,0.021232384406759515,0.07026747914279673,False
1.1089999999999887,thumb_ik,0.03637833927263885,0.056209097966531105,0.021309390738972322,0.07026333607303675,False
1.1099999999999886,thumb_ik,0.036346366452695685,0.05619523483517756,0.021386431588706692,0.07025910779815545,False
1.1109999999999884,thumb_ik,0.03631418107960072,0.056181262780908,0.021463505635073404,0.07025479420855418,False
1.1119999999999883,thumb_ik,0.03628178334448976,0.056167181488818205,0.021540611633569053,0.070250395220259,False
1.1129999999999882,thumb_ik,0.03624917343944415,0.056152990650373005,0.021617748411705377,0.07024591077362136,False
1.113999999999988,thumb_ik,0.03621635155752367,0.056138689962955166,0.021694914864885142,0.07024134083208808,False
1.114999999999988,thumb_ik,0.036183317892795365,0.05612427912943997,0.021772109952509302,0.07023668538103525,False
1.115999999999988,thumb_ik,0.03615007264035862,0.05610975785779597,0.021849332694304162,0.0702319444266645,False
1.1169999999999878,thumb_ik,0.03611661599636796,0.056095125860708875,0.02192658216685441,0.07022711799495754,False
1.1179999999999877,thumb_ik,0.03608294815805217,0.056080382855228386,0.022003857500331715,0.07022220613068617,False
1.1189999999999876,thumb_ik,0.036049069323731045,0.05606552856243556,0.02208115787540739,0.0702172088964743,False
1.1199999999999875,thumb_ik,0.036014979692830254,0.05605056270713081,0.022158482520338536,0.07021212637191049,False
1.1209999999999873,thumb_ik,0.03598067946589344,0.05603548501754009,0.022235830708218645,0.07020695865270682,False
1.1219999999999872,thumb_ik,0.035946168844592605,0.05602029522503922,0.022313201754382343,0.07020170584990285,False
1.1229999999999871,thumb_ik,0.03591144803173712,0.05600499306389432,0.022390595013956755,0.0701963680891115,False
1.123999999999987,thumb_ik,0.03587651723128096,0.055989578271018955,0.022468009879550162,0.07019094550980576,False
1.124999999999987,thumb_ik,0.03584137664832822,0.05597405058574488,0.022545445779071104,0.0701854382646421,False
1.1259999999999868,thumb_ik,0.03580602648913803,0.05595840974960754,0.022622902173670013,0.07017984651882099,False
1.1269999999999867,thumb_ik,0.03577046696112775,0.055942655506144565,0.02270037855579674,0.07017417044948072,False
1.1279999999999866,thumb_ik,0.03573469827287565,0.05592678760070639,0.022777874447367362,0.07016841024512398,False
1.1289999999999865,thumb_ik,0.03569872063412239,0.05591080578027845,0.022855389398034033,0.07016256610507415,False
1.1299999999999863,thumb_ik,0.03566253425577187,0.05589470979331514,0.02293292298355235,0.07015663823896186,False
1.1309999999999862,thumb_ik,0.03562613934989119,0.055878499389582795,0.023010474804240566,0.07015062686623734,False
1.1319999999999861,thumb_ik,0.03558953612971041,0.05586217432001346,0.023088044483525055,0.0701445322157099,False
1.132999999999986,thumb_ik,0.035552724809621225,0.05584573433656752,0.02316563166656837,0.07013835452511163,False
1.133999999999986,thumb_ik,0.03551570560517575,0.055829179192104325,0.023243236018973663,0.07013209404068384,False
1.1349999999999858,thumb_ik,0.03547847873308426,0.055812508640261785,0.023320857225562396,0.07012575101678607,False
1.1359999999999857,thumb_ik,0.03544104441121337,0.05579572243534338,0.023398494989220843,0.07011932571552633,False
1.1369999999999856,thumb_ik,0.03540340285858289,0.05577882033221164,0.023476149029811072,0.07011281840640955,False
1.1379999999999855,thumb_ik,0.0353655542953636,0.05576180208618926,0.02355381908314342,0.07010622936600644,False
1.1389999999999854,thumb_ik,0.03532749894287387,0.05574466745296609,0.023631504900006803,0.07009955887763901,False
1.1399999999999852,thumb_ik,0.03528923702357651,0.05572741618851208,0.023709206245253193,0.07009280723108295,False
1.1409999999999851,thumb_ik,0.035250768761075586,0.05571004804899636,0.023786922896933675,0.07008597472228643,False
1.141999999999985,thumb_ik,0.03521209438011276,0.05569256279071051,0.02386465464548328,0.07007906165310285,False
1.142999999999985,thumb_ik,0.03517321410656391,0.0556749601699983,0.02394240129295106,0.07007206833103893,False
1.1439999999999848,thumb_ik,0.0351341281674357,0.05565723994318865,0.024020162652274107,0.07006499506901556,False
1.1449999999999847,thumb_ik,0.03509483679086136,0.055639401866534,0.024097938546591424,0.07005784218514127,False
1.1459999999999846,thumb_ik,0.0350553402060979,0.0556214456961522,0.024175728808597165,0.07005061000249825,False
1.1469999999999845,thumb_ik,0.035015638643521835,0.05560337118797283,0.02425353327992963,0.07004329884893944,False
1.1479999999999844,thumb_ik,0.034975732334625906,0.055585178097686525,0.02433135181059461,0.07003590905689631,False
1.1489999999999843,thumb_ik,0.034935621512015375,0.055566866180698546,0.02440918425842127,0.07002844096319732,False
1.1499999999999841,thumb_ik,0.03489530640940441,0.05554843519208473,0.024487030488548146,0.07002089490889518,False
1.150999999999984,thumb_ik,0.034854787261612966,0.05552988488655107,0.02456489037293828,0.07001327123910428,False
1.151999999999984,thumb_ik,0.03481406430456292,0.055511215018396134,0.02464276378992128,0.07000557030284595,False
1.1529999999999838,thumb_ik,0.034773137775275034,0.0554924253414759,0.02472065062376126,0.06999779245290243,False
1.1539999999999837,thumb_ik,0.034732007911865544,0.05547351560917117,0.02479855076424859,0.06998993804567813,False
1.1549999999999836,thumb_ik,0.03469067495354317,0.05545448557435763,0.024876464106314587,0.06998200744106862,False
1.1559999999999835,thumb_ik,0.034649139140605835,0.05543533498937779,0.02495439054966808,0.06997400100233629,False
1.1569999999999834,thumb_ik,0.03460740071443756,0.055416063606015434,0.025032329998451685,0.06996591909599263,False
1.1579999999999833,thumb_ik,0.03456545991750608,0.055396671175471854,0.025110282360917703,0.06995776209168707,False
1.1589999999999832,thumb_ik,0.03452331699335947,0.055377157448343525,0.02518824754912196,0.06994953036210079,False
1.159999999999983,thumb_ik,0.034480972186623673,0.05535752217460206,0.025266225478634503,0.06994122428284677,False
1.160999999999983,thumb_ik,0.034438425743000045,0.055337765103576506,0.02534421606826681,0.06993284423237577,False
1.1619999999999828,thumb_ik,0.03439567790926261,0.05531788598393496,0.02542221923981388,0.06992439059188522,False
1.1629999999999827,thumb_ik,0.03435272893325587,0.05529788456367023,0.02550023491781051,0.06991586374523506,False
1.1639999999999826,thumb_ik,0.03430957906389245,0.055277760590085226,0.02557826302930166,0.0699072640788667,False
1.1649999999999825,thumb_ik,0.03426622855115077,0.05525751380977993,0.02565630350362489,0.06989859198172617,False
1.1659999999999824,thumb_ik,0.034222677646073216,0.05523714396864014,0.025734356272205425,0.0698898478451922,False
1.1669999999999823,thumb_ik,0.03417892660076405,0.0552166508118269,0.025812421268362203,0.06988103206300718,False
1.1679999999999822,thumb_ik,0.034134975668387434,0.05519603408376693,0.025890498427124636,0.06987214503121188,False
1.168999999999982,thumb_ik,0.0340908251031658,0.055175293528144084,0.025968587685059892,0.06986318714808351,False
1.169999999999982,thumb_ik,0.034046475160378106,0.05515442888789242,0.02604668898010905,0.06985415881407749,False
1.1709999999999818,thumb_ik,0.03400192609635824,0.055133439905189166,0.02612480225143297,0.06984506043177134,False
1.1719999999999817,thumb_ik,0.033957178168493536,0.05511232632144923,0.026202927439266027,0.06983589240581208,False
1.1729999999999816,thumb_ik,0.03391223163522345,0.05509108787732016,0.026281064484778415,0.06982665514286607,False
1.1739999999999815,thumb_ik,0.03386708675603807,0.05506972431267802,0.026359213329945418,0.06981734905157129,False
1.1749999999999814,thumb_ik,0.03382174379147698,0.055048235366623885,0.026437373917424505,0.06980797454249228,False
1.1759999999999813,thumb_ik,0.033776203003128426,0.055026620777481425,0.026515546190438513,0.06979853202807758,False
1.1769999999999812,thumb_ik,0.03373046465362763,0.055004880282793614,0.026593730092665416,0.06978902192261774,False
1.177999999999981,thumb_ik,0.033684529006656486,0.05498301361932252,0.026671925568134427,0.06977944464220814,False
1.178999999999981,thumb_ik,0.033638396326942155,0.054961020523047535,0.026750132561127148,0.06976980060471122,False
1.1799999999999808,thumb_ik,0.03359206688025656,0.054938900729164505,0.026828351016084433,0.06976009022972132,False
1.1809999999999807,thumb_ik,0.033545540933415614,0.0549166539720866,0.026906580877518384,0.06975031393853218,False
1.1819999999999806,thumb_ik,0.03349881875427834,0.05489427998544401,0.026984822089928657,0.0697404721541044,False
1.1829999999999805,thumb_ik,0.03345190061174661,0.05487177850208509,0.027063074597723676,0.0697305653010358,False
1.1839999999999804,thumb_ik,0.03340478677576427,0.05484914925407748,0.027141338345145868,0.0697205938055323,False
1.1849999999999803,thumb_ik,0.03335747751731698,0.05482639197271012,0.027219613276200993,0.06971055809538106,False
1.1859999999999802,thumb_ik,0.03330997310843161,0.054803506388494835,0.027297899334590963,0.06970045859992381,False
1.18699999999998,thumb_ik,0.033262273822175906,0.05478049223116892,0.027376196463650793,0.06969029575003233,False
1.18799999999998,thumb_ik,0.03321437993265849,0.054757349229698035,0.027454504606288246,0.06968006997808485,False
1.1889999999999799,thumb_ik,0.03316629171502819,0.05473407711227869,0.02753282370492698,0.06966978171794287,False
1.1899999999999797,thumb_ik,0.033118018936523094,0.05471068868967181,0.02761100792586487,0.06965938841147155,False
1.1909999999999796,thumb_ik,0.03306957062971964,0.05468719628478046,0.02768890807578417,0.06964884471083024,False
1.1919999999999795,thumb_ik,0.03302095438084014,0.05466361073855501,0.027766383785847795,0.06963810620443942,False
1.1929999999999794,thumb_ik,0.03297217650703117,0.0546399416012152,0.027843303191873073,0.06962712958631567,False
1.1939999999999793,thumb_ik,0.03292324221365092,0.054616197298224464,0.027919542614033864,0.06961587279460166,False
1.1949999999999792,thumb_ik,0.032874155733746975,0.05459238527418149,0.027994986237979146,0.06960429512318876,False
1.195999999999979,thumb_ik,0.03282492045167284,0.05456851211740875,0.028069525798941654,0.06959235730986475,False
1.196999999999979,thumb_ik,0.032775539012588235,0.05454458366768784,0.028143060270138312,0.06958002160401885,False
1.1979999999999789,thumb_ik,0.0327260134193966,0.05452060510929334,0.02821549555653185,0.06956725181657457,False
1.1989999999999787,thumb_ik,0.03267634511850988,0.05449658105121945,0.02828674419481861,0.06955401335450888,False
1.1999999999999786,thumb_ik,0.032626535075676796,0.05447251559626319,0.028356725060336277,0.06954027324203585,False
1.2009999999999785,thumb_ik,0.03257658384297954,0.05444841240042818,0.028425363081434597,0.06952600013029055,False
1.2019999999999784,thumb_ik,0.032526491617981504,0.054424274723931396,0.02849258896172478,0.0695111642971284,False
1.2029999999999783,thumb_ik,0.032476258295902435,0.05440010547494227,0.02855833891051371,0.06949573763846799,False
1.2039999999999782,thumb_ik,0.032425883515600454,0.05437590724703993,0.028622554381635204,0.06947969365243087,False
1.204999999999978,thumb_ik,0.03237536670005624,0.054351682351255245,0.028685181820811978,0.06946300741738658,False
1.205999999999978,thumb_ik,0.032324707091976615,0.0543274328434538,0.028746172421613085,0.06944565556487442,False
1.2069999999999779,thumb_ik,0.03227390378506817,0.05430316054772068,0.028805481890016603,0.06942761624825844,False
1.2079999999999778,thumb_ik,0.03222295575147002,0.0542788670763238,0.028863070217537357,0.06940886910786628,False
1.2089999999999776,thumb_ik,0.03217186186578096,0.05425455384675899,0.028918901462841103,0.06938939523327231,False
1.2099999999999775,thumb_ik,0.03212062092606771,0.05423022209631119,0.0289729435417328,0.06936917712330033,False
1.2109999999999774,thumb_ik,0.03206923167220026,0.0542058728945133,0.029025168025378946,0.06934819864425365,False
1.2119999999999773,thumb_ik,0.032017692801817044,0.05418150715382909,0.02907554994660306,0.06932644498681126,False
1.2129999999999772,thumb_ik,0.03196600298419555,0.05415712563884341,0.029124067614073778,0.06930390262197512,False
1.213999999999977,thumb_ik,0.0319141608722676,0.05413272897420572,0.029170702434192772,0.06928055925640329,False
1.214999999999977,thumb_ik,0.031862165112995264,0.054108317651534635,0.02921543874047771,0.06925640378741703,False
1.2159999999999769,thumb_ik,0.031810014356298266,0.05408389203546528,0.029258263630228203,0.06923142625793363,False
1.2169999999999768,thumb_ik,0.03175770726270154,0.054059452368991526,0.02929916680825667,0.06920561781153867,False
1.2179999999999767,thumb_ik,0.03170524250985497,0.05403499877823438,0.029338140437462783,0.06917897064788399,False
1.2189999999999765,thumb_ik,0.03165261879805731,0.05401053127674775,0.029375178996028047,0.06915147797856792,False
1.2199999999999764,thumb_ik,0.03159983485490443,0.05398604976945286,0.029410279141006957,0.06912313398363114,False
1.2209999999999763,thumb_ik,0.031546889439166476,0.0539615540562811,0.029443439578091764,0.0690939337687809,False
1.2219999999999762,thumb_ik,0.031493781343987226,0.05393704383559024,0.029474660937329856,0.06906387332343748,False
1.222999999999976,thumb_ik,0.0314405093994892,0.0539125187074065,0.02950394565457593,0.06903294947967958,False
1.223999999999976,thumb_ik,0.031387072474857655,0.05388797817653711,0.029531297858463437,0.06900115987215137,False
1.2249999999999759,thumb_ik,0.03133346947996826,0.053863421655590035,0.02955672326268535,0.06896850289898247,False
1.2259999999999758,thumb_ik,0.031279699366617245,0.05383884846792657,0.029580229063377424,0.06893497768375785,False
1.2269999999999757,thumb_ik,0.031225761129403784,0.0538142578505728,0.02960182384140286,0.06890058403856941,False
1.2279999999999756,thumb_ik,0.031171653806311234,0.053789648957103406,0.02962151746934188,0.06886532242816742,False
1.2289999999999754,thumb_ik,0.03111737647902664,0.05376502086051345,0.02963932102299573,0.06882919393522725,False
1.2299999999999753,thumb_ik,0.031062928273033488,0.05374037255608584,0.02965524669721948,0.068792200226737,False
1.2309999999999752,thumb_ik,0.03100830835751052,0.053715702964260495,0.02966930772590358,0.06875434352150765,False
1.2319999999999751,thumb_ik,0.030953515945062557,0.05369101093350985,0.02968151830593116,0.06871562655880278,False
1.232999999999975,thumb_ik,0.030898550291309043,0.05366629524322057,0.029691893524941126,0.06867605256807874,False
1.233999999999975,thumb_ik,0.030843410694351717,0.05364155460658297,0.029700449292736075,0.06863562523982615,False
1.2349999999999748,thumb_ik,0.03078809649413923,0.053616787673484614,0.02970720227617666,0.06859434869749574,False
1.2359999999999747,thumb_ik,0.030732607071747492,0.05359199303340738,0.029712169837411675,0.06855222747049439,False
1.2369999999999746,thumb_ik,0.03067694184858845,0.05356716921832359,0.02971536997529755,0.06850926646823047,False
1.2379999999999745,thumb_ik,0.03062110028556181,0.053542314705586805,0.029716821269867025,0.06846547095518844,False
1.2389999999999743,thumb_ik,0.03056508188215988,0.05351742792081411,0.029716542829711232,0.06842084652701057,False
1.2399999999999742,thumb_ik,0.03050888617553625,0.05349250724075362,0.029714554242145707,0.06837539908756164,False
1.2409999999999741,thumb_ik,0.03045251273954648,0.05346755099613394,0.029710875526034825,0.06832913482695328,False
1.241999999999974,thumb_ik,0.030395961183769263,0.053442557474489685,0.029705527087154508,0.06828206020050223,False
1.242999999999974,thumb_ik,0.030339231152513357,0.05341752492295858,0.029698529675978247,0.06823418190859695,False
1.2439999999999738,thumb_ik,0.030282322323816863,0.053392451551045564,0.029689904347775378,0.06818550687744673,False
1.2449999999999737,thumb_ik,0.030225234408444074,0.05336733553334884,0.029679672424915225,0.06813604224068713,False
1.2459999999999736,thumb_ik,0.030167967148883562,0.05334217501224488,0.029667855461275587,0.06808579532181598,False
1.2469999999999735,thumb_ik,0.030110520318351264,0.05331696810052662,0.0296544752086578,0.06803477361743271,False
1.2479999999999734,thumb_ik,0.030052893719802395,0.05329171288399244,0.029639553585114695,0.06798298478125618,False
1.2489999999999732,thumb_ik,0.029995087184954,0.05326640742398191,0.029623112645101424,0.06793043660889421,False
1.2499999999999731,thumb_ik,0.02993710057332108,0.05324104975985543,0.029605174551363835,0.06787713702333992,False
1.250999999999973,thumb_ik,0.029878933771267976,0.053215637911414246,0.02958576154848191,0.06782309406116915,False
1.251999999999973,thumb_ik,0.029820586691076498,0.053190169881259894,0.029564895937989184,0.06776831585941491,False
1.2529999999999728,thumb_ik,0.029762059270032365,0.05316464365708813,0.029542600054993262,0.067712810643093,False
1.2539999999999727,thumb_ik,0.02970335146953093,0.053139057213918775,0.02951889624622493,0.06765658671335711,False
1.2549999999999726,thumb_ik,0.02964446327420292,0.05311340851625708,0.029493806849447125,0.06759965243625791,False
1.2559999999999725,thumb_ik,0.02958539469106089,0.0530876955201872,0.02946735417415768,0.06754201623208479,False
1.2569999999999724,thumb_ik,0.02952614574866748,0.05306191617539506,0.029439560483522722,0.06748368656526701,False
1.2579999999999723,thumb_ik,0.029466716496324347,0.05303606842712123,0.029410447977480464,0.06742467193481273,False
1.2589999999999721,thumb_ik,0.02940710700328389,0.053010150218042576,0.02938003877695778,0.06736498086526538,False
1.259999999999972,thumb_ik,0.029347317357982405,0.052984159490082436,0.029348354909144076,0.06730462189815577,False
1.260999999999972,thumb_ik,0.02928734766729521,0.0529580941861494,0.029315418293770643,0.06724360358393083,False
1.2619999999999718,thumb_ik,0.029227198055814085,0.05293195225180437,0.0292812507303443,0.06718193447433893,False
1.2629999999999717,thumb_ik,0.029166868665146076,0.052905731636857065,0.029245873886287663,0.06711962311525342,False
1.2639999999999716,thumb_ik,0.029106631846904443,0.05287980909450267,0.029206121301142526,0.06705570631049479,False
1.2649999999999715,thumb_ik,0.029046448664568528,0.0528541347665472,0.02916212345991563,0.06699018724137969,False
1.2659999999999714,thumb_ik,0.028986283489658746,0.05282866176474192,0.029114024412140525,0.06692307936629248,False
1.2669999999999713,thumb_ik,0.028926098184261603,0.052803338356397986,0.029062044719764216,0.0668544249922125,False
1.2679999999999712,thumb_ik,0.028865860245889774,0.05277811926447966,0.029006389410478246,0.06678426751461143,False
1.268999999999971,thumb_ik,0.028805541758903874,0.05275296444481849,0.02894725267744331,0.06671265195832038,False
1.269999999999971,thumb_ik,0.02874511828749514,0.05272783775495289,0.028884824611207022,0.06663962629318171,False
1.2709999999999708,thumb_ik,0.0286845685296077,0.052702706631026955,0.028819290565030128,0.066565240678882,False
1.2719999999999707,thumb_ik,0.028623874001477173,0.05267754178896676,0.02875083064693433,0.06648954680752064,False
1.2729999999999706,thumb_ik,0.028563018750250274,0.0526523169482014,0.028679619322469548,0.0664125973338099,False
1.2739999999999705,thumb_ik,0.02850198909236333,0.052627008576313486,0.028605825113931643,0.06633444538368745,False
1.2749999999999704,thumb_ik,0.028440773375552397,0.05260159565311649,0.028529610383320934,0.06625514413294704,False
1.2759999999999703,thumb_ik,0.028379361762541452,0.05257605945276379,0.028451131187733892,0.06617474644825921,False
1.2769999999999702,thumb_ik,0.028317746034609,0.0525503833425925,0.028370537197139264,0.06609330458365885,False
1.27799999999997,thumb_ik,0.028255919413379113,0.052524552597501314,0.028287971665621546,0.06601086992623309,False
1.27899999999997,thumb_ik,0.028193876399309675,0.052498554228746594,0.028203571448189347,0.06592749278534198,False
1.2799999999999698,thumb_ik,0.028131612625472605,0.05247237682612142,0.028117467056156892,0.06584322222025743,False
1.2809999999999697,thumb_ik,0.028069124725328326,0.05244601041255688,0.028029782744922956,0.06575810590161218,False
1.2819999999999696,thumb_ik,0.028006410213299568,0.05241944631025232,0.027940636628702723,0.06567219000251355,False
1.2829999999999695,thumb_ik,0.027943467377041398,0.05239267701750559,0.02785014081742199,0.06558551911559951,False
1.2839999999999694,thumb_ik,0.027880295180393116,0.05236569609547047,0.027758401571568156,0.06549813619269987,False
1.2849999999999693,thumb_ik,0.027816893176074595,0.0523384980641234,0.027665519471315604,0.06541008250411504,False
1.2859999999999692,thumb_ik,0.02775326142726782,0.05231107830677044,0.027571589596709464,0.0653213976148453,False
1.286999999999969,thumb_ik,0.02768940043728893,0.0522834329824725,0.027476701716107225,0.06523211937539021,False
1.287999999999969,thumb_ik,0.027625311086623472,0.05225555894580648,0.027380940480449558,0.06514228392499988,False
1.2889999999999688,thumb_ik,0.02756099457665491,0.05222745367342242,0.027284385621260406,0.0650519257054972,False
1.2899999999999687,thumb_ik,0.027496452379470876,0.05219911519689162,0.027187112150569626,0.06496107748400208,False
1.2909999999999686,thumb_ik,0.027431686193183744,0.0521705420413754,0.027089190561212315,0.0648697703830829,False
1.2919999999999685,thumb_ik,0.027366697902248258,0.0521417331696757,0.026990687026187607,0.06477803391703232,False
1.2929999999999684,thumb_ik,0.02730148954230209,0.05211268793125888,0.02689166359596588,0.06468589603312148,False
1.2939999999999683,thumb_ik,0.02723606326909611,0.0520834060158709,0.02679217839281103,0.06459338315682554,False
1.2949999999999682,thumb_ik,0.027170421331118008,0.05205388741138932,0.026692285801345132,0.06450052024014039,False
1.295999999999968,thumb_ik,0.027104566045546466,0.052024132365580775,0.02659203665472031,0.0644073308122208,False
1.296999999999968,thumb_ik,0.02703849977720607,0.051994141351456455,0.026491478415887865,0.06431383703167351,False
1.2979999999999678,thumb_ik,0.0269722249202205,0.05196391503593785,0.02639065535355819,0.0642200597399241,False
1.2989999999999677,thumb_ik,0.02690574388208991,0.05193345425156694,0.026289608712543062,0.0641260185151615,False
1.2999999999999676,thumb_ik,0.02683905906994219,0.05190275997101258,0.026188376878248876,0.0640317317264307,False
1.3009999999999675,thumb_ik,0.026772172878730127,0.05187183328414309,0.02608699553516399,0.06393721658751039,False
1.3019999999999674,thumb_ik,0.026705087681168915,0.05184067537745014,0.02598549781924092,0.06384248921026545,False
1.3029999999999673,thumb_ik,0.02663780581922473,0.05180928751562773,0.02588391446412945,0.06374756465721708,False
1.3039999999999672,thumb_ik,0.02657032959698638,0.05177767102511961,0.025782273941259086,0.06365245699311323,False
1.304999999999967,thumb_ik,0.02650266127476364,0.05174582727946829,0.02568060259380994,0.06355717933532465,False
1.305999999999967,thumb_ik,0.02643480306427512,0.051713757686304526,0.025578924764640576,0.06346174390292132,False
1.3069999999999669,thumb_ik,0.026366757124797968,0.051681463675834746,0.025477262918270467,0.06336616206431782,False
1.3079999999999667,thumb_ik,0.026298525560166,0.05164894669068952,0.025375637757036103,0.06327044438339839,False
1.3089999999999666,thumb_ik,0.026230110416515157,0.05161620817701086,0.02527406833155804,0.06317460066405932,False
1.3099999999999665,thumb_ik,0.026161513680681245,0.051583249576661896,0.025172572145670483,0.06307863999312006,False
1.3109999999999664,thumb_ik,0.026092737279169706,0.051550072320455484,0.025071165255977634,0.06298257078157816,False
1.3119999999999663,thumb_ik,0.026023783077620738,0.05151667782230317,0.024969862366208666,0.06288640080419174,False
1.3129999999999662,thumb_ik,0.025954652880704157,0.05148306747419566,0.02486867691655015,0.0627901372373893,False
1.313999999999966,thumb_ik,0.025885348432382993,0.05144924264193394,0.024767621168138982,0.06269378669551642,False
1.314999999999966,thumb_ik,0.025815871416493982,0.051415204661533806,0.024666706282901876,0.0625973552654368,False
1.3159999999999659,thumb_ik,0.025746223457594808,0.05138095483623757,0.024565942398927534,0.06250084853951438,False
1.3169999999999658,thumb_ik,0.025676406122037615,0.05134649443406712,0.024465338701559043,0.06240427164700746,False
1.3179999999999656,thumb_ik,0.02560642091923021,0.051311824685863,0.024364903490390465,0.062307629283913306,False
1.3189999999999655,thumb_ik,0.025536269303050668,0.0512769467837554,0.024264644242351724,0.0622109257413029,False
1.3199999999999654,thumb_ik,0.025465952673387124,0.051241861880020126,0.024164567671061035,0.06211416493219191,False
1.3209999999999653,thumb_ik,0.025395472377775286,0.05120657108627459,0.02406467978262095,0.062017350416993196,False
1.3219999999999652,thumb_ik,0.025324829713110952,0.051171075472975405,0.023964985928030955,0.061920485427600896,False
1.322999999999965,thumb_ik,0.02525402592741792,0.05113537606917999,0.023865490852382543,0.061823572890155075,False
1.323999999999965,thumb_ik,0.025183062221652577,0.051099473862540865,0.02376619874100023,0.061726615446538485,False
1.3249999999999649,thumb_ik,0.02511193975153056,0.05106336979950159,0.023667113262685356,0.061629615474655765,False
1.3259999999999648,thumb_ik,0.025040659629361736,0.05102706478566825,0.023568237610214215,0.06153257510754647,False
1.3269999999999647,thumb_ik,0.024969222925882162,0.05099055968633236,0.023469574538236934,0.061435496251382886,False
1.3279999999999645,thumb_ik,0.024897630672072846,0.05095385532712192,0.023371126398717638,0.061338380602401384,False
1.3289999999999644,thumb_ik,0.024825883860957715,0.0509169524947634,0.023272895174051025,0.06124122966281883,False
1.3299999999999643,thumb_ik,0.02475398344937213,0.05087985193793433,0.02317488250798454,0.061144044755779746,False
1.3309999999999642,thumb_ik,0.02468193035969786,0.05084255436819206,0.02307708973447025,0.06104682703938291,False
1.331999999999964,thumb_ik,0.02460972548155825,0.050805060460964876,0.02297951790456454,0.060949577519833195,False
1.332999999999964,thumb_ik,0.02453736967347006,0.05076737085659157,0.0228821678114886,0.060852297063762155,False
1.3339999999999639,thumb_ik,0.024464863764448577,0.05072948616139884,0.022785040013957536,0.0607549864097609,False
1.3349999999999638,thumb_ik,0.024392208555564232,0.05069140694880718,0.022688134857880463,0.06065764617916762,False
1.3359999999999637,thumb_ik,0.02431940482144755,0.050653133760455035,0.022591452496529,0.06056027688614809,False
1.3369999999999636,thumb_ik,0.024246453311742383,0.050614667107334574,0.022494992909266997,0.060462878947109125,False
1.3379999999999634,thumb_ik,0.02417335475250572,0.05057600747093195,0.022398755918929317,0.06036545268948148,False
1.3389999999999633,thumb_ik,0.024100109847554313,0.05053715530436585,0.022302741207932925,0.06026799835990745,False
1.3399999999999632,thumb_ik,0.024026719279757247,0.0504981110335188,0.022206948333199264,0.06017051613186672,False
1.340999999999963,thumb_ik,0.023953183712275755,0.05045887505815842,0.02211137673996303,0.060073006112774587,False
1.341999999999963,thumb_ik,0.023879503789749512,0.050419447753042204,0.02201602577453768,0.05997546835058082,False
1.342999999999963,thumb_ik,0.023805680139431323,0.05037982946900481,0.021920894696104424,0.05987790283990096,False
1.3439999999999628,thumb_ik,0.023731713372270313,0.050340020534023436,0.021825982687588338,0.059780309527706535,False
1.3449999999999627,thumb_ik,0.023657604083945183,0.05030002125426035,0.021731288865680747,0.059682688318602094,False
1.3459999999999626,thumb_ik,0.02358335285584806,0.05025983191508,0.021636812290064172,0.05958503907971365,False
1.3469999999999624,thumb_ik,0.023508960256021436,0.05021945278203817,0.021542551971892712,0.05948736164521213,False
1.3479999999999623,thumb_ik,0.02343442684004793,0.05017888410184411,0.02144850688157792,0.05938965582049586,False
1.3489999999999622,thumb_ik,0.023359753151896145,0.050138126103293254,0.021354675955926987,0.059291921386053124,False
1.3499999999999621,thumb_ik,0.023284939724722342,0.05009717899816947,0.021261058104677502,0.059194158101024276,False
1.350999999999962,thumb_ik,0.023209987081630967,0.050056042982118285,0.021167652216469872,0.05909636570648462,False
1.351999999999962,thumb_ik,0.02313489573639438,0.050014718235488684,0.021074457164297268,0.05899854392846457,False
1.3529999999999618,thumb_ik,0.023059666194134465,0.04997320492414477,0.020981471810468753,0.0589006924807253,False
1.3539999999999617,thumb_ik,0.02298429895196623,0.04993150320024685,0.020888695011120766,0.05880281106730561,False
1.3549999999999616,thumb_ik,0.022908794499606533,0.04988961320300282,0.02079612562030852,0.058704899384856186,False
1.3559999999999615,thumb_ik,0.02283315331994834,0.04984753505938873,0.020703762493708346,0.058606957124774366,False
1.3569999999999613,thumb_ik,0.022757375889602388,0.04980526888484056,0.020611604491958355,0.05850898397515412,False
1.3579999999999612,thumb_ik,0.022681462679407557,0.049762814783917295,0.020519650483664748,0.058410979622563926,False
1.3589999999999611,thumb_ik,0.022605414154911713,0.04972017285093468,0.02042789934809837,0.058312943753663665,False
1.359999999999961,thumb_ik,0.022529230798226857,0.049677343185614634,0.02033634975368177,0.05821487599956886,False
1.360999999999961,thumb_ik,0.02245291313385421,0.049634325909527474,0.02024499987035762,0.05811677586067876,False
1.3619999999999608,thumb_ik,0.02237646166768706,0.04959112112007784,0.02015384796119169,0.05801864285171215,False
1.3629999999999607,thumb_ik,0.02229987688937228,0.04954772889345781,0.02006289238000569,0.05792047650384485,False
1.3639999999999606,thumb_ik,0.022223159274430068,0.04950414928729381,0.019972131568778702,0.057822276366431356,False
1.3649999999999605,thumb_ik,0.022146309286153146,0.04946038234301224,0.019881564054873273,0.057724042008360246,False
1.3659999999999604,thumb_ik,0.022069327377306547,0.04941642808795514,0.019791188448134343,0.057625773019095716,False
1.3669999999999602,thumb_ik,0.021992213991646525,0.049372286537266705,0.019701003437902542,0.05752746900944442,False
1.3679999999999601,thumb_ik,0.021914969565275416,0.049327957695574284,0.01961100778997666,0.05742912961208657,False
1.36899999999996,thumb_ik,0.021837594527848836,0.049283441558483645,0.019521200343555135,0.05733075448190459,False
1.36999999999996,thumb_ik,0.021760089303648367,0.04923873811390765,0.019431580008180956,0.057232343296138695,False
1.3709999999999598,thumb_ik,0.021682454312534544,0.049193847343244126,0.019342145760712078,0.05713389575439598,False
1.3719999999999597,thumb_ik,0.02160468997079,0.04914876922241783,0.019252896642333196,0.057035411578534305,False
1.3729999999999596,thumb_ik,0.021526796691865455,0.04910350372280138,0.019163831755623806,0.056936890512443106,False
1.3739999999999595,thumb_ik,0.021448774887037197,0.04905805081202734,0.01907495026169406,0.05683833232173825,False
1.3749999999999594,thumb_ik,0.021370624965985033,0.049012410454701325,0.018986251377406133,0.05673973679338806,False
1.3759999999999593,thumb_ik,0.021292347335991488,0.0489665826122279,0.01889773438635985,0.056641103738663594,False
1.3769999999999591,thumb_ik,0.021213942401583474,0.04892056724300088,0.018809398646154118,0.05654243299527017,False
1.377999999999959,thumb_ik,0.021135410565503193,0.04887436430344609,0.018721243582119178,0.05644372442618743,False
1.378999999999959,thumb_ik,0.021056752229531933,0.04882797374889043,0.018633268681493953,0.05634497791848866,False
1.3799999999999588,thumb_ik,0.02097796779518446,0.04878139553428025,0.0185454734880242,0.05624619338215433,False
1.3809999999999587,thumb_ik,0.02089905766429108,0.04873462961476881,0.018457857596956284,0.05614737074889243,False
1.3819999999999586,thumb_ik,0.020820022239481692,0.048687675946191014,0.018370420650405023,0.056048509970976455,False
1.3829999999999585,thumb_ik,0.020740861924584547,0.048640534485440826,0.018283162333072797,0.05594961102010926,False
1.3839999999999584,thumb_ik,0.02066157712495123,0.048593205190765584,0.018196082368300212,0.055850673886320486,False
1.3849999999999583,thumb_ik,0.02058216824771765,0.04854568802198857,0.018109180514428343,0.055751698576902146,False
1.3859999999999582,thumb_ik,0.02050263570200983,0.04849798294067044,0.018022456561453386,0.05565268511538651,False
1.386999999999958,thumb_ik,0.02042297989910237,0.04845008991022044,0.017935910327956415,0.055553633540571204,False
1.387999999999958,thumb_ik,0.020343201252535983,0.048402008895962426,0.01784954165829055,0.05545454390559044,False
1.3889999999999578,thumb_ik,0.02026330017820059,0.04835373986516624,0.01776335042000985,0.05535541627703738,False
1.3899999999999577,thumb_ik,0.020183277094388663,0.04830528278704797,0.017677336501523318,0.05525625073413538,False
1.3909999999999576,thumb_ik,0.02010313242182367,0.048256637632745916,0.017591499809960096,0.05515704736795973,False
1.3919999999999575,thumb_ik,0.020022866583667878,0.04820780437527673,0.01750584026923102,0.055057806280709595,False
1.3929999999999574,thumb_ik,0.01994248000551256,0.0481587829894755,0.01742035781827335,0.05495852758502852,False
1.3939999999999573,thumb_ik,0.0198619731153538,0.04810957345192361,0.01733505240946527,0.05485921140337307,False
1.3949999999999572,thumb_ik,0.01978134634355691,0.04806017574086742,0.017249924007198637,0.054759857867428235,False
1.395999999999957,thumb_ik,0.019700600122811357,0.04801058983613017,0.01716497258659748,0.05466046711756755,False
1.396999999999957,thumb_ik,0.019619734888078513,0.04796081571901918,0.017080198132372208,0.05456103930235653,False
1.3979999999999568,thumb_ik,0.019538751076533606,0.04791085337223154,0.016995600637797835,0.05446157457809798,False
1.3989999999999567,thumb_ik,0.019457649127503876,0.047860702779757944,0.01691118010380764,0.05436207310841633,False
1.3999999999999566,thumb_ik,0.019376429482404048,0.04781036392678727,0.016826936538191825,0.054262535063879506,False
1.4009999999999565,thumb_ik,0.01929509258466945,0.047759836799612945,0.016742869954892978,0.054162960621656264,False
1.4019999999999564,thumb_ik,0.019213638879689465,0.047709121385541745,0.01665898037338985,0.05406334996520711,False
1.4029999999999563,thumb_ik,0.019132068814740055,0.047658217672805855,0.016575267818161675,0.05396370328400636,False
1.4039999999999562,thumb_ik,0.0190503828389173,0.0476071256504786,0.01649173231822565,0.05386402077329338,False
1.404999999999956,thumb_ik,0.018968581403072546,0.04755584530839478,0.016408373906740787,0.05376430263385154,False
1.405999999999956,thumb_ik,0.018886664959748736,0.0475043766370757,0.016325192620671766,0.053664549071812576,False
1.4069999999999558,thumb_ik,0.018804633963119127,0.04745271962765875,0.016242188500506682,0.05356476029848425,False
1.4079999999999557,thumb_ik,0.018722488868927772,0.04740087427183244,0.016159361590023104,0.05346493653019991,False
1.4089999999999556,thumb_ik,0.01864023013443357,0.04734884056177634,0.016076711936097554,0.053365077988188334,False
1.4099999999999555,thumb_ik,0.018557858218355802,0.047296618490106315,0.015994239588553318,0.053265184898461666,False
1.4109999999999554,thumb_ik,0.018475373580823518,0.047244208049824835,0.015911944600042038,0.0531652574917204,False
1.4119999999999553,thumb_ik,0.018392776683327172,0.047191609234276274,0.015829827025955374,0.05306529600327356,False
1.4129999999999552,thumb_ik,0.018310067988673087,0.04713882203710722,0.015747886924362655,0.052965300672972754,False
1.413999999999955,thumb_ik,0.018227247960941606,0.04708584645223181,0.015666124355971298,0.05286527174515949,False
1.414999999999955,thumb_ik,0.01814431706544707,0.04703268247380106,0.015584539384106193,0.05276520946862264,False
1.4159999999999549,thumb_ik,0.018061275768701493,0.046979330096177066,0.01550313207470632,0.052665114096567184,False
1.4169999999999547,thumb_ik,0.017978124538380477,0.046925789313911434,0.015421902496334421,0.052564985886591545,False
1.4179999999999546,thumb_ik,0.017894863843292058,0.046872060121727385,0.015340850720198689,0.052464825100673004,False
1.4189999999999545,thumb_ik,0.017811494153348123,0.04681814251450582,0.015259976820183714,0.05236463200516047,False
1.4199999999999544,thumb_ik,0.017728015939538017,0.04676403648727491,0.015179280872888236,0.05226440687077319,False
1.4209999999999543,thumb_ik,0.017644429673905185,0.04670974203520277,0.015098762957669019,0.05216414997260525,False
1.4219999999999542,thumb_ik,0.017560735829525262,0.04665525915359357,0.015018423156688283,0.052063861590134666,False
1.422999999999954,thumb_ik,0.017476934880486877,0.04660058783788602,0.014938261554963994,0.051963542007236435,False
1.423999999999954,thumb_ik,0.017393027301874503,0.046545728083654744,0.014858278240421074,0.051863191512199175,False
1.4249999999999539,thumb_ik,0.017309013569752785,0.046490679886613775,0.014778473303943156,0.051762810397744455,False
1.4259999999999537,thumb_ik,0.017224894161152984,0.04643544324262257,0.014698846839423407,0.05166239896104876,False
1.4269999999999536,thumb_ik,0.017140669554061017,0.046380018147693505,0.014619398943813844,0.05156195750376704,False
1.4279999999999535,thumb_ik,0.017056340227407263,0.046324404598001565,0.014540129717172093,0.05146148633205818,False
1.4289999999999534,thumb_ik,0.016971906661057176,0.046268602589895055,0.014461039262705663,0.051360985756610966,False
1.4299999999999533,thumb_ik,0.016887369335804092,0.046212612119908195,0.014382127686812397,0.051260456092671644,False
1.4309999999999532,thumb_ik,0.01680272873336254,0.04615643318477479,0.014303395099117369,0.05115989766007162,False
1.431999999999953,thumb_ik,0.016717985336363164,0.046100065781442365,0.014224841612505094,0.051059310783255034,False
1.432999999999953,thumb_ik,0.016633139628348295,0.046043509907088206,0.01414646734314804,0.050958695791307435,False
1.4339999999999529,thumb_ik,0.016548204872765856,0.045986776521101544,0.014068308347306553,0.05085807702880304,False
1.4349999999999528,thumb_ik,0.016463207900240417,0.045929888618754564,0.013990438577162562,0.0507575044153975,False
1.4359999999999526,thumb_ik,0.016378173301431848,0.045872867986052376,0.013912925349693976,0.05065702389347089,False
1.4369999999999525,thumb_ik,0.016293123607729484,0.04581573523025832,0.013835829870961694,0.0505566776974524,False
1.4379999999999524,thumb_ik,0.01620807944421429,0.045758509803494316,0.01375920768330437,0.05045650458344047,False
1.4389999999999523,thumb_ik,0.016123059674961582,0.04570121003426293,0.013683109091450534,0.05035654005476074,False
1.4399999999999522,thumb_ik,0.016038081504128582,0.045643853133352605,0.013607579465786493,0.05025681651388027,False
1.440999999999952,thumb_ik,0.015953160654447157,0.04558645527772236,0.013532659760335373,0.0501573635655163,False
1.441999999999952,thumb_ik,0.015868311430876567,0.04552903160552553,0.013458386711602195,0.05005820811298844,False
1.4429999999999519,thumb_ik,0.015783546887355684,0.04547159630880861,0.013384793322055437,0.049959374650717474,False
1.4439999999999518,thumb_ik,0.015698878831727367,0.04541416259327767,0.013311908896249579,0.04986088526173565,False
1.4449999999999517,thumb_ik,0.01561431800891823,0.04535674279922268,0.013239759567334072,0.04976275994796993,False
1.4459999999999515,thumb_ik,0.015529874152101025,0.04529934841450166,0.013168368458879965,0.04966501672029654,False
1.4469999999999514,thumb_ik,0.015445556035005581,0.04524199009255113,0.013097755849514352,0.049567671692933885,False
1.4479999999999513,thumb_ik,0.015361371579819288,0.04518467772358446,0.013027939488550171,0.04947073928207254,False
1.4489999999999512,thumb_ik,0.015277327909117858,0.04512742046098166,0.012958934757403024,0.049374232303414756,False
1.449999999999951,thumb_ik,0.015193431399881621,0.045070226752480694,0.012890754835839527,0.04927816207470258,False
1.450999999999951,thumb_ik,0.015109687743958058,0.04501310437990973,0.012823410884703755,0.04918253853101224,False
1.4519999999999509,thumb_ik,0.01502610201098048,0.044956060503864706,0.012756912234055048,0.049087370345323234,False
1.4529999999999508,thumb_ik,0.014942678695181691,0.04489910169647439,0.012691266526518977,0.04899266502023468,False
1.4539999999999507,thumb_ik,0.014859421763421282,0.04484223397714683,0.012626479862836128,0.04889842898223854,False
1.4549999999999506,thumb_ik,0.014776334669845279,0.044785462819910124,0.01256255685669901,0.0488046676153687,False
1.4559999999999504,thumb_ik,0.014693420424958414,0.04472879321070973,0.012499500834891254,0.048711385393893955,False
1.4569999999999503,thumb_ik,0.014610681619083535,0.044672229665515026,0.012437313913832928,0.04861858593227458,False
1.4579999999999502,thumb_ik,0.014528120456924712,0.04461577625922471,0.012375997105029037,0.04852627205512289,False
1.4589999999999501,thumb_ik,0.01444573878036895,0.04455943664482866,0.01231555038825093,0.04843444584570677,False
1.45999999999995,thumb_ik,0.014363538108218957,0.04450321408861206,0.012255972828940746,0.04834310872489305,False
1.46099999999995,thumb_ik,0.014281519674086501,0.044447111504715545,0.01219726268962339,0.04825226152662293,False
1.4619999999999498,thumb_ik,0.014199684432409557,0.044391131461361574,0.012139417455967267,0.04816190451560385,False
1.4629999999999497,thumb_ik,0.014118033075821323,0.04433527619742601,0.012082433892395123,0.048072037425057536,False
1.4639999999999496,thumb_ik,0.014036566064102765,0.04427954764994803,0.012026308127546726,0.04798265951502309,False
1.4649999999999495,thumb_ik,0.013955283646286398,0.044223947475923245,0.011971035720868457,0.047893769618102044,False
1.4659999999999493,thumb_ik,0.013874185893950952,0.04416847708479972,0.011916611757777803,0.04780536620501922,False
1.4669999999999492,thumb_ik,0.013793272701548509,0.044113137641123054,0.01186303085764541,0.04771744739079615,False
1.4679999999999491,thumb_ik,0.01371254376111257,0.044057930043103585,0.011810287114675664,0.04763001089454537,False
1.468999999999949,thumb_ik,0.013631998648172508,0.044002855003461586,0.01175837432859481,0.04754305419775636,False
1.469999999999949,thumb_ik,0.013551636800962802,0.043947913033252115,0.011707285956080844,0.04745657451208366,False
1.4709999999999488,thumb_ik,0.01347145753905711,0.04389310446146509,0.011657015164572938,0.04737056881692248,False
1.4719999999999487,thumb_ik,0.013391460057032234,0.04383842943156942,0.011607554820875839,0.04728503385221818,False
1.4729999999999486,thumb_ik,0.013311643461173917,0.043783887937824575,0.011558897590762025,0.047199966187520925,False
1.4739999999999485,thumb_ik,0.013232006761931842,0.04372947982095461,0.011511035923632128,0.047115362212278876,False
1.4749999999999484,thumb_ik,0.01315254887298141,0.04367520476951468,0.011463962054106342,0.04703121813745837,False
1.4759999999999482,thumb_ik,0.013073268650673223,0.04362106235890047,0.011417668107001129,0.046947530068507215,False
1.4769999999999481,thumb_ik,0.012994164868655303,0.0435670520302895,0.011372146035434672,0.046864293963475016,False
1.477999999999948,thumb_ik,0.01291523624330683,0.04351317311644094,0.011327387689002485,0.04678150568054378,False
1.478999999999948,thumb_ik,0.012836481453553955,0.0434594248626972,0.011283384866945252,0.04669916101558429,False
1.4799999999999478,thumb_ik,0.012757899123377173,0.043405806413086626,0.011240129275903041,0.046617255673748456,False
1.4809999999999477,thumb_ik,0.012679487820106042,0.04335231681062786,0.011197612527915058,0.04653578526848542,False
1.4819999999999476,thumb_ik,0.012601246105405528,0.04329895504726018,0.011155826271683874,0.046454745413118434,False
1.4829999999999475,thumb_ik,0.01252317247927695,0.04324572001363296,0.011114762052452095,0.04637413162449387,False
1.4839999999999474,thumb_ik,0.012445265411307374,0.04319261052990435,0.011074411392768803,0.04629393937916901,False
1.4849999999999473,thumb_ik,0.012367523382538825,0.043139625387343575,0.011034765899219694,0.04621416418835858,False
1.4859999999999471,thumb_ik,0.012289944824254884,0.043086763292881705,0.01099581710950754,0.046134801492428545,False
1.486999999999947,thumb_ik,0.012212528160411726,0.04303402291045942,0.01095755660017771,0.04605584673603227,False
1.487999999999947,thumb_ik,0.012135271805641598,0.04298140286107578,0.010919975982392721,0.04597729536585343,False
1.4889999999999468,thumb_ik,0.012058174158603857,0.0429289017181856,0.010883066886043964,0.045899142820045855,False
1.4899999999999467,thumb_ik,0.011981233606755085,0.042876518013685846,0.010846820972315756,0.0458213845373864,False
1.4909999999999466,thumb_ik,0.011904448550064256,0.04282425026201374,0.0108112299931091,0.045744015999348075,False
1.4919999999999465,thumb_ik,0.011827817359816861,0.042772096922646816,0.010776285689102896,0.045667032659355504,False
1.4929999999999464,thumb_ik,0.011751338411138484,0.04272005643199285,0.010741979870795369,0.04559042999962081,False
1.4939999999999463,thumb_ik,0.011675010090969148,0.04266812721252404,0.010708304438291977,0.045514203545613204,False
1.4949999999999461,thumb_ik,0.011598830790778156,0.042616307667356926,0.010675251363300779,0.04543834885404159,False
1.495999999999946,thumb_ik,0.011522798892570893,0.04256459616808879,0.010642812654726521,0.04536286148904981,False
1.496999999999946,thumb_ik,0.011446912797491382,0.042512991083126714,0.010610980428892237,0.04528773707185774,False
1.4979999999999458,thumb_ik,0.011371170903215058,0.04246149075741866,0.01057974685390476,0.0452129712421688,False
1.4989999999999457,thumb_ik,0.011295571606432228,0.04241009351566834,0.010549104155643124,0.04513855966255878,False
1.4999999999999456,thumb_ik,0.011220113330816836,0.04235879769011398,0.01051904468573701,0.04506449806675884,False
1.5009999999999455,thumb_ik,0.011144794194809599,0.04230760130169468,0.010489560113573427,0.044990781688297996,False
1.5019999999999454,thumb_ik,0.011069612977305049,0.042256502985365776,0.01046064377247715,0.04491740691707628,False
1.5029999999999453,thumb_ik,0.010994568121275805,0.042205501044724134,0.010432288238956169,0.0448443695965307,False
1.5039999999999452,thumb_ik,0.010919658094034237,0.04215459379206195,0.010404486206822116,0.04477166563678759,False
1.504999999999945,thumb_ik,0.01084488137618983,0.0421037795388227,0.010377230459914906,0.044699290995893884,False
1.505999999999945,thumb_ik,0.010770236450271989,0.04205305658538776,0.01035051384419694,0.044627241660307716,False
1.5069999999999448,thumb_ik,0.010695721813766018,0.04200242323418511,0.010324329298625642,0.04455551366696992,False
1.5079999999999447,thumb_ik,0.010621335988569458,0.04195187779961822,0.010298669877198345,0.04448410311938067,False
1.5089999999999446,thumb_ik,0.010547077506094515,0.04190141859455103,0.010273528712595702,0.044413006162202985,False
1.5099999999999445,thumb_ik,0.010472944907242154,0.041851043930808754,0.010248899015543402,0.044342218981005224,False
1.5109999999999444,thumb_ik,0.010398936764725197,0.04180075214135283,0.010224774127349422,0.04427173784001347,False
1.5119999999999443,thumb_ik,0.010325051657469275,0.0417505415563907,0.010201147458212125,0.044201559038630114,False
1.5129999999999442,thumb_ik,0.010251288175785814,0.04170041050873437,0.010178012498898954,0.04413167891988376,False
1.513999999999944,thumb_ik,0.010177644952292675,0.04165035736431642,0.010155362893219097,0.04406209392259028,False
1.514999999999944,thumb_ik,0.010104120601527933,0.04160038046452917,0.010133192294444957,0.04399280047916932,False
1.5159999999999438,thumb_ik,0.010030713777179193,0.04155047818162834,0.010111494499791224,0.04392379511177254,False
1.5169999999999437,thumb_ik,0.009957423136823212,0.04150064888538489,0.010090263366520854,0.04385507437275068,False
1.5179999999999436,thumb_ik,0.009884247366037047,0.041450890966732504,0.010069492867898724,0.043786634884923736,False
1.5189999999999435,thumb_ik,0.009811185155253352,0.04140120281587807,0.010049177038126356,0.04371847330243521,False
1.5199999999999434,thumb_ik,0.009738225852161692,0.04135157370037361,0.010029288140867267,0.0436505705673784,False
1.5209999999999433,thumb_ik,0.009665378403174427,0.04130201181752856,0.010009844242528591,0.0435829404883551,False
1.5219999999999432,thumb_ik,0.009592641504596072,0.041252515588202573,0.009990839543907969,0.04351557983277611,False
1.522999999999943,thumb_ik,0.009520013841771688,0.041203083412790595,0.009972268265591836,0.0434484853663489,False
1.523999999999943,thumb_ik,0.009447494157542216,0.041153713738535644,0.00995412480638221,0.04338165396790636,False
1.5249999999999428,thumb_ik,0.009375081202250182,0.041104405012466774,0.009936403626731292,0.04331508254651037,False
1.5259999999999427,thumb_ik,0.009302773752570798,0.04105515570039668,0.009919099291737482,0.04324876807302933,False
1.5269999999999426,thumb_ik,0.00923057060208389,0.04100596427862137,0.009902206448753222,0.043182707564641626,False
1.5279999999999425,thumb_ik,0.009158470270434954,0.04095682894968601,0.009885719158697046,0.04311689759935087,False
1.5289999999999424,thumb_ik,0.009086471910536145,0.04090774852566294,0.009869632978760916,0.043051335825445486,False
1.5299999999999423,thumb_ik,0.009014574374190593,0.04085872152667337,0.009853942816809121,0.0429860194130487,False
1.5309999999999422,thumb_ik,0.00894277652516838,0.04080974648072612,0.009838643649080287,0.04292094557036026,False
1.531999999999942,thumb_ik,0.008871077244898884,0.04076082192964865,0.009823730532573394,0.04285611155298745,False
1.532999999999942,thumb_ik,0.008799475445343055,0.04071194644216426,0.009809198633658416,0.04279151468524353,False
1.5339999999999419,thumb_ik,0.008727970041039812,0.04066311858713166,0.009795043163830806,0.042727152313835864,False
1.5349999999999417,thumb_ik,0.00865655998763143,0.04061433697140722,0.00978125946644982,0.042663021871364094,False
1.5359999999999416,thumb_ik,0.00858524424903849,0.0405656002084505,0.009767842941610271,0.04259912082214202,False
1.5369999999999415,thumb_ik,0.008514021814966466,0.04051690693560571,0.00975478908504112,0.0425354466908236,False
1.5379999999999414,thumb_ik,0.008442891673127992,0.0404682557872436,0.009742093424810215,0.04247199701643048,False
1.5389999999999413,thumb_ik,0.008371852853429049,0.04041964543804179,0.009729751620104813,0.04240876942479483,False
1.5399999999999412,thumb_ik,0.00830090437930836,0.04037107455590426,0.009717759351204763,0.042345761548480014,False
1.540999999999941,thumb_ik,0.008230045290396046,0.040322541823946,0.00970611236975609,0.04228297106354018,False
1.541999999999941,thumb_ik,0.008159274652890833,0.04027404595091831,0.009694806521286157,0.0422203957063782,False
1.5429999999999409,thumb_ik,0.008088591544409038,0.040225585656706045,0.009683837710683058,0.04215803324876681,False
1.5439999999999408,thumb_ik,0.00801799506605129,0.040177159684273725,0.009673201928424,0.042095881517351774,False
1.5449999999999406,thumb_ik,0.007947484318340775,0.040128766776276484,0.009662895196459288,0.04203393835405885,False
1.5459999999999405,thumb_ik,0.007877058437736617,0.04008040571083073,0.009652913648606605,0.0419722016754395,False
1.5469999999999404,thumb_ik,0.007806716558378224,0.040032075264388,0.00964325344516323,0.04191066941011721,False
1.5479999999999403,thumb_ik,0.007736457843581318,0.039983774242517575,0.009633910841932311,0.04184933954977573,False
1.5489999999999402,thumb_ik,0.00766627946522512,0.03993549948751117,0.009624877742354102,0.041788206849674714,False
1.54999999999994,thumb_ik,0.007596182794408268,0.0398872519437382,0.00961615531703357,0.041727272900953204,False
1.55099999999994,thumb_ik,0.007526167016562807,0.03983903044926572,0.009607739962227118,0.04166653578449371,False
1.5519999999999399,thumb_ik,0.007456231329782223,0.0397908338542592,0.00959962813052373,0.04160599361516113,False
1.5529999999999398,thumb_ik,0.007386374950198282,0.03974266102648939,0.009591816342085363,0.04154564455044177,False
1.5539999999999397,thumb_ik,0.007316597106368894,0.03969451084608523,0.009584301171862538,0.04148548678128135,False
1.5549999999999395,thumb_ik,0.007246897051235143,0.03964638221749307,0.009577079275095126,0.04142551855134958,False
1.5559999999999394,thumb_ik,0.007177274024286098,0.039598274032488875,0.009570147304577049,0.04136573809571247,False
1.5569999999999393,thumb_ik,0.007107720493207556,0.03955017849218263,0.00956348727295668,0.041306132694711,False
1.5579999999999392,thumb_ik,0.0070382412439865955,0.039502099833026647,0.009557107889487396,0.041246709471644646,False
1.558999999999939,thumb_ik,0.006968837645551021,0.03945403904283827,0.009551010489227737,0.04118747013703554,False
1.559999999999939,thumb_ik,0.006899508935687637,0.039405995046867995,0.009545191831334964,0.04112841300469059,False
1.5609999999999389,thumb_ik,0.0068302543794859505,0.0393579667931465,0.009539648756982915,0.04106953643986641,False
1.5619999999999388,thumb_ik,0.006761073045050428,0.03930995303166006,0.00953437770802502,0.04101083849851295,False
1.5629999999999387,thumb_ik,0.0066919644769959236,0.039261952976849965,0.009529376170313558,0.04095231800903452,False
1.5639999999999386,thumb_ik,0.006622927752703386,0.03921396538442533,0.009524640653023605,0.04089397306153642,False
1.5649999999999384,thumb_ik,0.006553954738581738,0.03916598186812882,0.009520152317654188,0.0408357901669762,False
1.5659999999999383,thumb_ik,0.006485053222827955,0.03911800964750904,0.009515926267006914,0.040777781288400594,False
1.5669999999999382,thumb_ik,0.006416222514259093,0.03907004773706517,0.00951195957809784,0.04071994494770841,False
1.567999999999938,thumb_ik,0.0063474619391285375,0.03902209516327422,0.009508249384844292,0.04066227969955333,False
1.568999999999938,thumb_ik,0.0062787708406356335,0.03897415096505301,0.009504792876864069,0.04060478413128242,False
1.569999999999938,thumb_ik,0.006210142134037144,0.038926207811893695,0.0095015736957463,0.04054744656122473,False
1.5709999999999378,thumb_ik,0.006141581984219505,0.03887827136374271,0.009498603452770118,0.040490276376615196,False
1.5719999999999377,thumb_ik,0.0060730900054588866,0.03883034094144215,0.009495879972908888,0.04043327263903993,False
1.5729999999999376,thumb_ik,0.006004665536941817,0.03878241559362898,0.009493400520656791,0.04037643397989847,False
1.5739999999999374,thumb_ik,0.005936307741549088,0.03873449418897708,0.00949116200940103,0.040319758753829024,False
1.5749999999999373,thumb_ik,0.0058680162736095415,0.038686576075007154,0.00948916239892423,0.04026324609898983,False
1.5759999999999372,thumb_ik,0.005799790549921094,0.038638660366457286,0.009487399170086935,0.04020689478621742,False
1.5769999999999371,thumb_ik,0.005731626602226467,0.03859074281986406,0.009485862773665806,0.04015069821879887,False
1.577999999999937,thumb_ik,0.0056635193436026104,0.038542818012110916,0.009484541372602379,0.040094647980979566,False
1.578999999999937,thumb_ik,0.005595465639073746,0.038494882370643954,0.009483427224358774,0.04003873869601138,False
1.5799999999999368,thumb_ik,0.0055274619357549015,0.03844693187260097,0.009482511761003176,0.03998296431188167,False
1.5809999999999367,thumb_ik,0.00545950431543743,0.038398962092541136,0.009481785703462291,0.039927318182931756,False
1.5819999999999366,thumb_ik,0.0053915906926716994,0.038350970380039776,0.009481243598957925,0.03987179654180099,False
1.5829999999999365,thumb_ik,0.005323718477255143,0.03830295358268583,0.009480878995418107,0.03981639484067102,False
1.5839999999999363,thumb_ik,0.0052558853458012506,0.03825490880144715,0.009480686030771006,0.039761108960758414,False
1.5849999999999362,thumb_ik,0.0051880892156956765,0.03820683337144144,0.009480659377421104,0.039705935176164685,False
1.5859999999999361,thumb_ik,0.005120328220296233,0.03815872484264958,0.009480794189285945,0.039650870118576244,False
1.586999999999936,thumb_ik,0.005052599992117421,0.038110580272604125,0.00948108463577359,0.03959590965321607,False
1.587999999999936,thumb_ik,0.004984903792666195,0.038062398329939726,0.009481528246715214,0.03954105221592358,False
1.5889999999999358,thumb_ik,0.004917238315451197,0.03801417714676007,0.00948212142848967,0.03948629538942366,False
1.5899999999999357,thumb_ik,0.004849602211740911,0.037965914825914035,0.009482860534947086,0.03943163671604234,False
1.5909999999999356,thumb_ik,0.004781994622055918,0.037917609966421226,0.009483742943901863,0.03937707452766173,False
1.5919999999999355,thumb_ik,0.00471441445440357,0.03786926095524788,0.009484765592171228,0.03932260682206848,False
1.5929999999999354,thumb_ik,0.004646861075635084,0.03782086664710736,0.009485926372039478,0.039268232337734334,False
1.5939999999999352,thumb_ik,0.0045793336080547226,0.03777242567351101,0.009487222709115565,0.03921394946045516,False
1.5949999999999351,thumb_ik,0.0045118316066819625,0.03772393710841242,0.009488652925180672,0.039159757273775964,False
1.595999999999935,thumb_ik,0.004444354365914935,0.03767539978648697,0.00949021484186266,0.03910565448303046,False
1.596999999999935,thumb_ik,0.0043769010273536635,0.0376268124026536,0.009491905997627639,0.03905163957704639,False
1.5979999999999348,thumb_ik,0.004309471813904953,0.03757817473430229,0.009493726115918769,0.038997712743706836,False
1.5989999999999347,thumb_ik,0.0042420663813139,0.03752948602351018,0.009495673805265725,0.03894387332287749,False
1.5999999999999346,thumb_ik,0.004174684440436921,0.03748074558090274,0.009497747801982249,0.03889012076077477,False
1.6009999999999345,thumb_ik,0.0041073257539598895,0.03743195278189833,0.00949994696223121,0.03883645460389779,False
1.6019999999999344,thumb_ik,0.004039989474759323,0.037383106408104896,0.009502268947619387,0.03878287347307767,False
1.6029999999999343,thumb_ik,0.003972675517888352,0.03733420599819111,0.0095047129470253,0.03872937717664911,False
1.6039999999999341,thumb_ik,0.003905384458390143,0.03728525176191903,0.009507279468111432,0.03867596656325857,False
1.604999999999934,thumb_ik,0.0038381162292963344,0.037236243296368585,0.00950996776161183,0.03862264151819291,False
1.605999999999934,thumb_ik,0.0037708707736550107,0.0371871802187,0.009512777109321004,0.038569401957267886,False
1.6069999999999338,thumb_ik,0.003703648062211559,0.0371380621827843,0.009515706858055566,0.03851624785294542,False
1.6079999999999337,thumb_ik,0.0036364480910372338,0.03708888887635077,0.009518756414116841,0.03846317922991279,False
1.6089999999999336,thumb_ik,0.0035692708625591346,0.03703966000161625,0.009521925205305783,0.038410196135155075,False
1.6099999999999335,thumb_ik,0.003502115809487588,0.03699037470076234,0.009525211554022188,0.038357297751467574,False
1.6109999999999334,thumb_ik,0.0034349836824287966,0.036941033423526656,0.009528616364725451,0.03830448528727125,False
1.6119999999999333,thumb_ik,0.0033678740210852792,0.03689163543566788,0.009532138188134899,0.03825175811616804,False
1.6129999999999332,thumb_ik,0.0033007868773669707,0.03684218050834963,0.009535776579399653,0.03819911639805092,False
1.613999999999933,thumb_ik,0.003233723030435398,0.03679266914355821,0.009539532511565776,0.038146561416255186,False
1.614999999999933,thumb_ik,0.003166682567907489,0.03674310117426503,0.009543405621341938,0.03809409341671785,False
1.6159999999999328,thumb_ik,0.0030997387532395587,0.03669349287371061,0.009547348598509555,0.03804172268539963,False
1.6169999999999327,thumb_ik,0.0030329710784224168,0.036643863094335385,0.009551313051606398,0.037989461657790415,False
1.6179999999999326,thumb_ik,0.002966447903975239,0.03659422780065806,0.009555255358724112,0.03793731970585007,False
1.6189999999999325,thumb_ik,0.0029002295822038726,0.036544601261887896,0.009559136518327079,0.037885304591568,False
1.6199999999999324,thumb_ik,0.002834369293111455,0.03649499622236506,0.009562921694283587,0.037833422656312406,False
1.6209999999999323,thumb_ik,0.0027689137799054436,0.036445424051806105,0.009566579816716679,0.037781678988977295,False
1.6219999999999322,thumb_ik,0.0027039039382234786,0.03639589485709789,0.009570083244621951,0.037730077554453276,False
1.622999999999932,thumb_ik,0.002639375435883301,0.0363464176144349,0.00957340744020468,0.037678621340365065,False
1.623999999999932,thumb_ik,0.002575359226224344,0.03629700027025788,0.009576530675477483,0.037627312467695066,False
1.6249999999999318,thumb_ik,0.002511882029927373,0.03624764983853325,0.009579433759801016,0.03757615229514069,False
1.6259999999999317,thumb_ik,0.0024489667364701456,0.0361983724707441,0.00958209977983088,0.037525141489376114,False
1.6269999999999316,thumb_ik,0.0023866329159629163,0.036149173605173654,0.009584513937308636,0.037474280198917825,False
1.6279999999999315,thumb_ik,0.002324897013439256,0.03610005796155792,0.009586663311250868,0.03742356803398393,False
1.6289999999999314,thumb_ik,0.0022637727350117015,0.03605102963878941,0.009588536686711197,0.03737300417152816,False
1.6299999999999313,thumb_ik,0.002203269451703599,0.03600209128703781,0.00959012413816145,0.03732258638281062,False
1.6309999999999312,thumb_ik,0.002143396775059342,0.035953246160343275,0.009591417385325395,0.03727231340634889,False
1.631999999999931,thumb_ik,0.0020841634064847347,0.035904497591517134,0.009592409654943419,0.03722218434472165,False
1.632999999999931,thumb_ik,0.002025574614963971,0.03585584771752258,0.00959309507927587,0.037172197154096,False
1.6339999999999308,thumb_ik,0.001967634178298927,0.03580729833149589,0.009593468810038735,0.03712234962754303,False
1.6349999999999307,thumb_ik,0.0019103429400134236,0.03575885014295237,0.009593526673119381,0.03707263853197445,False
1.6359999999999306,thumb_ik,0.001853703611511534,0.0357105050550799,0.009593265836512672,0.037023062242043395,False
1.6369999999999305,thumb_ik,0.0017977161443474,0.03566226391374937,0.009592683972312922,0.03697361811592459,False
1.6379999999999304,thumb_ik,0.0017423791054087812,0.03561412711792582,0.009591779355838888,0.036924303196266835,False
1.6389999999999303,thumb_ik,0.0016876910575009396,0.03556609526486325,0.009590551018963916,0.036875114946834354,False
1.6399999999999302,thumb_ik,0.0016336493137373564,0.03551816852756666,0.00958899848599163,0.0368260505294452,False
1.64099999999993,thumb_ik,0.0015802487929262171,0.03547034606945999,0.009587121534884672,0.03677710613764289,False
1.64199999999993,thumb_ik,0.0015274874334845895,0.03542262861404245,0.00958492084103348,0.03672827988507916,False
1.6429999999999298,thumb_ik,0.0014753608260081458,0.03537501588386764,0.009582397257353267,0.03667956891170531,False
1.6439999999999297,thumb_ik,0.0014238636468405508,0.035327507249860404,0.00957955192588962,0.03663097011102148,False
1.6449999999999296,thumb_ik,0.001372989296590174,0.03528010155030471,0.00957638623010092,0.03658247993557067,False
1.6459999999999295,thumb_ik,0.0013227339907999902,0.03523279902860958,0.00957290220208282,0.036534096528742184,False
1.6469999999999294,thumb_ik,0.001273091749841554,0.03518559894101499,0.009569101908829532,0.036485817063388264,False
1.6479999999999293,thumb_ik,0.0012240549817803953,0.0351384997876172,0.009564987421762455,0.036437637990150644,False
1.6489999999999292,thumb_ik,0.0011756174106724582,0.0350915007376504,0.00956056123321835,0.036389556625643464,False
1.649999999999929,thumb_ik,0.0011277739022267502,0.03504460156008325,0.009555826232024812,0.03634157106477631,False
1.650999999999929,thumb_ik,0.001080517666295397,0.03499780123840675,0.009550785243789117,0.036293678633106084,False
1.6519999999999289,thumb_ik,0.0010338417524995563,0.034951098684533596,0.009545441213938358,0.03624587667575403,False
1.6529999999999287,thumb_ik,0.0009877391754956055,0.03490449279711759,0.009539797213737614,0.036198162618868907,False
1.6539999999999286,thumb_ik,0.0009422028753584694,0.03485798243923123,0.009533856422243588,0.036150533941728194,False
1.6549999999999285,thumb_ik,0.0008972257944989681,0.03481156646948473,0.009527622112302101,0.036102988204586274,False
1.6559999999999284,thumb_ik,0.0008528007356970041,0.034765243669601945,0.009521097620774795,0.036055522966751255,False
1.6569999999999283,thumb_ik,0.0008089205704068236,0.03471901284700442,0.009514286375638423,0.03600813589728499,False
1.6579999999999282,thumb_ik,0.0007655781234234965,0.034672872766673926,0.009507191839561144,0.03596082469064414,False
1.658999999999928,thumb_ik,0.0007227662505958771,0.03462682218681214,0.009499817510122528,0.03591358710203892,False
1.659999999999928,thumb_ik,0.0006804778005937151,0.03458085984822097,0.009492166939286461,0.03586642094052158,False
1.6609999999999279,thumb_ik,0.0006387041388988129,0.0345349837286195,0.009484243502784866,0.03581932326179792,False
1.6619999999999278,thumb_ik,0.0005974383577751902,0.03448919262360704,0.009476050801864668,0.03577229205990485,False
1.6629999999999276,thumb_ik,0.0005566750898862854,0.03444348607253074,0.009467592641729843,0.035725326176454374,False
1.6639999999999275,thumb_ik,0.0005164069867514137,0.03439786261435128,0.009458872578135106,0.03567842343855944,False
1.6649999999999274,thumb_ik,0.0004766274775506313,0.03435232115338642,0.009449894290828417,0.035631582121561596,False
1.6659999999999273,thumb_ik,0.0004373296325137499,0.03430686038374199,0.00944066139086323,0.0355848003239301,False
1.6669999999999272,thumb_ik,0.0003985051699085529,0.03426147830401337,0.009431177346597673,0.035538075469695875,False
1.667999999999927,thumb_ik,0.0003601486454852948,0.03421617426679684,0.009421445882634702,0.035491406439053234,False
1.668999999999927,thumb_ik,0.00032225374393234085,0.03417094718546636,0.009411470649777463,0.03544479170229432,False
1.6699999999999269,thumb_ik,0.0002848123755380544,0.03412579505648179,0.009401255064938076,0.035398228813349975,False
1.6709999999999268,thumb_ik,0.0002478193023546793,0.034080717245370665,0.009390802803308552,0.03535171678513156,False
1.6719999999999267,thumb_ik,0.0002112684108429297,0.03403571267669768,0.00938011746815199,0.03530525421900357,False
1.6729999999999265,thumb_ik,0.00017515189093622596,0.03399077938856852,0.009369202417165465,0.03525883882888165,False
1.6739999999999264,thumb_ik,0.00013946500053066413,0.03394591691612363,0.009358061326373235,0.03521246991551294,False
1.6749999999999263,thumb_ik,0.00010420150388350258,0.03390112402597746,0.009346697668188006,0.03516614601400939,False
1.6759999999999262,thumb_ik,6.935525038075097e-05,0.03385639949437301,0.009335114885324826,0.035119865700135436,False
1.676999999999926,thumb_ik,3.492019984302486e-05,0.03381174211722297,0.0093233163826523,0.03507362759671403,False
1.677999999999926,thumb_ik,8.903303098106718e-07,0.033767150675481764,0.009311305552252205,0.03502743034567023,False
1.6789999999999259,thumb_ik,-3.2741565150221086e-05,0.03372262331134858,0.009299085587067369,0.03498127195750325,False
1.6799999999999258,thumb_ik,-6.59797630439829e-05,0.03367815961064398,0.00928665997896154,0.034935151948345504,False
1.6809999999999257,thumb_ik,-9.883000689907273e-05,0.033633758404186295,0.009274032029481582,0.034889069088258666,False
1.6819999999999256,thumb_ik,-0.00013129792979510446,0.03358941854421087,0.009261204998072026,0.03484302218954119,False
1.6829999999999254,thumb_ik,-0.00016338938353077648,0.03354513873470634,0.009248182054981183,0.034797009931076296,False
1.6839999999999253,thumb_ik,-0.00019510950318618603,0.03350091802499654,0.00923496645021359,0.03475103137422459,False
1.6849999999999252,thumb_ik,-0.00022646367546863555,0.03345675530392893,0.00922156134259738,0.03470508543223269,False
1.6859999999999251,thumb_ik,-0.00025745719651230903,0.03341264947572299,0.00920796985187139,0.03465917105166452,False
1.686999999999925,thumb_ik,-0.00028809658210850186,0.0333685987891293,0.009194194904588674,0.03461328653471191,False
1.687999999999925,thumb_ik,-0.0003183855478535863,0.03332460289581583,0.009180239730613715,0.03456743162331326,False
1.6889999999999248,thumb_ik,-0.00034832914534618786,0.033280660737789555,0.00916610733062602,0.034521605349895026,False
1.6899999999999247,thumb_ik,-0.00037793235459429586,0.03323677127134782,0.009151800685846936,0.03447580678101688,False
1.6909999999999246,thumb_ik,-0.0004072013822377374,0.03319293280053874,0.009137322610242995,0.03443003435011988,False
1.6919999999999245,thumb_ik,-0.00043614089720127314,0.033149144369742936,0.00912267600773006,0.03438428723807264,False
1.6929999999999243,thumb_ik,-0.0004647542733196425,0.03310540567445884,0.00910786391145067,0.03433856529377088,False
1.6939999999999242,thumb_ik,-0.0004930462434936667,0.033061715695914914,0.009092889155981245,0.0342928676630971,False
1.6949999999999241,thumb_ik,-0.0005210214206695235,0.033018073450167953,0.009077754543292054,0.03424719353800749,False
1.695999999999924,thumb_ik,-0.0005486843081610182,0.03297447798506915,0.00906246284602458,0.03420154215373056,False
1.696999999999924,thumb_ik,-0.0005760393927340263,0.032930928337362456,0.00904701681103362,0.03415591274906305,False
1.6979999999999238,thumb_ik,-0.0006030910621534213,0.03288742356397874,0.009031419132879082,0.034110304587609996,False
1.6989999999999237,thumb_ik,-0.0006298439375994336,0.032843962578850736,0.0090156724436917,0.03406471680314721,False
1.6999999999999236,thumb_ik,-0.0006563019639687501,0.03280054462332842,0.008999779417175401,0.03401914886373088,False
1.7009999999999235,thumb_ik,-0.0006824693364436557,0.03275716878721062,0.008983742653019908,0.033973600094848365,False
1.7019999999999234,thumb_ik,-0.0007083501782595703,0.03271383417555139,0.008967564719428812,0.0339280698454489,False
1.7029999999999232,thumb_ik,-0.0007339495206617891,0.0326705393871964,0.008951248007515341,0.03388255696728448,False
1.7039999999999231,thumb_ik,-0.0007592703038352411,0.032627284096504935,0.008934795151019633,0.033837061386873035,False
1.704999999999923,thumb_ik,-0.0007843164489455129,0.03258406744590543,0.008918208607845549,0.03379158250784434,False
1.705999999999923,thumb_ik,-0.0008090920555746395,0.0325408884637924,0.008901490777527412,0.033746119629222214,False
1.7069999999999228,thumb_ik,-0.0008336006393024897,0.03249774646684976,0.008884644103106,0.03370067234178493,False
1.7079999999999227,thumb_ik,-0.000857847100490583,0.032454640028833956,0.008867670833985462,0.0336552395188168,False
1.7089999999999226,thumb_ik,-0.0008818338465133857,0.0324115689908389,0.008850573429207982,0.03360982126412707,False
1.7099999999999225,thumb_ik,-0.0009055645001673079,0.032368532549893955,0.008833354180195225,0.033564417059890675,False
1.7109999999999224,thumb_ik,-0.0009290437940353419,0.03232552931201298,0.008816015253268337,0.03351902583039826,False
1.7119999999999223,thumb_ik,-0.0009522750985997835,0.03228255855599192,0.008798558883990355,0.0334736471454711,False
1.7129999999999221,thumb_ik,-0.0009752606857316021,0.03223962012916702,0.008780987415101707,0.033428281132333135,False
1.713999999999922,thumb_ik,-0.0009980039495926518,0.032196713274064356,0.008763303010776425,0.03338292733111339,False
1.714999999999922,thumb_ik,-0.001020508230453146,0.03215383725349173,0.00874550783706848,0.033337585312986924,False
1.7159999999999218,thumb_ik,-0.0010427777497125645,0.032110990836913086,0.008727603895633842,0.03329225417004224,False
1.7169999999999217,thumb_ik,-0.0010648147611038439,0.032068173821139426,0.008709593410631013,0.0332469339951338,False
1.7179999999999216,thumb_ik,-0.0010866224734277646,0.03202538548155302,0.008691478441134878,0.03320162437493891,False
1.7189999999999215,thumb_ik,-0.001108204064580065,0.03198262509301182,0.008673261016665362,0.03315632489815643,False
1.7199999999999214,thumb_ik,-0.0011295626075509269,0.03193989197173068,0.008654943153188207,0.033111035197274076,False
1.7209999999999213,thumb_ik,-0.001150701179169017,0.03189718541140034,0.008636526819756084,0.03306575488146849,False
1.7219999999999211,thumb_ik,-0.001171623811001804,0.03185450418772583,0.008618013864765378,0.03302048307299027,False
1.722999999999921,thumb_ik,-0.001192332274477348,0.031811848243093396,0.008599406320188439,0.03297521999856956,False
1.723999999999921,thumb_ik,-0.0012128294941882167,0.03176921691294911,0.00858070609476028,0.03292996531623805,False
1.7249999999999208,thumb_ik,-0.0012331183143704516,0.03172660955029745,0.008561915044553399,0.03288471869370956,False
1.7259999999999207,thumb_ik,-0.0012532015561975557,0.031684025512474276,0.00854303501857372,0.03283947980928068,False
1.7269999999999206,thumb_ik,-0.0012730820163023848,0.031641464152865714,0.008524067830854819,0.03279424833629112,False
1.7279999999999205,thumb_ik,-0.0012927623889757711,0.03159892486732312,0.008505015283829,0.032749023990696985,False
1.7289999999999204,thumb_ik,-0.0013122453451238636,0.03155640704580788,0.008485879138772915,0.0327038064794356,False
1.7299999999999203,thumb_ik,-0.0013315335439294251,0.03151391007143635,0.00846666113105038,0.03265859550374489,False
1.7309999999999202,thumb_ik,-0.0013506295600890783,0.03147143336467874,0.008447362994065576,0.0326133908048444,False
1.73199999999992,thumb_ik,-0.0013695359532700513,0.031428976331401584,0.008427986405212081,0.03256819210231879,False
1.73299999999992,thumb_ik,-0.001388255220939258,0.03138653840105089,0.008408533030899015,0.03252299914046715,False
1.7339999999999198,thumb_ik,-0.0014067898069780038,0.03134411902304053,0.008389004527309493,0.032477811685068435,False
1.7349999999999197,thumb_ik,-0.0014251421523022306,0.03130171763742305,0.00836940252751588,0.032432629493687665,False
1.7359999999999196,thumb_ik,-0.0014433146422069276,0.03125933369684568,0.008349728628614179,0.032387452331090506,False
1.7369999999999195,thumb_ik,-0.0014613096237375,0.031216966661931175,0.00832998440364284,0.03234227996838632,False
1.7379999999999194,thumb_ik,-0.0014791296313218516,0.03117461587956792,0.008310171376822446,0.03229711206930152,False
1.7389999999999193,thumb_ik,-0.0014967766645785918,0.031132280966921236,0.008290291089975133,0.03225194854490925,False
1.7399999999999192,thumb_ik,-0.0015142529892062107,0.031089961402953573,0.008270345074405865,0.03220678918803009,False
1.740999999999919,thumb_ik,-0.0015315608299760475,0.03104765666778249,0.008250334811863727,0.03216163378381555,False
1.741999999999919,thumb_ik,-0.0015487030899642845,0.03100536585502174,0.008230261662405192,0.032116481751528606,False
1.7429999999999188,thumb_ik,-0.0015656810605255422,0.03096308893144152,0.008210127186860882,0.03207133333343154,False
1.7439999999999187,thumb_ik,-0.0015824970539361771,0.03092082529443628,0.008189932773116634,0.03202618823155414,False
1.7449999999999186,thumb_ik,-0.0015991529241393687,0.030878574590261734,0.00816967987222545,0.0319810463871304,False
1.7459999999999185,thumb_ik,-0.001615651629540818,0.030836335846658833,0.008149369762813649,0.031935907160546353,False
1.7469999999999184,thumb_ik,-0.0016319941442078656,0.030794109147574814,0.008129003900188045,0.0318907708826355,False
1.7479999999999183,thumb_ik,-0.001648183200198619,0.03075189361845669,0.008108583525264723,0.031845636997373576,False
1.7489999999999182,thumb_ik,-0.0016642208330316932,0.030709688763345636,0.008088109978442146,0.031800505309602066,False
1.749999999999918,thumb_ik,-0.0016801079630997529,0.030667494671542297,0.008067584659414768,0.031755376150087895,False
1.750999999999918,thumb_ik,-0.0016958473895707232,0.03062531041108181,0.00804700875865243,0.031710248912704214,False
1.7519999999999178,thumb_ik,-0.00171144090394873,0.03058313558608415,0.008026383562892186,0.031665123485361324,False
1.7529999999999177,thumb_ik,-0.0017268895571783544,0.03054097018217193,0.00800571037232815,0.03162000009134423,False
1.7539999999999176,thumb_ik,-0.0017421958196101872,0.030498813420177837,0.007984990356393187,0.031574878262700855,False
1.7549999999999175,thumb_ik,-0.0017573605284382648,0.030456665395011115,0.00796422482268739,0.03152975832506317,False
1.7559999999999174,thumb_ik,-0.0017723854575849018,0.030414525691361313,0.007943414969451106,0.03148464013797261,False
1.7569999999999173,thumb_ik,-0.001787272345208285,0.0303723939014318,0.007922561970752588,0.03143952356382159,False
1.7579999999999172,thumb_ik,-0.0018020214239449217,0.03033027128814607,0.007901669628808821,0.03139441065775458,False
1.758999999999917,thumb_ik,-0.0018166309438060746,0.0302881613242678,0.007880745118922523,0.03134930634033689,False
1.759999999999917,thumb_ik,-0.0018310995970965555,0.030246067080104147,0.007859794878373814,0.03130421497304729,False
1.7609999999999169,thumb_ik,-0.0018454263348001015,0.030203991371785463,0.00783882481605808,0.03125914054546146,False
1.7619999999999167,thumb_ik,-0.0018596103755771087,0.030161936759322452,0.007817840357475937,0.031214086686579514,False
1.7629999999999166,thumb_ik,-0.0018736511440839987,0.030119905593589527,0.007796846521124379,0.031169056726991953,False
1.7639999999999165,thumb_ik,-0.0018875490450003807,0.030077899224608393,0.0077758468071127095,0.031124052704149325,False
1.7649999999999164,thumb_ik,-0.0019013029994264519,0.03003592041380025,0.00775484656958635,0.031079078389128528,False
1.7659999999999163,thumb_ik,-0.0019149137711278463,0.029993970119606764,0.0077338486057567275,0.03103413527945452,False
1.7669999999999162,thumb_ik,-0.0019283833577200399,0.029952048030286352,0.007712853909922792,0.030989223272271983,False
1.767999999999916,thumb_ik,-0.0019417097925243931,0.029910157663433037,0.0076918686934397094,0.03094434701794376,False
1.768999999999916,thumb_ik,-0.0019548934215508906,0.029868300292446373,0.007670896007177852,0.03089950834887688,False
1.7699999999999159,thumb_ik,-0.0019679339425539427,0.02982647778472035,0.007649939645669224,0.030854709812718286,False
1.7709999999999158,thumb_ik,-0.001980831970099267,0.029784691066338423,0.0076290020319293265,0.03080995276228396,False
1.7719999999999156,thumb_ik,-0.001993588227191409,0.029742940930893122,0.007608085395369699,0.030765238380702196,False
1.7729999999999155,thumb_ik,-0.0020062036043731885,0.029701227951224138,0.007587191611003279,0.03072056756075409,False
1.7739999999999154,thumb_ik,-0.0020186795961904674,0.029659552065684866,0.007566321675180596,0.03067594040516859,False
1.7749999999999153,thumb_ik,-0.0020310163130340675,0.029617914521179164,0.007545478333475925,0.030631358623617082,False
1.7759999999999152,thumb_ik,-0.0020432148373364656,0.029576315589547833,0.00752466297723936,0.03058682271248648,False
1.776999999999915,thumb_ik,-0.0020552768344873212,0.02953475491029363,0.007503876104274925,0.030542332377632885,False
1.777999999999915,thumb_ik,-0.002067202575909824,0.02949323345991274,0.007483120020897228,0.030497888970515936,False
1.7789999999999149,thumb_ik,-0.002078993917591962,0.029451750626237908,0.007462394855715138,0.030453491879291823,False
1.7799999999999148,thumb_ik,-0.002090654195850014,0.02941030426160278,0.007441698656265903,0.03040913860367218,False
1.7809999999999147,thumb_ik,-0.002102181321813529,0.02936889754537421,0.007421036687723013,0.03036483319336696,False
1.7819999999999145,thumb_ik,-0.0021135790274956767,0.029327527871718592,0.007400406291532543,0.03032057256470687,False
1.7829999999999144,thumb_ik,-0.0021248458329081593,0.029286197802027528,0.007379811888210571,0.030276360002789028,False
1.7839999999999143,thumb_ik,-0.0021359830196691493,0.029244907125310568,0.007359254019684226,0.030232195354532133,False
1.7849999999999142,thumb_ik,-0.002146994814457223,0.029203652662759053,0.007338729258341451,0.030188074842686093,False
1.785999999999914,thumb_ik,-0.0021578822202964892,0.0291624343578301,0.007318238414471354,0.030143998521139585,False
1.786999999999914,thumb_ik,-0.002168645814542014,0.02912125254483068,0.007297782771806729,0.030099966907510333,False
1.7879999999999139,thumb_ik,-0.00217928436833123,0.02908010940580845,0.007277366116801201,0.030055982782298235,False
1.7889999999999138,thumb_ik,-0.0021897991638927944,0.02903900462015939,0.007256988795892195,0.030012045849817183,False
1.7899999999999137,thumb_ik,-0.0022001944161689213,0.028997934886679552,0.0072366471675234,0.029968152185082624,False
1.7909999999999136,thumb_ik,-0.0022104683645752105,0.028956902799116183,0.007216345479880204,0.02992430504110727,False
1.7919999999999134,thumb_ik,-0.0022206251989861786,0.028915905035202707,0.007196080056107515,0.029880500471932227,False
1.7929999999999133,thumb_ik,-0.0022306632239175728,0.02887494410365822,0.007175855027198811,0.029836741624703247,False
1.7939999999999132,thumb_ik,-0.002240583928624529,0.028834019359222737,0.007155670260067495,0.02979302780215627,False
1.794999999999913,thumb_ik,-0.002250388665753139,0.028793130248716672,0.007135525718987849,0.02974935841245741,False
1.795999999999913,thumb_ik,-0.002260081446276138,0.028752273515086094,0.0071154177918325255,0.02970572959518836,False
1.796999999999913,thumb_ik,-0.0022696606966496335,0.02871145147436656,0.007095350320459177,0.02966214425177084,False
1.7979999999999128,thumb_ik,-0.0022791299534139775,0.028670661285077628,0.007075320190285828,0.029618599015876226,False
1.7989999999999127,thumb_ik,-0.0022884880332382646,0.028629904848537988,0.007055330654430474,0.02957509627639376,False
1.7999999999999126,thumb_ik,-0.002297736308630005,0.028589181518445236,0.007035381534986004,0.029531635331986432,False
1.8009999999999124,thumb_ik,-0.0023068761788561654,0.028548490587591888,0.007015472555094354,0.0294882154038809,False
1.8019999999999123,thumb_ik,-0.0023159088738487488,0.028507831491323563,0.00699560361383068,0.029444835882910126,False
1.8029999999999122,thumb_ik,-0.0023248362942476786,0.02846720296851117,0.00697577369280962,0.029401495323516408,False
1.8039999999999121,thumb_ik,-0.002333661217698277,0.028426602821287963,0.006955980537002231,0.0293581911545892,False
1.804999999999912,thumb_ik,-0.0023423825049037894,0.02838603283437334,0.006936227214712761,0.029314925615589113,False
1.805999999999912,thumb_ik,-0.0023510013941461794,0.02834549236834251,0.006916513479846981,0.029271698001242526,False
1.8069999999999118,thumb_ik,-0.0023595191510845798,0.0283049807619334,0.006896839087690083,0.029228507590351657,False
1.8079999999999117,thumb_ik,-0.0023679370605712846,0.02826449729772236,0.006877203687902428,0.02918535358669962,False
1.8089999999999116,thumb_ik,-0.0023762563101963063,0.02822404134536481,0.006857607048376714,0.029142235301132205,False
1.8099999999999115,thumb_ik,-0.0023844779912979286,0.02818361236443513,0.0068380490572808005,0.029099152154478725,False
1.8109999999999113,thumb_ik,-0.0023926053770446654,0.028143207549284024,0.006818526611880104,0.029056100853508505,False
1.8119999999999112,thumb_ik,-0.0024006374012395526,0.02810282853381675,0.006799042522535541,0.029013083441037108,False
1.8129999999999111,thumb_ik,-0.002408575123804324,0.028062474767933512,0.00677959662041807,0.02897009931918595,False
1.813999999999911,thumb_ik,-0.0024164196801370746,0.02802214562402587,0.006760188646005857,0.0289271478022679,False
1.814999999999911,thumb_ik,-0.002424172233831165,0.027981840430393104,0.00674081827487942,0.02888422815147063,False
1.8159999999999108,thumb_ik,-0.0024318337948055907,0.027941558654604834,0.006721485352262371,0.028841339791954163,False
1.8169999999999107,thumb_ik,-0.002439405453539642,0.02790129968643422,0.006702189636261974,0.0287984820620704,False
1.8179999999999106,thumb_ik,-0.0024468882673958497,0.027861062922282978,0.006682930865370088,0.028755654301438647,False
1.8189999999999105,thumb_ik,-0.002454285281461216,0.02782084568328537,0.00666370606590053,0.02871285338152053,False
1.8199999999999104,thumb_ik,-0.0024615953144775105,0.02778064963388517,0.006644517981101539,0.028670081352764307,False
1.8209999999999102,thumb_ik,-0.0024688194203760366,0.02774047416552132,0.006625366335669219,0.028627337552420074,False
1.8219999999999101,thumb_ik,-0.002475960545125805,0.02770031666749749,0.006606248217775491,0.028584618934236656,False
1.82299999999991,thumb_ik,-0.002483019849094034,0.02766017635649358,0.00658716316755149,0.028541924641468527,False
1.82399999999991,thumb_ik,-0.002489998065722268,0.027620052871865683,0.00656811124953096,0.02849925431301969,False
1.8249999999999098,thumb_ik,-0.002496893671728645,0.02757994819935107,0.006549095541401987,0.028456610358530376,False
1.8259999999999097,thumb_ik,-0.002503707667320096,0.027539861770671956,0.006530115781886087,0.02841399216153819,False
1.8269999999999096,thumb_ik,-0.0025104410826736756,0.027499792940674325,0.006511171562777272,0.028371399001978326,False
1.8279999999999095,thumb_ik,-0.0025170970578796276,0.02745973888423879,0.006492259715683849,0.028328827603789984,False
1.8289999999999094,thumb_ik,-0.0025236741297617327,0.027419701494776225,0.006473383162815819,0.02828628025648635,False
1.8299999999999093,thumb_ik,-0.002530175361761172,0.02737967799281897,0.006454538756856851,0.028243753732736836,False
1.8309999999999091,thumb_ik,-0.0025365992462747095,0.027339670324405554,0.006435729482653196,0.028201250382869105,False
1.831999999999909,thumb_ik,-0.0025429467061203748,0.027299677942260916,0.006416955053821914,0.02815876960849153,False
1.832999999999909,thumb_ik,-0.002549218652029686,0.027259700298465597,0.00639821517972575,0.028116310810348048,False
1.8339999999999088,thumb_ik,-0.002555416056360116,0.02721973678397062,0.006379509509912479,0.028073873323729483,False
1.8349999999999087,thumb_ik,-0.0025615397016672675,0.027179786964318123,0.0063608378992805435,0.0280314566844083,False
1.8359999999999086,thumb_ik,-0.002567590422265356,0.02713985032809886,0.006342200078255457,0.027989060331507026,False
1.8369999999999085,thumb_ik,-0.002573571188487847,0.027099924114107374,0.006323592906913571,0.027946681071371618,False
1.8379999999999084,thumb_ik,-0.00257929579700944,0.027060997109078902,0.006305411604854025,0.027905349789111675,False
1.8389999999999083,thumb_ik,-0.002584774668466072,0.027023064952829065,0.0062876339404498265,0.02786505769060346,False
1.8399999999999082,thumb_ik,-0.002590019969971616,0.026986126151951048,0.006270236619763395,0.027825798737892322,False
1.840999999999908,thumb_ik,-0.0025950434993453064,0.026950182724856483,0.006253198001464767,0.027787570691087234,False
1.841999999999908,thumb_ik,-0.002599856476456927,0.026915239502326924,0.006236498196396548,0.027750374428455054,False
1.8429999999999078,thumb_ik,-0.0026044718901690606,0.026881300321243043,0.006220115626206845,0.027714209698111992,False
1.8439999999999077,thumb_ik,-0.0026089002292893487,0.02684837134591196,0.006204032716204042,0.027679079216587073,False
1.8449999999999076,thumb_ik,-0.0026131516594722626,0.02681645954726812,0.0061882329534305724,0.027644986730537495,False
1.8459999999999075,thumb_ik,-0.0026172342601819415,0.02678557321232182,0.006172703305309488,0.027611937881660914,False
1.8469999999999074,thumb_ik,-0.002621159591801897,0.026755719124764862,0.0061574266734933485,0.02757993630754884,False
1.8479999999999073,thumb_ik,-0.0026249350325604215,0.026726906389499025,0.006142392009951644,0.02754898888674727,False
1.8489999999999072,thumb_ik,-0.002628569813113213,0.026699142196271383,0.00612758626904206,0.027519100398880808,False
1.849999999999907,thumb_ik,-0.0026320729377014296,0.026672432907333857,0.006112997029627646,0.027490274968247273,False
1.850999999999907,thumb_ik,-0.0026354531907055168,0.026646783829697304,0.006098612544257476,0.027462515852557868,False
1.8519999999999068,thumb_ik,-0.0026387210102868514,0.02662219786563301,0.006084419179992539,0.027435823744238207,False
1.8529999999999067,thumb_ik,-0.002641882819471253,0.026598678822695274,0.006070408727680915,0.02741020105847128,False
1.8539999999999066,thumb_ik,-0.0026449174000582193,0.026576641496809786,0.006056622077012328,0.027386057260709067,False
1.8549999999999065,thumb_ik,-0.0026478405142043443,0.026556023572141582,0.0060430381875820095,0.02736332870630647,False
1.8559999999999064,thumb_ik,-0.002650665451066722,0.026536764513758318,0.006029639363313067,0.027341954009246595,False
1.8569999999999063,thumb_ik,-0.002653404801258183,0.026518807029297195,0.006016409326298027,0.0273218752006155,False
1.8579999999999062,thumb_ik,-0.002656070561018173,0.026502095918477922,0.0060033328878518755,0.027303036546502946,False
1.858999999999906,thumb_ik,-0.002658672368901313,0.026486578772051253,0.005990398111962045,0.027285385526926935,False
1.859999999999906,thumb_ik,-0.0026612228738616683,0.0264722030936151,0.0059775891605184615,0.027268868989855765,False
1.8609999999999058,thumb_ik,-0.002663730977002496,0.026458919550696222,0.005964895255976908,0.027253437616616978,False
1.8619999999999057,thumb_ik,-0.0026662077398561107,0.026446679078695842,0.0059523028690865384,0.027239041970101165,False
1.8629999999999056,thumb_ik,-0.0026686609960976104,0.02643543535446878,0.005939802714661557,0.027225635900406282,False
1.8639999999999055,thumb_ik,-0.0026711007601897263,0.026425142211031746,0.005927382687126479,0.027213173017198576,False
1.8649999999999054,thumb_ik,-0.002673520933856449,0.026416052993176217,0.0059152249814087045,0.02720193846957868,False
1.8659999999999053,thumb_ik,-0.0026759331703433142,0.02640806802200789,0.005903287344533048,0.027191827383595667,False
1.8669999999999052,thumb_ik,-0.0026783462717989287,0.026401102238043775,0.005891534069890493,0.027182750262473066,False
1.867999999999905,thumb_ik,-0.0026807679392981953,0.026395086417311323,0.005879933282552343,0.02717463374415502,False
1.868999999999905,thumb_ik,-0.0026832053231328062,0.026389955571533605,0.005868456624947126,0.027167409317645504,False
1.8699999999999048,thumb_ik,-0.002685664943923305,0.02638564900818126,0.005857079228440899,0.027161013362210714,False
1.8709999999999047,thumb_ik,-0.002688153057048462,0.026382109310459437,0.005845778632694358,0.027155385954716522,False
1.8719999999999046,thumb_ik,-0.002690675491920841,0.02637928251910067,0.005834534927365895,0.02715047105749744,False
1.8729999999999045,thumb_ik,-0.002693237656524017,0.026377117927414664,0.005823330508410062,0.027146216263808084,False
1.8739999999999044,thumb_ik,-0.0026958445833569628,0.026375572346222356,0.005812149918078099,0.027142576909325315,False
1.8749999999999043,thumb_ik,-0.0026984969504109113,0.026374495027306225,0.005800992484661337,0.02713940654369353,False
1.8759999999999042,thumb_ik,-0.002701198914071168,0.026373856132515597,0.005789846495275256,0.027136674175566557,False
1.876999999999904,thumb_ik,-0.0027039543259722437,0.026373627409005937,0.005778701517702916,0.027134350608347256,False
1.877999999999904,thumb_ik,-0.0027067667372323717,0.026373782121135406,0.005767548354042227,0.0271324083626781,False
1.8789999999999039,thumb_ik,-0.002709639384967308,0.02637429492988401,0.005756378888234763,0.02713082152368384,False
1.8799999999999037,thumb_ik,-0.002712575274356366,0.026375141839139846,0.005745185983622145,0.02712956567363737,False
1.8809999999999036,thumb_ik,-0.0027155757080370435,0.026376300576190267,0.005733965117696919,0.02712861845878962,False
1.8819999999999035,thumb_ik,-0.0027186447788228874,0.026377749105458412,0.005722708825948733,0.027127957416851797,False
1.8829999999999034,thumb_ik,-0.0027217847573562104,0.02637946716638824,0.00571141235495028,0.027127562207765934,False
1.8839999999999033,thumb_ik,-0.002724996308940797,0.02638143603879868,0.0057000732949151825,0.027127414324265627,False
1.8849999999999032,thumb_ik,-0.002728282893630113,0.026383637092198944,0.00568868614533348,0.027127494978722966,False
1.885999999999903,thumb_ik,-0.002731645136093419,0.026386053653076044,0.005677249184009345,0.02712778779830536,False
1.886999999999903,thumb_ik,-0.0027350857330683404,0.026388669206951806,0.005665758359846434,0.027128276286438293,False
1.8879999999999029,thumb_ik,-0.002738606055522008,0.02639146869674515,0.005654211502891835,0.027128945626729677,False
1.8889999999999028,thumb_ik,-0.002742207304610736,0.02639443790318756,0.00564260678100997,0.0271297818718062,False
1.8899999999999026,thumb_ik,-0.0027458916158926705,0.02639756621321286,0.005630943517370399,0.027130774917849335,False
1.8909999999999025,thumb_ik,-0.0027496610690559004,0.026400843964489787,0.005619221291226332,0.027131915633655315,False
1.8919999999999024,thumb_ik,-0.0027535174156970293,0.0264042618462441,0.005607439816872447,0.027133195224731926,False
1.8929999999999023,thumb_ik,-0.002757462127959881,0.026407810993012412,0.005595598915981319,0.027134605323430292,False
1.8939999999999022,thumb_ik,-0.0027614964539166703,0.026411482867972805,0.005583698409168246,0.027136137858486113,False
1.894999999999902,thumb_ik,-0.0027656214219281827,0.0264152693118513,0.005571738251783993,0.027137785130947112,False
1.895999999999902,thumb_ik,-0.0027698378720544953,0.026419162496928897,0.0055597184765972495,0.02713953976057108,False
1.8969999999999019,thumb_ik,-0.0027741466385824975,0.026423154381367317,0.0055476388317807525,0.027141394099084358,False
1.8979999999999018,thumb_ik,-0.0027785481879636226,0.02642723800194839,0.00553549952258546,0.027143341603586783,False
1.8989999999999017,thumb_ik,-0.002783042879318659,0.026431406692096523,0.005523300774649662,0.02714537601210152,False
1.8999999999999015,thumb_ik,-0.0027876309431740798,0.026435654124269778,0.005511042918087655,0.027147491399729134,False
1.9009999999999014,thumb_ik,-0.0027923125028407325,0.026439974287698273,0.005498726250697233,0.027149682131247382,False
1.9019999999999013,thumb_ik,-0.002797087588697497,0.02644436145758021,0.005486351168628011,0.027151942859093992,False
1.9029999999999012,thumb_ik,-0.002801956133053965,0.026448810249147123,0.005473918082393527,0.027154268558363035,False
1.903999999999901,thumb_ik,-0.002806918011672696,0.02645331559987292,0.00546142742297526,0.027156654515001637,False
1.904999999999901,thumb_ik,-0.002811973033087653,0.026457872699597998,0.005448879659533241,0.02715909626020388,False
1.9059999999999009,thumb_ik,-0.0028171209491480165,0.026462476989423486,0.005436275220507866,0.027161589554571434,False
1.9069999999999008,thumb_ik,-0.002822361436704293,0.026467124169481784,0.0054236146404242035,0.027164130423225148,False
1.9079999999999007,thumb_ik,-0.0028276941074416168,0.026471810251589276,0.005410898457496999,0.027166715187500134,False
1.9089999999999006,thumb_ik,-0.0028331185529879704,0.026476531494727437,0.005398127215072112,0.027169340407096395,False
1.9099999999999004,thumb_ik,-0.002838634356343503,0.02648128422155395,0.005385301394819495,0.027172002689253155,False
1.9109999999999003,thumb_ik,-0.002844241019397245,0.02648606513560152,0.005372421590754576,0.02717469902487522,False
1.9119999999999002,thumb_ik,-0.0028499380295351068,0.02649087114032876,0.005359488333184181,0.027177426584193566,False
1.9129999999999001,thumb_ik,-0.002855724856513628,0.02649569931070471,0.005346502245498961,0.0271801827197779,False
1.9139999999999,thumb_ik,-0.0028616169925206186,0.02650048261935907,0.005333438325333922,0.027182898948437704,False
1.9149999999999,thumb_ik,-0.002867611813960169,0.02650522693943229,0.005320300505601127,0.027185581658229617,False
1.9159999999998998,thumb_ik,-0.002873706877415061,0.026509937676461495,0.005307092372958441,0.02718823672624411,False
1.9169999999998997,thumb_ik,-0.00287989992549674,0.0265146198081556,0.005293817193988113,0.027190869563794344,False
1.9179999999998996,thumb_ik,-0.00288618885622563,0.026519277873549033,0.005280477977043126,0.027193485115268798,False
1.9189999999998995,thumb_ik,-0.0028925717270595758,0.02652391606363104,0.005267077449990842,0.027196087943138644,False
1.9199999999998993,thumb_ik,-0.0028990467117151753,0.026528538188300685,0.00525361817021593,0.02719868221299071,False
1.9209999999998992,thumb_ik,-0.002905612115741779,0.026533147657420722,0.00524010244417741,0.02720127166150712,False
1.9219999999998991,thumb_ik,-0.0029122663445216718,0.026537747611424065,0.0052265323976988555,0.0272038597344802,False
1.922999999999899,thumb_ik,-0.0029190078961170013,0.026542340834260866,0.00521290997457283,0.027206449501224264,False
1.923999999999899,thumb_ik,-0.0029258353872994997,0.02654692975812596,0.005199236927005753,0.02720904366051089,False
1.9249999999998988,thumb_ik,-0.0029327475270760905,0.02655151656398795,0.005185514919135659,0.02721164465595338,False
1.9259999999998987,thumb_ik,-0.002939743107985948,0.026556103184204857,0.0051717454042756045,0.027214254654458793,False
1.9269999999998986,thumb_ik,-0.0029468209681679375,0.026560691274088485,0.005157929743830666,0.027216875537397153,False
1.9279999999998985,thumb_ik,-0.002953980021621297,0.026565282246906977,0.0051440692025125564,0.027219508937271573,False
1.9289999999998984,thumb_ik,-0.002961219083940217,0.026569878133468908,0.005130165480094779,0.027222157158161384,False
1.9299999999998982,thumb_ik,-0.0029685744004843695,0.02657430754129496,0.0051160612352455295,0.027224627414040387,False
1.9309999999998981,thumb_ik,-0.00297603852297168,0.02657859228450192,0.005101781121463252,0.02722694517802751,False
1.931999999999898,thumb_ik,-0.0029836048782550945,0.026582752197614704,0.005087346975814224,0.027229133510298546,False
1.932999999999898,thumb_ik,-0.0029912676315255737,0.02658680541406859,0.005072778135185637,0.027231213380563436,False
1.9339999999998978,thumb_ik,-0.0029990216109081758,0.026590768347007868,0.005058091649529806,0.02723320368671253,False
1.9349999999998977,thumb_ik,-0.0030068622610636975,0.026594655961613853,0.005043302594785266,0.027235121579243595,False
1.9359999999998976,thumb_ik,-0.003014785547652582,0.026598481787411796,0.005028424255071155,0.027236982501418906,False
1.9369999999998975,thumb_ik,-0.0030227878976684663,0.026602258022442885,0.00501346830179732,0.027238800321968005,False
1.9379999999998974,thumb_ik,-0.0030308661745184345,0.02660599573080659,0.004998444989381266,0.027240587565385024,False
1.9389999999998973,thumb_ik,-0.003039017590973553,0.026609704842796053,0.004983363312555247,0.02724235543494527,False
1.9399999999998971,thumb_ik,-0.003047239663871243,0.026613394266106552,0.004968231114221507,0.027244113939282773,False
1.940999999999897,thumb_ik,-0.0030555302717045485,0.02661707189743885,0.004953055239387778,0.02724587194125302,False
1.941999999999897,thumb_ik,-0.0030638874977737957,0.026620744806991573,0.004937841617520967,0.027247637338266698,False
1.9429999999998968,thumb_ik,-0.0030723096586524473,0.026624419290106602,0.0049225954026396145,0.027249417143714073,False
1.9439999999998967,thumb_ik,-0.0030807953280744677,0.026628100836025778,0.004907321052571929,0.027251217475556165,False
1.9449999999998966,thumb_ik,-0.0030893431986720593,0.0266317942174734,0.004892022355366253,0.027253043634912308,False
1.9459999999998965,thumb_ik,-0.0030979520260055737,0.026635516533466172,0.004876707840892416,0.027254913816143384,False
1.9469999999998964,thumb_ik,-0.0031066207928511086,0.02663927124520872,0.004861379714302248,0.027256831766605018,False
1.9479999999998963,thumb_ik,-0.0031153478782714045,0.02664306170213558,0.004846041041243157,0.027258801203278674,False
1.9489999999998961,thumb_ik,-0.003124128985420277,0.02664689259993487,0.004830699613899446,0.027260827682037372,False
1.949999999999896,thumb_ik,-0.0031329602602834933,0.026650767677661072,0.004815362332526069,0.027262915695036926,False
1.950999999999896,thumb_ik,-0.0031418382446880833,0.026654689795789846,0.004800035297309994,0.02726506876061364,False
1.9519999999998958,thumb_ik,-0.0031507598571208495,0.026658660933932557,0.00478472391140022,0.027267289439472178,False
1.9529999999998957,thumb_ik,-0.0031596988156253752,0.026662417512122435,0.004769481735981299,0.027269326361794428,False
1.9539999999998956,thumb_ik,-0.0031686565817866663,0.026665982448417516,0.004754306733478205,0.02727120160514764,False
1.9549999999998955,thumb_ik,-0.0031776337522268494,0.026669383294783175,0.004739200220727092,0.027272942274706828,False
1.9559999999998954,thumb_ik,-0.0031866315900592884,0.026672633415636263,0.004724158147101639,0.027274560755665832,False
1.9569999999998953,thumb_ik,-0.00319565110819367,0.026675744702048157,0.004709176805320393,0.027276068037712424,False
1.9579999999998952,thumb_ik,-0.0032046930553720487,0.02667872773704276,0.004694252856019168,0.0272774738772242,False
1.958999999999895,thumb_ik,-0.003213758036630876,0.02668159194799273,0.004679383206939124,0.02727878693773944,False
1.959999999999895,thumb_ik,-0.003222846493541598,0.0266843461129785,0.004664565064438141,0.027280015290291552,False
1.9609999999998948,thumb_ik,-0.0032319587216449036,0.02668699780530699,0.004649795828530128,0.027281165852761736,False
1.9619999999998947,thumb_ik,-0.0032410940032939067,0.026689554521214826,0.00463507469277033,0.02728224566062417,False
1.9629999999998946,thumb_ik,-0.003250250675941632,0.02669202363960263,0.0046204026136896816,0.02728326182380243,False
1.9639999999998945,thumb_ik,-0.0032594271635632555,0.026694411720381464,0.004605780382992072,0.02728422063149629,False
1.9649999999998944,thumb_ik,-0.003268622000978924,0.02669672456087896,0.0045912086728881925,0.027285127618223177,False
1.9659999999998943,thumb_ik,-0.0032778338149191816,0.026698967369007023,0.004576688028630812,0.027285987729985917,False
1.9669999999998942,thumb_ik,-0.003287061305263711,0.026701144737452415,0.0045622188769075395,0.02728680529845435,False
1.967999999999894,thumb_ik,-0.0032963032735464914,0.02670326069534326,0.004547801560585832,0.02728758410099957,False
1.968999999999894,thumb_ik,-0.0033055585747820554,0.026705318835538797,0.0045334363208529745,0.02728832747667631,False
1.9699999999998938,thumb_ik,-0.003314826131681367,0.02670732195154607,0.0045191233121893645,0.027289037975304034,False
1.9709999999998937,thumb_ik,-0.0033241049534918077,0.0267092728217473,0.00450486264672717,0.02728971813475243,False
1.9719999999998936,thumb_ik,-0.0033333953418117207,0.026711240588580307,0.004490655410546874,0.027290435766072076,False
1.9729999999998935,thumb_ik,-0.0033426956906322247,0.02671319158359503,0.004476500954121658,0.027291157539655143,False
1.9739999999998934,thumb_ik,-0.00335200515765767,0.026715125603008386,0.0044623990950162715,0.027291883046881904,False
1.9749999999998933,thumb_ik,-0.003361322941767858,0.026717042290273538,0.004448349607989583,0.027292611727242604,False
1.9759999999998932,thumb_ik,-0.0033706496797644148,0.02671900772917067,0.004434353240599868,0.02729340839758927,False
1.976999999999893,thumb_ik,-0.0033799845973953024,0.026721016625021785,0.004420409516014936,0.027294267633380373,False
1.977999999999893,thumb_ik,-0.003389326989055058,0.02672306387564559,0.004406517961298297,0.0272951842068123,False
1.9789999999998928,thumb_ik,-0.003398678316235873,0.02672523184907047,0.004392678934402365,0.027296238933313958,False
1.9799999999998927,thumb_ik,-0.0034080372199078307,0.026727486941829623,0.004378891571798698,0.027297398544834265,False
1.9809999999998926,thumb_ik,-0.0034174030946171607,0.026729820341829455,0.004365155243177678,0.027298654174054447,False
1.9819999999998925,thumb_ik,-0.00342677714234349,0.026732286324432378,0.004351469702542254,0.027300059016179164,False
1.9829999999998924,thumb_ik,-0.0034361576537924876,0.026734831959602717,0.004337833955374865,0.027301560811688306,False
1.9839999999998923,thumb_ik,-0.0034455460362522033,0.026737523106756714,0.004324248457342285,0.027303224243541452,False
1.9849999999998922,thumb_ik,-0.0034549416051613685,0.026740346112603716,0.00431071288880552,0.027305035750326893,False
1.985999999999892,thumb_ik,-0.003464343773981568,0.026743288306086674,0.004297226908952966,0.02730698273910588,False
1.986999999999892,thumb_ik,-0.003473752056907378,0.026746337850648935,0.004283790178434704,0.027309053445089923,False
1.9879999999998919,thumb_ik,-0.0034831660671861275,0.026749483674236643,0.004270402295396304,0.027311236853251,False
1.9889999999998917,thumb_ik,-0.0034925854636231185,0.026752715469551602,0.004257062936876055,0.027313522714289728,False
1.9899999999998916,thumb_ik,-0.003502009980102694,0.026756023573475715,0.004243771794960327,0.02731590142046987,False
1.9909999999998915,thumb_ik,-0.003511439366506733,0.026759398994102082,0.004230528544861268,0.027318364019814412,False
1.9919999999998914,thumb_ik,-0.003520873392969831,0.026762833364658442,0.004217332859315116,0.027320902173977656,False
1.9929999999998913,thumb_ik,-0.0035303118942627137,0.02676631882937046,0.004204184445098572,0.027323508057983573,False
1.9939999999998912,thumb_ik,-0.0035397546995270535,0.026769848054798498,0.004191082996154415,0.02732617435519428,False
1.994999999999891,thumb_ik,-0.003549201652838299,0.026773414162412176,0.004178028219488757,0.0273288941980353,False
1.995999999999891,thumb_ik,-0.0035586528416613333,0.026777018644725828,0.004165019821878495,0.027331668951311765,False
1.9969999999998909,thumb_ik,-0.0035681081146966137,0.02678065486382715,0.004152057434386434,0.02733449197245188,False
1.9979999999998908,thumb_ik,-0.0035775671233986284,0.026784311219766946,0.004139140896416368,0.027337351762746567,False
1.9989999999998906,thumb_ik,-0.0035870311562967716,0.02678801872022138,0.0041262693657502375,0.027340278680911496,False
1.9999999999998905,thumb_ik,-0.0035965030492881717,0.026791846328563837,0.00411344118642195,0.027343340364174074,False
2.0009999999998906,thumb_ik,-0.003605982461458296,0.026795781270258126,0.004100655405553027,0.027346524059758532,False
2.0019999999998905,thumb_ik,-0.003615472420989224,0.026799886468652848,0.004087909830774311,0.02734989145031762,False
2.0029999999998904,thumb_ik,-0.0036249761489045296,0.02680421894370426,0.004075201533766563,0.027353498364980196,False
2.0039999999998903,thumb_ik,-0.0036344925179290083,0.026808750948586965,0.004062529830128513,0.02735731733754113,False
2.00499999999989,thumb_ik,-0.0036440238162050304,0.026813512663695693,0.004049892566675536,0.027361377902818645,False
2.00599999999989,thumb_ik,-0.0036535687953953982,0.02681847481820543,0.004037289626748538,0.027365651171635898,False
2.00699999999989,thumb_ik,-0.0036631264008296083,0.026823610492774583,0.004024720851864939,0.027370110573981577,False
2.00799999999989,thumb_ik,-0.0036726957868802035,0.0268288949025262,0.0040121860936351665,0.02737473165683498,False
2.0089999999998898,thumb_ik,-0.0036822761380530117,0.026834304646320625,0.003999685441395371,0.02737949135828731,False
2.0099999999998897,thumb_ik,-0.0036918669072812244,0.026839818947057545,0.0039872187275635795,0.027384369183045664,False
2.0109999999998895,thumb_ik,-0.0037014676111148392,0.02684541867119193,0.00397478579048283,0.027389346253387226,False
2.0119999999998894,thumb_ik,-0.0037110779891094264,0.026851086965934398,0.003962386119985176,0.02739440590444107,False
2.0129999999998893,thumb_ik,-0.0037206976552673077,0.02685680755725378,0.003950019645275953,0.027399532083729847,False
2.013999999999889,thumb_ik,-0.003730324466243523,0.02686253533652712,0.003937687750928093,0.02740468044246151,False
2.014999999999889,thumb_ik,-0.003739960219475827,0.02686829036564238,0.003925388913217125,0.027409870626030702,False
2.015999999999889,thumb_ik,-0.003749604726050626,0.026874058325961334,0.003913122534914937,0.027415088445636136,False
2.016999999999889,thumb_ik,-0.0037592576724270466,0.026879827546415616,0.0039008886194273583,0.027420322375820518,False
2.0179999999998888,thumb_ik,-0.003768922126774682,0.02688563142131395,0.003888684382257347,0.027425605137266305,False
2.0189999999998887,thumb_ik,-0.0037785845903231807,0.026891410650025246,0.0038765133149048156,0.027430877195874604,False
2.0199999999998886,thumb_ik,-0.003788256418065586,0.026897264174794586,0.0038643647952259323,0.027436235566277764,False
2.0209999999998884,thumb_ik,-0.0037979386844606555,0.026903183718577237,0.003852240686499142,0.02744167252106113,False
2.0219999999998883,thumb_ik,-0.0038076305693335033,0.026909143141862504,0.0038401413007673676,0.02744716233769218,False
2.022999999999888,thumb_ik,-0.0038173312401488385,0.026915117829401244,0.0038280669783025655,0.027452680786362916,False
2.023999999999888,thumb_ik,-0.0038270400188523124,0.026921085594261887,0.0038160180538973146,0.027458206035120763,False
2.024999999999888,thumb_ik,-0.00383675616066316,0.026927026092455855,0.003803994892406924,0.027463718050577988,False
2.025999999999888,thumb_ik,-0.003846479176810816,0.026932921460819853,0.003791997587479796,0.02746919922705761,False
2.026999999999888,thumb_ik,-0.0038562167966574856,0.026938728576730908,0.003780022789069585,0.02747460786980384,False
2.0279999999998877,thumb_ik,-0.003865967543793411,0.026944437374458022,0.003768071174755548,0.027479933967420263,False
2.0289999999998876,thumb_ik,-0.003875730058679819,0.02695003906193609,0.003756143319648738,0.027485168756356166,False
2.0299999999998875,thumb_ik,-0.0038855033393119104,0.0269555258781458,0.003744239766372611,0.027490304527146982,False
2.0309999999998873,thumb_ik,-0.003895286446778168,0.026960893933169208,0.0037323603196576967,0.027495337272596045,False
2.0319999999998872,thumb_ik,-0.003905069961570945,0.026966167754204823,0.003720509105305421,0.027500290230383757,False
2.032999999999887,thumb_ik,-0.003914853631436455,0.026971336283331912,0.0037086865798556315,0.02750515253569318,False
2.033999999999887,thumb_ik,-0.003924637473216169,0.026976390793183785,0.003696892601481143,0.02750991556565795,False
2.034999999999887,thumb_ik,-0.003934421472474317,0.02698132395004736,0.0036851270759409825,0.027514572066203388,False
2.035999999999887,thumb_ik,-0.00394420754337195,0.026986140058826033,0.003673387440709646,0.027519126143635643,False
2.0369999999998867,thumb_ik,-0.003953995520628251,0.02699083094046456,0.0036616732391368673,0.027523569651193475,False
2.0379999999998866,thumb_ik,-0.003963787666263013,0.026995393730031722,0.0036499801099377956,0.027527899485896058,False
2.0389999999998865,thumb_ik,-0.003973584783501433,0.02699982267699634,0.003638306149514093,0.02753210984030305,False
2.0399999999998863,thumb_ik,-0.003983385549275256,0.027004107038425942,0.0036266523333966724,0.027536190087306414,False
2.0409999999998862,thumb_ik,-0.003993188789562396,0.027008237692930634,0.0036150195293252127,0.027540131194028986,False
2.041999999999886,thumb_ik,-0.004002993131495491,0.027012207341129343,0.0036034088204066027,0.02754392591076926,False
2.042999999999886,thumb_ik,-0.0040127976453413206,0.027016009703625804,0.0035918207736471627,0.02754756798192653,False
2.043999999999886,thumb_ik,-0.004022601493205311,0.027019639693654826,0.0035802559013409785,0.027551052325948493,False
2.044999999999886,thumb_ik,-0.004032403858835451,0.02702309325521586,0.0035687146284035624,0.027554374862439276,False
2.0459999999998857,thumb_ik,-0.004042202946987344,0.027026227353835294,0.003557200144895356,0.027557395423310087,False
2.0469999999998856,thumb_ik,-0.004051997972806504,0.027029053473320894,0.0035457128139725347,0.027560125155638125,False
2.0479999999998855,thumb_ik,-0.004061788311386927,0.027031580122241314,0.00353425243839299,0.027562572240085976,False
2.0489999999998854,thumb_ik,-0.004071573309588877,0.027033821552736745,0.003522819552348462,0.02756475058038761,False
2.0499999999998852,thumb_ik,-0.004081352147876971,0.02703578855520268,0.003511414365788307,0.027566670618790232,False
2.050999999999885,thumb_ik,-0.0040911240554952905,0.027037491699918162,0.0035000370476782755,0.02756834258340019,False
2.051999999999885,thumb_ik,-0.004100888265138672,0.027038941518141194,0.003488687691156657,0.027569776654718107,False
2.052999999999885,thumb_ik,-0.004110644033698069,0.027040148108338255,0.0034773663563398907,0.027570982588019075,False
2.053999999999885,thumb_ik,-0.004120390632118831,0.027041121311750793,0.0034660730490107955,0.02757196988136964,False
2.0549999999998847,thumb_ik,-0.004130127348481991,0.027041870515273778,0.0034548077424400095,0.02757274758555512,False
2.0559999999998846,thumb_ik,-0.004139853516746908,0.027042405017674923,0.003443570394411441,0.02757332466971218,False
2.0569999999998845,thumb_ik,-0.004149574570482414,0.027042739520708653,0.003432351680691635,0.027573715164279887,False
2.0579999999998844,thumb_ik,-0.004159295184000836,0.0270428789346593,0.003421141628268662,0.027573923325181077,False
2.0589999999998843,thumb_ik,-0.004169017418092169,0.02704282024484915,0.0034099332679196626,0.02757394563567652,False
2.059999999999884,thumb_ik,-0.004178745204233947,0.027042569704136474,0.0033987181247967548,0.02757378778073136,False
2.060999999999884,thumb_ik,-0.0041884816443565065,0.027042134654986977,0.003387489313405434,0.027573456602899737,False
2.061999999999884,thumb_ik,-0.00419823011514267,0.02704151980957431,0.003376239182631212,0.027572956329157468,False
2.062999999999884,thumb_ik,-0.0042079971614010225,0.027040733007675663,0.003364955161839364,0.02757229415453035,False
2.0639999999998837,thumb_ik,-0.00421778826115185,0.027039777678995888,0.003353626072778601,0.027571472985342207,False
2.0649999999998836,thumb_ik,-0.00422760549658753,0.02703866820720259,0.003342248236392998,0.027570506885576794,False
2.0659999999998835,thumb_ik,-0.004237449313541128,0.027037409201350115,0.003330819077815156,0.02756940022443759,False
2.0669999999998834,thumb_ik,-0.004247320150073605,0.02703600574372371,0.0033193361933788433,0.027568157860048563,False
2.0679999999998833,thumb_ik,-0.0042572185112862565,0.027034463463843153,0.00330779735439932,0.0275667852236796,False
2.068999999999883,thumb_ik,-0.004267144754388746,0.027032788371518,0.003296200738482691,0.027565288150181926,False
2.069999999999883,thumb_ik,-0.004277100875181933,0.027030996452730813,0.00328454397049837,0.027563682450249007,False
2.070999999999883,thumb_ik,-0.004287086889646574,0.027029092367056,0.0032728257761864346,0.027561972657041345,False
2.071999999999883,thumb_ik,-0.004297102756323237,0.027027080663448264,0.0032610451015767407,0.027560163215072903,False
2.0729999999998827,thumb_ik,-0.004307148459408647,0.0270249663585463,0.0032492010400285466,0.027558259051153215,False
2.0739999999998826,thumb_ik,-0.004317223916731436,0.027022754355596396,0.0032372928825172877,0.027556264995773627,False
2.0749999999998825,thumb_ik,-0.004327329047473433,0.027020449856329135,0.003225320030314373,0.027554186186883683,False
2.0759999999998824,thumb_ik,-0.0043374637183257875,0.027018058024524866,0.0032132821439674747,0.027552027748627236,False
2.0769999999998823,thumb_ik,-0.004347627827954989,0.02701558379911105,0.0032011788926311277,0.027549794591608612,False
2.077999999999882,thumb_ik,-0.004357821216330965,0.027013031922521358,0.003189010103010134,0.027547491443646245,False
2.078999999999882,thumb_ik,-0.004368043755716408,0.02701040725969052,0.003176775664239559,0.027545123165582327,False
2.079999999999882,thumb_ik,-0.004378295314374919,0.02700771436941031,0.003164475546353223,0.027542694327225812,False
2.080999999999882,thumb_ik,-0.004388575765084668,0.027004957662572646,0.003152109765051401,0.027540209359664676,False
2.0819999999998817,thumb_ik,-0.004398884911328255,0.02700214128213657,0.003139678495778911,0.027537672438687186,False
2.0829999999998816,thumb_ik,-0.004409222596691423,0.02699926944097615,0.0031271819366049808,0.027535087817514427,False
2.0839999999998815,thumb_ik,-0.004419588678008041,0.026996346100805327,0.003114620320653641,0.027532459509078958,False
2.0849999999998814,thumb_ik,-0.0044299829740025165,0.02699337507314163,0.003101993947043403,0.02752979138018939,False
2.0859999999998813,thumb_ik,-0.00444040535272941,0.026990359970474914,0.00308930315426385,0.027527087114536965,False
2.086999999999881,thumb_ik,-0.00445085568234263,0.026987304071803817,0.0030765482867437834,0.0275243500691607,False
2.087999999999881,thumb_ik,-0.004461333770672149,0.02698421214721916,0.003063730140419295,0.02752158510320188,False
2.088999999999881,thumb_ik,-0.0044718395007661005,0.026981087244472415,0.0030508491021825797,0.02751879535260823,False
2.089999999999881,thumb_ik,-0.004482372742622254,0.026977932209423072,0.0030379055856230436,0.027515983755758935,False
2.0909999999998807,thumb_ik,-0.004492933397237775,0.026974749350797855,0.0030248999414822474,0.027513152722041204,False
2.0919999999998806,thumb_ik,-0.00450352136277872,0.02697154139234946,0.003011832605230639,0.02751030507621017,False
2.0929999999998805,thumb_ik,-0.0045141365444080345,0.02696831073916224,0.0029987040398591763,0.027507443334200313,False
2.0939999999998804,thumb_ik,-0.004524778330148499,0.02696506822587759,0.002985517458382051,0.02750457848899922,False
2.0949999999998803,thumb_ik,-0.004535446740526403,0.026961815199036746,0.0029722730098877548,0.027501711997773296,False
2.09599999999988,thumb_ik,-0.00454614704965485,0.026958542618962647,0.002958961249348767,0.027498834971879417,False
2.09699999999988,thumb_ik,-0.004556878431407882,0.02695525146990148,0.002945583374799377,0.027495948506319083,False
2.09799999999988,thumb_ik,-0.00456764013765705,0.026951943209266513,0.0029321404812919366,0.027493054158908823,False
2.09899999999988,thumb_ik,-0.004578431506270117,0.02694861905204228,0.0029186335967567346,0.02749015325424397,False
2.0999999999998797,thumb_ik,-0.0045892519726442454,0.026945280406251465,0.0029050636633969687,0.027487247310859043,False
2.1009999999998796,thumb_ik,-0.0046001010463967845,0.026941928430102555,0.0028914315994118638,0.027484337610062692,False
2.1019999999998795,thumb_ik,-0.004610977860363755,0.026938571071357637,0.002877740184544276,0.027481432218228585,False
2.1029999999998794,thumb_ik,-0.0046218821793612,0.02693520976692429,0.0028639901284136307,0.027478532703253296,False
2.1039999999998793,thumb_ik,-0.004632813856049606,0.026931845647508487,0.0028501820131293723,0.027475640333102215,False
2.104999999999879,thumb_ik,-0.004643772742101468,0.026928479617780304,0.002836316463910162,0.027472756157490674,False
2.105999999999879,thumb_ik,-0.004654758703151601,0.0269251124625334,0.002822394063179995,0.02746988110554013,False
2.106999999999879,thumb_ik,-0.004665771668843924,0.02692174466275561,0.002808415368589015,0.027467015815973234,False
2.107999999999879,thumb_ik,-0.004676811574223963,0.026918376854790718,0.0027943809342261643,0.02746416107953954,False
2.1089999999998787,thumb_ik,-0.004687878386202021,0.02691500939359237,0.0027802912627421517,0.027461317410617175,False
2.1099999999998786,thumb_ik,-0.004698972052651809,0.02691164261083258,0.002766146922354648,0.02745848530346921,False
2.1109999999998785,thumb_ik,-0.004710092595716003,0.02690827677147746,0.002751948378637261,0.027455665188615197,False
2.1119999999998784,thumb_ik,-0.0047212400594166815,0.026904911815126636,0.0027376960054641894,0.027452857171826692,False
2.1129999999998783,thumb_ik,-0.004732414469489923,0.02690154754154213,0.0027233902329819523,0.027450061224011692,False
2.113999999999878,thumb_ik,-0.004743615861753439,0.026898183693384953,0.0027090315194836304,0.027447277264248178,False
2.114999999999878,thumb_ik,-0.004754844290419863,0.02689482021526049,0.0026946202399903557,0.02744450540408933,False
2.115999999999878,thumb_ik,-0.004766099797390552,0.026891456861926608,0.0026801568186705822,0.0274417455714503,False
2.116999999999878,thumb_ik,-0.0047773824197941545,0.026888093328789567,0.0026656416511021824,0.027438997632106516,False
2.1179999999998778,thumb_ik,-0.0047886922298874535,0.02688472911854249,0.0026510751423407287,0.027436261269719823,False
2.1189999999998776,thumb_ik,-0.004800029290886229,0.026881363974868525,0.0026364576802941353,0.027433536400593837,False
2.1199999999998775,thumb_ik,-0.004811393675129033,0.02687799749897106,0.0026217896425656667,0.02743082280176136,False
2.1209999999998774,thumb_ik,-0.00482278544595878,0.026874629220309088,0.0026070714030757454,0.027428120177795237,False
2.1219999999998773,thumb_ik,-0.00483420467012291,0.026871258496617687,0.0025923033347870494,0.02742542806528705,False
2.122999999999877,thumb_ik,-0.004845651904545098,0.02686788456053575,0.002577485258072075,0.027422745912725,False
2.123999999999877,thumb_ik,-0.004857126674978965,0.026864507309551894,0.0025626180938786262,0.02742007374200211,False
2.124999999999877,thumb_ik,-0.004868629045566064,0.026861126184795067,0.00254770219807271,0.027417411168614687,False
2.125999999999877,thumb_ik,-0.004880165110623197,0.026857731485350547,0.0025327360640020682,0.027414749752934654,False
2.1269999999998768,thumb_ik,-0.004891734293550276,0.026854323680745612,0.0025177200003508524,0.027412090010597825,False
2.1279999999998767,thumb_ik,-0.0049033360843814405,0.026850903133572718,0.00250265429896503,0.02740943236159827,False
2.1289999999998765,thumb_ik,-0.004914970039717123,0.02684747010431543,0.0024875392684815673,0.02740677713824932,False
2.1299999999998764,thumb_ik,-0.004926635830419898,0.026844026535829124,0.0024723750712604964,0.027404126327158572,False
2.1309999999998763,thumb_ik,-0.0049383358737131455,0.02684057170729527,0.0024571538914041,0.027401479084569576,False
2.131999999999876,thumb_ik,-0.004950069425661452,0.0268371044609257,0.002441876841592888,0.027398834385334973,False
2.132999999999876,thumb_ik,-0.004961835803283299,0.02683362372863672,0.0024265449223711405,0.027396191290197346,False
2.133999999999876,thumb_ik,-0.004973630210574162,0.026830003432879557,0.002411169358038867,0.027393426571953542,False
2.134999999999876,thumb_ik,-0.004985451991369794,0.026826253938473016,0.002395751305782564,0.027390550491891374,False
2.1359999999998758,thumb_ik,-0.004997300575188129,0.026822386808566245,0.0023802917271466585,0.027387574479194886,False
2.1369999999998757,thumb_ik,-0.005009175456622161,0.02681841243127235,0.0023647915024229763,0.027384508813177225,False
2.1379999999998756,thumb_ik,-0.005021076119625309,0.026814340551961774,0.0023492514211344087,0.027381363130336577,False
2.1389999999998754,thumb_ik,-0.005033002097390507,0.026810180126618344,0.0023336722286026873,0.027378146295989614,False
2.1399999999998753,thumb_ik,-0.005044952909217082,0.026805939675228985,0.00231805474147204,0.027374866748766,False
2.1409999999998752,thumb_ik,-0.005056928162106872,0.026801626615749863,0.0023023995560697043,0.027371531842455787,False
2.141999999999875,thumb_ik,-0.005068927489221928,0.02679724778931783,0.002286707212993927,0.027368148363582208,False
2.142999999999875,thumb_ik,-0.005080950536595949,0.02679280941145097,0.002270978179080063,0.027364722479928938,False
2.143999999999875,thumb_ik,-0.005092997060395621,0.026788317085801358,0.0022552128142880393,0.027361259769688315,False
2.144999999999875,thumb_ik,-0.00510506678824392,0.02678377588652861,0.0022394115259598835,0.02735776528949001,False
2.1459999999998747,thumb_ik,-0.0051171594524029584,0.026779190455198026,0.002223574688689261,0.027354243668821582,False
2.1469999999998746,thumb_ik,-0.005129274819569818,0.026774564926140124,0.002207702640323401,0.027350699042380192,False
2.1479999999998745,thumb_ik,-0.005141412692666519,0.026769903009862067,0.0021917957094643586,0.027347135134521146,False
2.1489999999998743,thumb_ik,-0.005153576139472427,0.026765206303082267,0.0021758509103174846,0.02734355395071796,False
2.1499999999998742,thumb_ik,-0.00516576139427137,0.026760479757274233,0.0021598720718960344,0.02733996004000344,False
2.150999999999874,thumb_ik,-0.0051779683472450155,0.026755725955778006,0.002143859381016272,0.027336356024008315,False
2.151999999999874,thumb_ik,-0.005190196930544816,0.026750947328730443,0.0021278130470355067,0.027332744383348734,False
2.152999999999874,thumb_ik,-0.005202447061359611,0.026746145842348523,0.0021117332352891156,0.027329127137606338,False
2.153999999999874,thumb_ik,-0.005214718686128467,0.02674132317728263,0.0020956200730743377,0.027325506028946706,False
2.1549999999998737,thumb_ik,-0.005227011774518578,0.02673648078560148,0.00207947370519845,0.027321882581191302,False
2.1559999999998736,thumb_ik,-0.005239326290753021,0.0267316198998388,0.002063294255457957,0.02731825810030792,False
2.1569999999998735,thumb_ik,-0.005251662216481559,0.026726741569334883,0.002047081834784366,0.027314633715068145,False
2.1579999999998734,thumb_ik,-0.00526401955960254,0.026721846537409374,0.002030836476681404,0.027311010253883966,False
2.1589999999998732,thumb_ik,-0.005276398330897644,0.02671693539422275,0.002014558273049777,0.027307388400227603,False
2.159999999999873,thumb_ik,-0.005288807612904137,0.026712003829210157,0.001998238691053065,0.027303765169010525,False
2.160999999999873,thumb_ik,-0.005301237371067691,0.026707057968115344,0.001981887333960236,0.027300145427839574,False
2.161999999999873,thumb_ik,-0.005313687728890501,0.026702097924073603,0.0019655041955451424,0.027296529405213456,False
2.162999999999873,thumb_ik,-0.005326158816882337,0.02669712369510588,0.0019490893019194627,0.027292917221163702,False
2.1639999999998727,thumb_ik,-0.005338650681619386,0.02669213512045507,0.0019326426593330379,0.027289308823010887,False
2.1649999999998726,thumb_ik,-0.005351163421119645,0.02668713203759282,0.0019161642779702177,0.027285704167047096,False
2.1659999999998725,thumb_ik,-0.005363699930532817,0.026682113931019144,0.001899648414266937,0.027282103014073356,False
2.1669999999998724,thumb_ik,-0.005376260012144196,0.026677080361355507,0.001883095748717277,0.027278505052939345,False
2.1679999999998723,thumb_ik,-0.00538884351404656,0.026672030839608535,0.0018665069366844318,0.027274909929688156,False
2.168999999999872,thumb_ik,-0.005401450293672866,0.02666696481239117,0.0018498825106008782,0.027271317219440545,False
2.169999999999872,thumb_ik,-0.005414080238618585,0.02666188167581386,0.001833222984328052,0.027267726451531818,False
2.170999999999872,thumb_ik,-0.005426733244176932,0.026656780778837763,0.0018165288167376822,0.027264137106031944,False
2.171999999999872,thumb_ik,-0.005439409256723843,0.026651661440389468,0.0017998004319255759,0.027260548640664503,False
2.1729999999998717,thumb_ik,-0.005452108203306633,0.02664652291988183,0.0017830381956311925,0.02725696044659842,False
2.1739999999998716,thumb_ik,-0.0054648300211029704,0.026641364439142376,0.0017662424306635269,0.02725337187693707,False
2.1749999999998715,thumb_ik,-0.005477574675717203,0.026636185183051234,0.0017494134452347605,0.027249782253005703,False
2.1759999999998714,thumb_ik,-0.005490342130690676,0.02663098431263193,0.0017325515233764244,0.02724619087052058,False
2.1769999999998713,thumb_ik,-0.005503135612686727,0.026625756012427143,0.0017156560587073058,0.027242592764212075,False
2.177999999999871,thumb_ik,-0.005515957984162517,0.026620493744247825,0.0016987264163429612,0.027238982196627046,False
2.178999999999871,thumb_ik,-0.00552880856376671,0.026615196472966396,0.0016817628939543444,0.027235358155545977,False
2.179999999999871,thumb_ik,-0.00554168671146997,0.02660986338637765,0.0016647658584899062,0.027231719857793744,False
2.180999999999871,thumb_ik,-0.005554591906948292,0.026604493559255496,0.0016477355825445066,0.02722806642689095,False
2.1819999999998707,thumb_ik,-0.005567523632511076,0.026599086063670688,0.001630672340683488,0.02722439698329055,False
2.1829999999998706,thumb_ik,-0.005580481825477143,0.02659363978848346,0.0016135760163296514,0.027220710537466976,False
2.1839999999998705,thumb_ik,-0.00559346561294892,0.0265881541539901,0.0015964473197378933,0.027217006501896592,False
2.1849999999998704,thumb_ik,-0.005606474574777115,0.026582628352889173,0.0015792865150330432,0.027213284131137404,False
2.1859999999998703,thumb_ik,-0.0056195083606613155,0.026577061623046058,0.0015620938706673825,0.0272095427376409,False
2.18699999999987,thumb_ik,-0.00563256663005178,0.02657145321137523,0.0015448696578313909,0.027205781644091095,False
2.18799999999987,thumb_ik,-0.0056456490609379795,0.026565802397970156,0.0015276141675418242,0.027202000209766583,False
2.18899999999987,thumb_ik,-0.005658755348940031,0.02656010847822557,0.0015103276333671353,0.027198197808575103,False
2.18999999999987,thumb_ik,-0.005671885193933718,0.026554370784283396,0.0014930103303292148,0.02719437385285489,False
2.1909999999998697,thumb_ik,-0.00568503832039452,0.02654858867044424,0.001475662556062074,0.027190527782228833,False
2.1919999999998696,thumb_ik,-0.00569821444830218,0.026542761520516808,0.0014582845803271724,0.027186659061956976,False
2.1929999999998695,thumb_ik,-0.005711413318853914,0.02653688872155456,0.001440876660450903,0.02718276716358332,False
2.1939999999998694,thumb_ik,-0.005724634540411749,0.02653096943845261,0.0014234391177555608,0.0271788513165538,False
2.1949999999998693,thumb_ik,-0.005737877726907134,0.026525009462147683,0.0014059734962240111,0.027174917281346883,False
2.195999999999869,thumb_ik,-0.005751142680255519,0.02651900792436862,0.0013884799130172987,0.027170964279727632,False
2.196999999999869,thumb_ik,-0.005764429223932735,0.026512964002064626,0.0013709585512139758,0.027166991585408407,False
2.197999999999869,thumb_ik,-0.005777737188236015,0.02650687689438619,0.0013534095428229566,0.027162998492454293,False
2.198999999999869,thumb_ik,-0.005791066045714263,0.02650075885883249,0.0013358354735244458,0.02715899708111733,False
2.1999999999998687,thumb_ik,-0.005804415693237933,0.026494608096597858,0.0013182361599740067,0.027154985662041484,False
2.2009999999998686,thumb_ik,-0.005817785878728138,0.02648843089231505,0.0013006129398986307,0.027150970474130582,False
2.2019999999998685,thumb_ik,-0.005831179353148058,0.026482223482478015,0.0012829609531522929,0.027146948300532856,False
2.2029999999998684,thumb_ik,-0.005844595621418036,0.026475983317544208,0.0012652804687352977,0.027142916668503794,False
2.2039999999998683,thumb_ik,-0.005858034272863036,0.026469708082484292,0.001247571743287025,0.027138873351129012,False
2.204999999999868,thumb_ik,-0.005871502879321852,0.026463391150443716,0.001229828147080718,0.027134813331118005,False
2.205999999999868,thumb_ik,-0.005884992571048991,0.02645703566645044,0.001212057182199626,0.02713073822125108,False
2.206999999999868,thumb_ik,-0.005898503062553517,0.026450639681241575,0.0011942590760415268,0.027126646174315986,False
2.207999999999868,thumb_ik,-0.005912033899038882,0.026444201123676805,0.0011764342690594246,0.02712253519644268,False
2.2089999999998677,thumb_ik,-0.0059255848504719405,0.026437718274785707,0.0011585829491866234,0.02711840367439106,False
2.2099999999998676,thumb_ik,-0.005939155681408501,0.026431189562407045,0.001140705326267654,0.027114250137764778,False
2.2109999999998675,thumb_ik,-0.005952746166347944,0.026424613554059978,0.0011228016018842851,0.027110073254042938,False
2.2119999999998674,thumb_ik,-0.005966356092467456,0.026417988857792146,0.0011048719749306192,0.027105871732772967,False
2.2129999999998673,thumb_ik,-0.005979985222905604,0.02641131421900511,0.001086916693584114,0.027101644413946226,False
2.213999999999867,thumb_ik,-0.005993633350336508,0.026404588406918172,0.0010689359823815997,0.027097390166055727,False
2.214999999999867,thumb_ik,-0.006007300279491173,0.02639781028926773,0.0010509300684116082,0.027093107956172834,False
2.215999999999867,thumb_ik,-0.006020985801362691,0.026390978766727788,0.0010328991776051427,0.02708879678016699,False
2.216999999999867,thumb_ik,-0.006034689704581403,0.026384092781544743,0.0010148435523439428,0.02708445567426963,False
2.2179999999998667,thumb_ik,-0.006048411787312996,0.026377151377753275,0.0009967634153439202,0.02708008377498095,False
2.2189999999998666,thumb_ik,-0.0060621518406980685,0.026370153672899882,0.0009786590364822302,0.027075680290284905,False
2.2199999999998665,thumb_ik,-0.006075909641623661,0.02636309879119364,0.0009605306578290007,0.027071244430059736,False
2.2209999999998664,thumb_ik,-0.006089685343370593,0.026355985693305786,0.0009423782579836212,0.02706677532008795,False
2.2219999999998663,thumb_ik,-0.006103478345854993,0.026348813808191124,0.0009242024475327737,0.027062272394997977,False
2.222999999999866,thumb_ik,-0.006117288768566195,0.026341582179464487,0.0009060031682847844,0.027057734852282984,False
2.223999999999866,thumb_ik,-0.00613111610256642,0.02633428936376557,0.0008877809117486223,0.02705316129225845,False
2.224999999999866,thumb_ik,-0.0061449626932432305,0.026326933288826876,0.0008695337433375951,0.027048550272177146,False
2.225999999999866,thumb_ik,-0.006158833549300871,0.026319501421425445,0.0008512608179447878,0.027043890821044556,False
2.2269999999998658,thumb_ik,-0.006172725036264398,0.02631199490376336,0.0008329648454411705,0.027039183431138137,False
2.2279999999998656,thumb_ik,-0.006186636725170558,0.026304412830198465,0.000814645875323091,0.027034427240334124,False
2.2289999999998655,thumb_ik,-0.0062005675183217646,0.026296755143174075,0.0007963045645138327,0.027029622075951866,False
2.2299999999998654,thumb_ik,-0.0062145167545214625,0.026289021596086884,0.0007779412469247106,0.027024767668851795,False
2.2309999999998653,thumb_ik,-0.006228483803963611,0.026281212032791337,0.0007595562652198545,0.02701986384363933,False
2.231999999999865,thumb_ik,-0.006242460204710851,0.02627309841984142,0.0007411659098419572,0.027014687429100195,False
2.232999999999865,thumb_ik,-0.006256440642101568,0.02626456848424269,0.0007227802577071847,0.027009128428598837,False
2.233999999999865,thumb_ik,-0.006270424599260818,0.026255663674528334,0.0007043996579921899,0.027003227187192672,False
2.234999999999865,thumb_ik,-0.006284419032378891,0.026246641799989937,0.0006860091639008595,0.026997235727467747,False
2.2359999999998648,thumb_ik,-0.006298423168210415,0.02623751118252507,0.0006676091236240862,0.02699116206095847,False
2.2369999999998647,thumb_ik,-0.006312436334087332,0.026228279157990073,0.0006491998707660318,0.026985013257983866,False
2.2379999999998645,thumb_ik,-0.006326460264684017,0.0262189513735874,0.0006307779551293219,0.02697879521846451,False
2.2389999999998644,thumb_ik,-0.006340493953618909,0.02620953358712297,0.0006123441840101308,0.026972513413289757,False
2.2399999999998643,thumb_ik,-0.006354536482500214,0.026200030935473614,0.0005938992143858859,0.026966172720726402,False
2.240999999999864,thumb_ik,-0.006368579303311445,0.026190220694683825,0.0005754594290934556,0.026959555187972675,False
2.241999999999864,thumb_ik,-0.006382621772342986,0.026180134589220902,0.0005570252831623573,0.026952691608902245,False
2.242999999999864,thumb_ik,-0.006396663191573254,0.026169801538535098,0.0005385972345229306,0.026945610023411566,False
2.243999999999864,thumb_ik,-0.006410710499857031,0.02615947413758317,0.0005201600135552945,0.026938557175683362,False
2.2449999999998638,thumb_ik,-0.006424762938821979,0.026149149517164724,0.0005017140159272737,0.026931530150455144,False
2.2459999999998637,thumb_ik,-0.0064388198508088385,0.02613882456703069,0.0004832595190994715,0.026924525819036767,False
2.2469999999998636,thumb_ik,-0.0064528728881595165,0.026128264023978887,0.0004648127643981613,0.026917314136507768,False
2.2479999999998634,thumb_ik,-0.0064669216612487646,0.026117492823193672,0.0004463739231990657,0.026909919301655545,False
2.2489999999998633,thumb_ik,-0.006480975871441877,0.026106764080993994,0.0004279252252442356,0.02690258907661659,False
2.249999999999863,thumb_ik,-0.006495032384221319,0.02609607252111376,0.0004094689370636069,0.02689531765028501,False
2.250999999999863,thumb_ik,-0.006509082945460307,0.026085175572991712,0.0003910213680046182,0.026887867955174914,False
2.251999999999863,thumb_ik,-0.006523127331643272,0.02607409485870986,0.00037258251898309586,0.0268802609849548,False
2.252999999999863,thumb_ik,-0.006537165275740053,0.026062849776040453,0.00035415238571810323,0.02687251555405826,False
2.253999999999863,thumb_ik,-0.006551206678589744,0.026051693305289045,0.0003357128715541502,0.0268648792320116,False
2.2549999999998627,thumb_ik,-0.006565248611727512,0.026040615328285596,0.0003172660145113679,0.026857341523938972,False
2.2559999999998626,thumb_ik,-0.006579282719707216,0.026029371587566616,0.0002988297020215351,0.026849663788216575,False
2.2569999999998624,thumb_ik,-0.006593309154444754,0.02601798888692347,0.0002804050548316228,0.026841872109093532,False
2.2579999999998623,thumb_ik,-0.006607327522730175,0.026006482402853734,0.00026199187572245597,0.026833981137831805,False
2.2589999999998622,thumb_ik,-0.0066213379710304,0.02599487302873181,0.00024359071613711328,0.026826011197035718,False
2.259999999999862,thumb_ik,-0.006635348093427168,0.02598341683748996,0.0002251846477927255,0.026818212151396407,False
2.260999999999862,thumb_ik,-0.006649349711204747,0.02597184809661482,0.0002067898376911792,0.02681032463758143,False
2.261999999999862,thumb_ik,-0.006663342866148822,0.025960178516021074,0.0001884056780270503,0.02680236003480013,False
2.262999999999862,thumb_ik,-0.0066773335638819625,0.025948414646512666,0.00017002701786881375,0.02679432617882941,False
2.2639999999998617,thumb_ik,-0.006691323506707467,0.025936820561574925,0.00015164129811198745,0.026786479167633152,False
2.2649999999998616,thumb_ik,-0.006705304161348943,0.025925122360977132,0.00013326532734375673,0.02677855173408958,False
2.2659999999998615,thumb_ik,-0.006719275662589036,0.025913330123823505,0.00011489859083973347,0.026770553696595388,False
2.2669999999998613,thumb_ik,-0.006733238089106031,0.025901452723488663,9.654063199629817e-05,0.026762493688842464,False
2.2679999999998612,thumb_ik,-0.006747191518885601,0.025889497949539958,7.819098728158169e-05,0.026754379292038295,False
2.268999999999861,thumb_ik,-0.006761135978267094,0.0258774726912602,5.9849244769177856e-05,0.02674621720048715,False
2.269999999999861,thumb_ik,-0.006775071477530814,0.02586538296276067,4.1515042275886566e-05,0.02673801325518889,False
2.270999999999861,thumb_ik,-0.006788998010995417,0.025853234049655865,2.3188041451096403e-05,0.02672977258610427,False
2.271999999999861,thumb_ik,-0.006802915572600363,0.025841030457547223,4.867891526656731e-06,0.026721499566681874,False
2.2729999999998607,thumb_ik,-0.0068168241222219955,0.025828776126029032,-1.344572831027055e-05,0.026713198012769734,False
2.2739999999998606,thumb_ik,-0.006830723676087239,0.025816474392079514,-3.1753130589083634e-05,0.02670487117057969,False
2.2749999999998605,thumb_ik,-0.006844614203648333,0.025804128100817253,-5.0054609276314194e-05,0.02669652179786874,False
2.2759999999998604,thumb_ik,-0.006858501067310799,0.025791728739508732,-6.835128543552713e-05,0.026688143063183036,False
2.2769999999998602,thumb_ik,-0.006872382078868783,0.025779145599608713,-8.66377799321541e-05,0.026679608119099005,False
2.27799999999986,thumb_ik,-0.006886256554324052,0.025766397020660803,-0.00010491387034216107,0.026670934585771064,False
2.27899999999986,thumb_ik,-0.0069001238513199115,0.025753499753189357,-0.00012317930630252952,0.026662138545933998,False
2.27999999999986,thumb_ik,-0.0069139854798530714,0.025740467608898435,-0.00014143551003196683,0.026653233798994574,False
2.28099999999986,thumb_ik,-0.006927838457412114,0.02572731566311616,-0.0001596805518184509,0.026644234175525656,False
2.2819999999998597,thumb_ik,-0.00694168254550763,0.025714055958602808,-0.00017791459203116491,0.026635151285600376,False
2.2829999999998596,thumb_ik,-0.006955523238111314,0.025700695244297536,-0.00019614179632873596,0.026625993148809146,False
2.2839999999998595,thumb_ik,-0.006969353062472414,0.02568724848423097,-0.000214357221028659,0.026616772265213282,False
2.2849999999998594,thumb_ik,-0.006983171691755233,0.025673724346773577,-0.00023256099148570922,0.026607496938370712,False
2.2859999999998593,thumb_ik,-0.006996978808145843,0.025660130613931548,-0.0002507532082920705,0.026598174612877813,False
2.286999999999859,thumb_ik,-0.0070107740963322035,0.025646474215265905,-0.0002689339813568177,0.0265888119063344,False
2.287999999999859,thumb_ik,-0.007024557307689666,0.025632761212710936,-0.00028710343237491054,0.026579414612397993,False
2.288999999999859,thumb_ik,-0.007038328186493539,0.025618996920483736,-0.0003052617274338573,0.026569987798167702,False
2.289999999999859,thumb_ik,-0.00705209269550898,0.025605181615245748,-0.00032341331331108697,0.026560533373917717,False
2.2909999999998587,thumb_ik,-0.007065843786024359,0.02559132431287514,-0.0003415536466000041,0.026551058121829327,False
2.2919999999998586,thumb_ik,-0.0070795813829988286,0.025577428307559116,-0.0003596830020385286,0.026541565199678513,False
2.2929999999998585,thumb_ik,-0.007093307447854413,0.02556349501751924,-0.0003778030885481891,0.026532056521013113,False
2.2939999999998584,thumb_ik,-0.0071070216963144,0.025549526976176393,-0.00039591399610483524,0.026522534456393125,False
2.2949999999998583,thumb_ik,-0.007120721830943991,0.025535527701849692,-0.0004140143957943876,0.0265130017599958,False
2.295999999999858,thumb_ik,-0.007134407881305205,0.02552149858859229,-0.0004321045618792471,0.026503459781257708,False
2.296999999999858,thumb_ik,-0.007148079854523745,0.025507441374759063,-0.00045018488478945975,0.026493910196947364,False
2.297999999999858,thumb_ik,-0.0071617397700178,0.02549335639179516,-0.0004682573206558245,0.02648435390132985,False
2.298999999999858,thumb_ik,-0.007175385684142388,0.025479246469333652,-0.0004863209152892248,0.026474793075563306,False
2.2999999999998577,thumb_ik,-0.007188844770736433,0.025457293293044136,-0.0005039046901627667,0.026457649005204194,False
2.3009999999998576,thumb_ik,-0.007202123705913027,0.02542899856610356,-0.0005210346698582072,0.026434372152131128,False
2.3019999999998575,thumb_ik,-0.007215175979589192,0.025396356954626054,-0.0005375121420792273,0.02640686710471552,False
2.3029999999998574,thumb_ik,-0.0072280066877076915,0.025360310274369163,-0.0005533787284689243,0.026376043029744684,False
2.3039999999998573,thumb_ik,-0.00724061692704199,0.025321574186986925,-0.0005686614882268355,0.026342589635027187,False
2.304999999999857,thumb_ik,-0.007253000021276879,0.02528069423042767,-0.0005833742217967904,0.0263070301547643,False
2.305999999999857,thumb_ik,-0.0072651494504240854,0.025238146241451945,-0.0005975274991517933,0.026269820352529154,False
2.306999999999857,thumb_ik,-0.007277058981854878,0.02519442847963521,-0.00061113420526826,0.026231437224401133,False
2.307999999999857,thumb_ik,-0.007288721909507023,0.025149989807448064,-0.0006242048142582404,0.026192309673623907,False
2.3089999999998567,thumb_ik,-0.007300130942854546,0.025105211157591803,-0.0006367459659446136,0.026152800700407618,False
2.3099999999998566,thumb_ik,-0.007311278750198519,0.025060416066205418,-0.0006487614577064191,0.026113217760426164,False
2.3109999999998565,thumb_ik,-0.007322158340151638,0.025015879609620317,-0.0006602530142958106,0.02607382153509831,False
2.3119999999998564,thumb_ik,-0.00733276351344829,0.0249718343107065,-0.0006712212383334915,0.026034831813098524,False
2.3129999999998563,thumb_ik,-0.007343090923700571,0.02492847411725453,-0.0006816673280866242,0.0259964319950747,False
2.313999999999856,thumb_ik,-0.007353134733632735,0.024885965384704417,-0.0006915898878843418,0.025958778093598443,False
2.314999999999856,thumb_ik,-0.007362894297511441,0.024844437769474273,-0.0007009910532003033,0.025921992380491764,False
2.315999999999856,thumb_ik,-0.007372384568828841,0.024803988442809982,-0.0007098777297621026,0.02588617050266356,False
2.316999999999856,thumb_ik,-0.007381604066663244,0.024764698665239546,-0.000718252991834728,0.025851388085311323,False
2.3179999999998557,thumb_ik,-0.0073905577690457636,0.024726622758038344,-0.0007261247668682719,0.0258176969215498,False
2.3189999999998556,thumb_ik,-0.00739924643967696,0.02468980365747664,-0.0007334989866769233,0.02578513667373658,False
2.3199999999998555,thumb_ik,-0.007407666987146136,0.024654275013412566,-0.0007403797791400747,0.02575373698799445,False
2.3209999999998554,thumb_ik,-0.0074158235761276475,0.024620051963322606,-0.0007467762463036036,0.025723512060972533,False
2.3219999999998553,thumb_ik,-0.0074237210338284065,0.02458713925347769,-0.0007526984683042803,0.02569446644011503,False
2.322999999999855,thumb_ik,-0.007431364775137783,0.024555532786332615,-0.0007581574137334804,0.025666596492441567,False
2.323999999999855,thumb_ik,-0.007438761565392457,0.0245252194411405,-0.0007631655832751189,0.025639890482807286,False
2.324999999999855,thumb_ik,-0.007445918080491762,0.02449618054307505,-0.000767735826424018,0.025614331448614813,False
2.325999999999855,thumb_ik,-0.007452841752442249,0.02446839107227028,-0.0007718820547912564,0.02558989671255066,False
2.3269999999998547,thumb_ik,-0.007459545470543491,0.02444181595744639,-0.0007756219127614261,0.02556655579612441,False
2.3279999999998546,thumb_ik,-0.007466031746585042,0.024416425853086593,-0.0007789674451057077,0.025544280607619888,False
2.3289999999998545,thumb_ik,-0.00747230903928045,0.02439218224210131,-0.0007819346922822955,0.025523036237356037,False
2.3299999999998544,thumb_ik,-0.007478385080582087,0.024369042525431095,-0.0007845393751581102,0.02550278375101266,False
2.3309999999998543,thumb_ik,-0.007484267616770818,0.024346961808603226,-0.0007867978957142308,0.025483482140353755,False
2.331999999999854,thumb_ik,-0.007489965244577276,0.02432589580485517,-0.0007887275775953183,0.02546509134610173,False
2.332999999999854,thumb_ik,-0.007495486448038241,0.024305799074549383,-0.0007903458930434391,0.02544757026467834,False
2.333999999999854,thumb_ik,-0.007500839090867767,0.024286623672350224,-0.0007916699698942709,0.025430875285972456,False
2.334999999999854,thumb_ik,-0.007506031385628234,0.024268323580027715,-0.0007927172775286338,0.025414964828404895,False
2.3359999999998537,thumb_ik,-0.007511071311811918,0.024250852817914198,-0.0007935051369661571,0.025399797342688636,False
2.3369999999998536,thumb_ik,-0.0075159668127917495,0.024234165310215453,-0.0007940508210168042,0.025385331239126948,False
2.3379999999998535,thumb_ik,-0.007520725077155954,0.024218215542216828,-0.000794371132332692,0.02537152528389491,False
2.3389999999998534,thumb_ik,-0.007525353264132173,0.024202958259287602,-0.0007944827431890684,0.025358338531536878,False
2.3399999999998533,thumb_ik,-0.007529858251811641,0.024188349014206925,-0.0007944019565084594,0.02534573076070141,False
2.340999999999853,thumb_ik,-0.007534246555661969,0.02417434508500596,-0.0007941444545699269,0.02533366331317246,False
2.341999999999853,thumb_ik,-0.0075385244687583425,0.024160904320099055,-0.0007937256189473156,0.02532209803885181,False
2.342999999999853,thumb_ik,-0.007542699573111877,0.02414798457812345,-0.0007931612540067225,0.025310997230657814,False
2.343999999999853,thumb_ik,-0.007546775836768105,0.024135548483936287,-0.0007924644995270583,0.025300326601328228,False
2.3449999999998528,thumb_ik,-0.007550758716951919,0.02412355874050011,-0.0007916489631918898,0.025290052423609315,False
2.3459999999998526,thumb_ik,-0.00755464763113764,0.024111993790982847,-0.0007907305808060837,0.025280154276793306,False
2.3469999999998525,thumb_ik,-0.00755844862143204,0.024100815948824475,-0.0007897215317793395,0.025270598233118582,False
2.3479999999998524,thumb_ik,-0.007562167150371724,0.024089991008939576,-0.0007886330863702898,0.025261353506213176,False
2.3489999999998523,thumb_ik,-0.007565812888196216,0.024079482888556283,-0.0007874785996842236,0.025252388864906057,False
2.349999999999852,thumb_ik,-0.007569389970645449,0.0240692621029088,-0.0007862678426403709,0.025243677620873706,False
2.350999999999852,thumb_ik,-0.007572897986361016,0.02405930563155874,-0.0007850073228526412,0.025235197797550884,False
2.351999999999852,thumb_ik,-0.0075763411457232255,0.02404958785024107,-0.0007837059760561066,0.02522692640770468,False
2.352999999999852,thumb_ik,-0.007579723385136086,0.024040085059951685,-0.0007823721054839618,0.025218842209671927,False
2.3539999999998518,thumb_ik,-0.007583048543776075,0.024030775202917895,-0.0007810136128338883,0.025210925495385325,False
2.3549999999998517,thumb_ik,-0.007586319990155632,0.024021638162779718,-0.0007796376495446886,0.025203158252114704,False
2.3559999999998515,thumb_ik,-0.007589540633399075,0.024012655680883913,-0.0007782507239139404,0.025195524087900507,False
2.3569999999998514,thumb_ik,-0.007592713398750228,0.02400381083857786,-0.0007768589592443385,0.025188007888126987,False
2.3579999999998513,thumb_ik,-0.007595840916262087,0.023995089370735495,-0.000775467678294537,0.025180596959858286,False
2.358999999999851,thumb_ik,-0.007598925800960193,0.02398647582642484,-0.0007740823467793714,0.02517327748585307,False
2.359999999999851,thumb_ik,-0.0076019702570177955,0.023977958185384576,-0.0007727074618860026,0.02516603876954593,False
2.360999999999851,thumb_ik,-0.007604976449793896,0.023969524777064155,-0.0007713473253812275,0.02515887043443296,False
2.361999999999851,thumb_ik,-0.007607946595024895,0.023961164334267218,-0.0007700060009223422,0.0251517625006274,False
2.3629999999998508,thumb_ik,-0.007610882274383696,0.02395286863856806,-0.000768686617649051,0.02514470767631189,False
2.3639999999998507,thumb_ik,-0.007613785236169526,0.023944629086313868,-0.0007673923590380861,0.025137698357971663,False
2.3649999999998506,thumb_ik,-0.007616657307239122,0.02393643692894573,-0.0007661263031736171,0.02513072682796362,False
2.3659999999998504,thumb_ik,-0.007619499951774564,0.023928285494126567,-0.0007648909234841128,0.025123787221045097,False
2.3669999999998503,thumb_ik,-0.007622314523012319,0.023920169831284976,-0.0007636881773793042,0.02511687526499882,False
2.3679999999998502,thumb_ik,-0.007625102489768665,0.023912084379848556,-0.0007625201075416865,0.025109986146608664,False
2.36899999999985,thumb_ik,-0.007627864823624597,0.023904024634471138,-0.0007613882812967758,0.025103115894402204,False
2.36999999999985,thumb_ik,-0.007630602676237039,0.023895985753120463,-0.000760294339403892,0.025096260275157763,False
2.37099999999985,thumb_ik,-0.007633319887888221,0.023887957025171186,-0.0007592377912867578,0.025089410223657575,False
2.37199999999985,thumb_ik,-0.007636017011773924,0.02387993687946366,-0.0007582198669395523,0.02508256443304574,False
2.3729999999998497,thumb_ik,-0.007638694723065109,0.023871923759681182,-0.0007572416966124124,0.025075721645593813,False
2.3739999999998496,thumb_ik,-0.007641353304725429,0.023863916737905305,-0.0007563039940026925,0.025068881070615407,False
2.3749999999998495,thumb_ik,-0.007643993265225357,0.023855914872558295,-0.0007554074042835993,0.02506204197171502,False
2.3759999999998493,thumb_ik,-0.007646615061121229,0.023847917406244035,-0.0007545524593424099,0.025055203769315127,False
2.3769999999998492,thumb_ik,-0.007649219139725383,0.023839923746261288,-0.000753739529610567,0.025048366033607692,False
2.377999999999849,thumb_ik,-0.0076518056443961036,0.0238319342259512,-0.0007529686822211994,0.02504152911477417,False
2.378999999999849,thumb_ik,-0.007654379515576432,0.023823944248463416,-0.0007522424956999778,0.025034690213675624,False
2.379999999999849,thumb_ik,-0.007656936373190912,0.0238159579360549,-0.0007515584045565994,0.02502785182692454,False
2.380999999999849,thumb_ik,-0.007659476861535702,0.023807974944600505,-0.0007509165568898198,0.02502101381700065,False
2.3819999999998487,thumb_ik,-0.007662001277396691,0.023799993291548957,-0.0007503173077517654,0.025014174388032794,False
2.3829999999998486,thumb_ik,-0.007664510046908393,0.02379201322475588,-0.0007497604906857545,0.025007333891071074,False
2.3839999999998485,thumb_ik,-0.007667003540932402,0.023784035177473697,-0.0007492458501456335,0.025000492834421018,False
2.3849999999998484,thumb_ik,-0.007669482299930877,0.023776059460276208,-0.0007487731793373274,0.024993651663605256,False
2.3859999999998482,thumb_ik,-0.007671950655905105,0.02376808292640492,-0.0007483442631654805,0.024986808759809978,False
2.386999999999848,thumb_ik,-0.007674404209040045,0.023760110357867292,-0.0007479561763315649,0.024979967226229034,False
2.387999999999848,thumb_ik,-0.007676843298066102,0.023752143903716216,-0.0007476081277949971,0.0249731291783519,False
2.388999999999848,thumb_ik,-0.0076792683108987125,0.023744183739169464,-0.0007472997769687149,0.024966294883039218,False
2.389999999999848,thumb_ik,-0.007681679589616783,0.023736230093734753,-0.0007470307470984483,0.02495946464404565,False
2.3909999999998477,thumb_ik,-0.007684078851129442,0.023728281928054054,-0.000746801452476669,0.024952638005970685,False
2.3919999999998476,thumb_ik,-0.007686464829573317,0.02372034055524104,-0.0007466106957765804,0.024945815784694802,False
2.3929999999998475,thumb_ik,-0.0076888378967450155,0.023712406681607567,-0.0007464579333724582,0.024938998742585157,False
2.3939999999998474,thumb_ik,-0.007691198541603786,0.023704480393335822,-0.0007463428745835485,0.024932187096419204,False
2.3949999999998473,thumb_ik,-0.007693550956386144,0.02369655843352797,-0.000746267144121928,0.024925379085633012,False
2.395999999999847,thumb_ik,-0.007695890819955781,0.023688645289495283,-0.0007462278084394806,0.02491857754981803,False
2.396999999999847,thumb_ik,-0.007698218640478954,0.023680741046975012,-0.0007462245797606112,0.02491178271208112,False
2.397999999999847,thumb_ik,-0.007700534515107146,0.023672846162111946,-0.0007462569017929327,0.024904995012985816,False
2.398999999999847,thumb_ik,-0.00770284281005898,0.023664957178123627,-0.0007463265057069783,0.024898212563395448,False
2.3999999999998467,thumb_ik,-0.007705139023167676,0.023657078677504315,-0.0007464304959119289,0.02489143823496742,False
2.4009999999998466,thumb_ik,-0.007707423696749524,0.023649210616930094,-0.000746568580139096,0.024884672139491533,False
2.4019999999998465,thumb_ik,-0.0077096969581688934,0.023641353341171373,-0.0007467402300262611,0.02487791462241265,False
2.4029999999998464,thumb_ik,-0.007711959121034631,0.02363350698548894,-0.0007469450411480769,0.024871165891693928,False
2.4039999999998463,thumb_ik,-0.007714210484250333,0.023625671819590646,-0.0007471825883183757,0.02486442627817106,False
2.404999999999846,thumb_ik,-0.00771645132686781,0.023617847925259464,-0.0007474524861413208,0.024857695929422777,False
2.405999999999846,thumb_ik,-0.007718682099872712,0.023610035203903493,-0.0007477544479991514,0.024850974878321375,False
2.406999999999846,thumb_ik,-0.007720902227443663,0.023602228624190827,-0.0007480883231564713,0.024844258157038227,False
2.407999999999846,thumb_ik,-0.007723111957794876,0.023594429295596714,-0.000748453680226413,0.024837546879854924,False
2.4089999999998457,thumb_ik,-0.0077253148474863,0.023586628497034925,-0.0007488525978161208,0.024830833928065895,False
2.4099999999998456,thumb_ik,-0.007727506626026004,0.02357883248796505,-0.0007492822581192694,0.02482412383253686,False
2.4109999999998455,thumb_ik,-0.007729687503697527,0.023571043260361635,-0.0007497422156441599,0.024817418533694763,False
2.4119999999998454,thumb_ik,-0.007731857468599751,0.023563254136148903,-0.0007502308051509886,0.02481071163148042,False
2.4129999999998453,thumb_ik,-0.0077340165288677515,0.023555468734225538,-0.0007507475960100117,0.024804006549563544,False
2.413999999999845,thumb_ik,-0.007736164897464287,0.02354768999787385,-0.0007512922398300488,0.024797306135674407,False
2.414999999999845,thumb_ik,-0.007738302928474661,0.02353992023607536,-0.0007518644974718706,0.024790612682146208,False
2.415999999999845,thumb_ik,-0.007740434515006361,0.023532158085734528,-0.0007524659232446967,0.0247839261542385,False
2.416999999999845,thumb_ik,-0.00774255545674668,0.02352440872149779,-0.0007530939940274713,0.024777250074629335,False
2.4179999999998447,thumb_ik,-0.007744665197391032,0.023516665810931286,-0.000753748993162752,0.024770578261869427,False
2.4189999999998446,thumb_ik,-0.007746764064427328,0.023508931905124514,-0.0007544305123401221,0.02476391322444079,False
2.4199999999998445,thumb_ik,-0.0077488523253280706,0.02350120918662231,-0.0007551381841726969,0.024757257103126727,False
2.4209999999998444,thumb_ik,-0.007750930244190407,0.023493499481698182,-0.0007558716292680144,0.02475061169884071,False
2.4219999999998443,thumb_ik,-0.007752998072200423,0.023485804283411044,-0.0007566304825205802,0.024743978492419348,False
2.422999999999844,thumb_ik,-0.007755056253574075,0.023478124591461674,-0.000757414500715755,0.024737358560569685,False
2.423999999999844,thumb_ik,-0.007757104860948674,0.023470461481381294,-0.000758223214125598,0.024730752928594703,False
2.424999999999844,thumb_ik,-0.007759144153484165,0.023462815585588145,-0.00075905630396534,0.024724162264280158,False
2.425999999999844,thumb_ik,-0.007761174387252309,0.023455187305960662,-0.0007599134745600034,0.02471758701645161,False
2.4269999999998437,thumb_ik,-0.0077631958467630074,0.02344757682236226,-0.0007607944465638054,0.024711027432822386,False
2.4279999999998436,thumb_ik,-0.00776520897035235,0.023439985679866465,-0.0007616985986195618,0.024704485094426167,False
2.4289999999998435,thumb_ik,-0.007767214012936799,0.023432413474377675,-0.0007626257496919572,0.02469795968882959,False
2.4299999999998434,thumb_ik,-0.00776921235684222,0.023424858689787498,-0.0007635762782549557,0.024691450220976012,False
2.4309999999998433,thumb_ik,-0.007771204118572725,0.02341732088288849,-0.0007645499397685614,0.02468495629720837,False
2.431999999999843,thumb_ik,-0.007773191919838315,0.023409796747912853,-0.0007655478177310167,0.024678475638954357,False
2.432999999999843,thumb_ik,-0.007775171863159749,0.023402289525836367,-0.0007665675738078928,0.02467201001941178,False
2.433999999999843,thumb_ik,-0.007777144299055697,0.02339479854472057,-0.0007676090815399057,0.024665558905049297,False
2.434999999999843,thumb_ik,-0.0077791095696085055,0.023387323117162254,-0.0007686721838071515,0.024659121744471872,False
2.4359999999998427,thumb_ik,-0.007781067984313356,0.02337986254938848,-0.0007697567378378602,0.02465269797081551,False
2.4369999999998426,thumb_ik,-0.007783019886552611,0.023372415694335347,-0.0007708627001604025,0.024646286601550854,False
2.4379999999998425,thumb_ik,-0.007784965536509966,0.023364981946618804,-0.0007719899114054136,0.024639887138414054,False
2.4389999999998424,thumb_ik,-0.007786905196247154,0.023357560692860796,-0.0007731382189013862,0.024633499076695188,False
2.4399999999998423,thumb_ik,-0.0077888374750927775,0.023350153809309243,-0.0007743044332139716,0.0246271236543593,False
2.440999999999842,thumb_ik,-0.00779076034789708,0.0233427648821527,-0.0007754824356176228,0.02462076343555939,False
2.441999999999842,thumb_ik,-0.0077926708775825915,0.023335397403108096,-0.0007766678362060332,0.024614420657311946,False
2.442999999999842,thumb_ik,-0.0077945669579055354,0.02332805419482538,-0.0007778564165955258,0.024608097187365414,False
2.443999999999842,thumb_ik,-0.00779644744632603,0.023320737388627708,-0.0007790439038174515,0.02460179453895055,False
2.4449999999998417,thumb_ik,-0.007798310185608073,0.023313449052961524,-0.0007802276142476541,0.02459551389229397,False
2.4459999999998416,thumb_ik,-0.007800155677086515,0.023306190281891292,-0.0007814031056820707,0.024589256289202378,False
2.4469999999998415,thumb_ik,-0.007801980787869145,0.02329896276849766,-0.0007825697146262196,0.024583022305248996,False
2.4479999999998414,thumb_ik,-0.007803784594735588,0.02329176727790125,-0.0007837253126322975,0.02457681228911928,False
2.4489999999998413,thumb_ik,-0.007805566298921304,0.023284604297142922,-0.0007848680813255446,0.024570626374320746,False
2.449999999999841,thumb_ik,-0.007807327030488878,0.02327747352369791,-0.000785994875336031,0.02456446451587158,False
2.450999999999841,thumb_ik,-0.007809064198045737,0.023270375578176378,-0.0007871061458084097,0.024558326475624444,False
2.451999999999841,thumb_ik,-0.007810777330369528,0.023263310285048383,-0.0007882007636810968,0.024552211883390872,False
2.452999999999841,thumb_ik,-0.007812466027716319,0.02325627730615397,-0.0007892777865836607,0.02454612024331642,False
2.4539999999998408,thumb_ik,-0.00781413006026839,0.02324927613268088,-0.0007903363412171786,0.024540050953995255,False
2.4549999999998406,thumb_ik,-0.007815769144348048,0.02324230617080271,-0.0007913757927238731,0.02453400332396623,False
2.4559999999998405,thumb_ik,-0.007817382971365722,0.023235366751239814,-0.0007923956949942475,0.024527976588440085,False
2.4569999999998404,thumb_ik,-0.007818971348511256,0.023228457103432493,-0.0007933956452891196,0.02452196992504491,False
2.4579999999998403,thumb_ik,-0.007820534706063031,0.02322157621866386,-0.0007943748182793267,0.024515982471030356,False
2.45899999999984,thumb_ik,-0.007822072299700847,0.02321472340018428,-0.0007953335330625165,0.024510013321857347,False
2.45999999999984,thumb_ik,-0.007823584037600084,0.023207897729386043,-0.0007962716284109703,0.02450406155553085,False
2.46099999999984,thumb_ik,-0.007825069867879758,0.023201098258922512,-0.0007971889895122992,0.02449812623737531,False
2.46199999999984,thumb_ik,-0.007826529750860858,0.023194324030167704,-0.0007980855608799471,0.024492206428168333,False
2.4629999999998398,thumb_ik,-0.007827964258344394,0.023187573902233957,-0.0007989608075993464,0.024486301196251718,False
2.4639999999998397,thumb_ik,-0.007829372817917638,0.023180847083419068,-0.0007998152550850075,0.024480409609912015,False
2.4649999999998395,thumb_ik,-0.007830755358374256,0.023174142645564985,-0.0008006490296305693,0.024474530755631437,False
2.4659999999998394,thumb_ik,-0.00783211201017922,0.02316745961861094,-0.0008014621158418771,0.024468663740447538,False
2.4669999999998393,thumb_ik,-0.007833444476959994,0.023160796584901958,-0.000802253139623562,0.02446280770722889,False
2.467999999999839,thumb_ik,-0.007834750884303382,0.02315415307552729,-0.0008030239809268223,0.024456961658758554,False
2.468999999999839,thumb_ik,-0.007836031325251958,0.023147528234402984,-0.000803774723529653,0.024451124802327567,False
2.469999999999839,thumb_ik,-0.007837285853573323,0.0231409212442841,-0.0008045055032512259,0.024445296371480983,False
2.470999999999839,thumb_ik,-0.007838515118460135,0.023134331139177497,-0.0008052159435690438,0.024439475633393274,False
2.4719999999998388,thumb_ik,-0.007839718564403422,0.02312775734247413,-0.0008059067433053083,0.0244336618733321,False
2.4729999999998387,thumb_ik,-0.007840896283202906,0.02312119911764557,-0.0008065780375761111,0.024427854414427384,False
2.4739999999998386,thumb_ik,-0.007842048379588212,0.023114655761242636,-0.0008072299521594932,0.024422052615294502,False
2.4749999999998384,thumb_ik,-0.007843174934101221,0.023108126603791662,-0.0008078626429797696,0.024416255860260392,False
2.4759999999998383,thumb_ik,-0.007844276050268537,0.023101611001542385,-0.0008084762480117108,0.02441046356509847,False
2.476999999999838,thumb_ik,-0.007845351825136002,0.023095108344958537,-0.0008090709119945687,0.024404675176411875,False
2.477999999999838,thumb_ik,-0.007846402343047454,0.02308861807824278,-0.0008096467943573514,0.024398890188358013,False
2.478999999999838,thumb_ik,-0.007847427698532208,0.02308213965108842,-0.0008102040405447951,0.024393108103383503,False
2.479999999999838,thumb_ik,-0.007848427995733473,0.02307567254134027,-0.0008107427857390638,0.02438732845360488,False
2.480999999999838,thumb_ik,-0.007849403320525208,0.02306921626220472,-0.0008112631789052305,0.02438155079944855,False
2.4819999999998377,thumb_ik,-0.00785035377686727,0.023062770350192677,-0.0008117653500655693,0.024375774728842316,False
2.4829999999998376,thumb_ik,-0.00785128118306734,0.023056333856869227,-0.000812247906542142,0.024369999872726377,False
2.4839999999998374,thumb_ik,-0.007852183705988974,0.023049906952037152,-0.0008127126884904176,0.024364225851937156,False
2.4849999999998373,thumb_ik,-0.007853061551609475,0.02304348922120729,-0.0008131597244000199,0.024358452330939456,False
2.4859999999998372,thumb_ik,-0.007853914739384155,0.02303708032906697,-0.0008135892041915213,0.024352678994611188,False
2.486999999999837,thumb_ik,-0.007854743458935179,0.023030679911610355,-0.0008140011627641892,0.02434690555059758,False
2.487999999999837,thumb_ik,-0.007855547730391987,0.0230242876764591,-0.0008143957812562982,0.02434113172474405,False
2.488999999999837,thumb_ik,-0.007856328811656113,0.023017897564892767,-0.0008147721392659166,0.02433535215162662,False
2.489999999999837,thumb_ik,-0.00785708597093901,0.02301150358491505,-0.0008151309867036674,0.0243295609438142,False
2.4909999999998367,thumb_ik,-0.007857817448483032,0.023005108496867613,-0.0008154739534375344,0.02432376018988573,False
2.4919999999998366,thumb_ik,-0.007858523353383023,0.022998714363106423,-0.00081580097218251,0.024317951864366333,False
2.4929999999998365,thumb_ik,-0.007859203798079112,0.022992323074621956,-0.0008161119516405003,0.024312137779823988,False
2.4939999999998363,thumb_ik,-0.007859860372368688,0.022985935889585793,-0.0008164054801030746,0.024306319583623146,False
2.4949999999998362,thumb_ik,-0.007860491460039004,0.022979554879199934,-0.0008166829077138026,0.024300498748199787,False
2.495999999999836,thumb_ik,-0.00786109724286145,0.02297318129821943,-0.0008169441001918722,0.024294676505058083,False
2.496999999999836,thumb_ik,-0.007861679469466712,0.022966815724708184,-0.0008171875434098384,0.02428885390656467,False
2.497999999999836,thumb_ik,-0.007862236418419655,0.022960457090878933,-0.0008174154386011122,0.024283029451048332,False
2.498999999999836,thumb_ik,-0.007862768306636944,0.022954106471534924,-0.000817627565877773,0.02427720420861717,False
2.4999999999998357,thumb_ik,-0.007863276878175132,0.022947764244255625,-0.0008178223782311263,0.02427137904024236,False
2.5009999999998356,thumb_ik,-0.007863762094609539,0.022941431110129584,-0.0008179999457994282,0.024265554590257508,False
2.5019999999998355,thumb_ik,-0.007864252407309438,0.02293540594940313,-0.0008181538803414268,0.024260022418821185,False
2.5029999999998354,thumb_ik,-0.007864745482424995,0.022929646815019827,-0.0008182848542175325,0.024254742106802847,False
2.5039999999998352,thumb_ik,-0.007865239118996836,0.02292411702159547,-0.0008183935578488094,0.02424967825836726,False
2.504999999999835,thumb_ik,-0.007865731256655448,0.022918784481941068,-0.0008184806845564704,0.02424479987466552,False
2.505999999999835,thumb_ik,-0.007866221501832277,0.022913620688193956,-0.0008185455620058554,0.024240079838882503,False
2.506999999999835,thumb_ik,-0.007866707923058464,0.02290860114062769,-0.0008185890006862651,0.02423549437744408,False
2.507999999999835,thumb_ik,-0.007867187245522725,0.022903704854613127,-0.0008186131113135202,0.02423102264968111,False
2.5089999999998347,thumb_ik,-0.007867658073194561,0.02289891304438324,-0.0008186184227478611,0.02422664645164474,False
2.5099999999998346,thumb_ik,-0.007868119119590025,0.02289420930431532,-0.0008186054524091206,0.024222349866116835,False
2.5109999999998345,thumb_ik,-0.007868569303572534,0.022889579291251655,-0.0008185746126783862,0.0242181189899658,False
2.5119999999998344,thumb_ik,-0.00786900897925602,0.022885010153649993,-0.0008185250617495955,0.024213941755215882,False
2.5129999999998343,thumb_ik,-0.007869435556648721,0.02288049149465833,-0.0008184586990100315,0.024209807551060055,False
2.513999999999834,thumb_ik,-0.0078698481785318,0.02287601387713198,-0.0008183758761191907,0.024205707185176166,False
2.514999999999834,thumb_ik,-0.007870246152862803,0.022871569090112537,-0.000818276909488741,0.024201632677384503,False
2.515999999999834,thumb_ik,-0.00787063036318486,0.02286714959783713,-0.000818160750955834,0.024197577152643916,False
2.516999999999834,thumb_ik,-0.007870999090388298,0.02286274962004667,-0.0008180287145323692,0.024193534629062305,False
2.5179999999998337,thumb_ik,-0.00787135134466635,0.02285836404861291,-0.0008178814944348085,0.02418949997641619,False
2.5189999999998336,thumb_ik,-0.007871686750729787,0.0228539883772918,-0.000817719263798377,0.024185468815910733,False
2.5199999999998335,thumb_ik,-0.007872005054620462,0.022849618753336104,-0.0008175421118619026,0.02418143742330978,False
2.5209999999998334,thumb_ik,-0.007872305931713494,0.0228452518532319,-0.0008173502719982031,0.024177402556668955,False
2.5219999999998333,thumb_ik,-0.007872589071634226,0.022840880647335735,-0.0008171428398199808,0.02417335743866209,False
2.522999999999833,thumb_ik,-0.007872854259938625,0.022836503991902582,-0.0008169200343391067,0.02416930092313224,False
2.523999999999833,thumb_ik,-0.007873101295384724,0.022832120939632175,-0.0008166820559650789,0.024165232053301577,False
2.524999999999833,thumb_ik,-0.007873330039971704,0.022827730717592254,-0.0008164290452272946,0.024161150055804805,False
2.525999999999833,thumb_ik,-0.007873540363099854,0.022823332726831527,-0.0008161611339865156,0.02415705432385438,False
2.5269999999998327,thumb_ik,-0.007873732157868046,0.0228189265225182,-0.0008158784321374429,0.024152944403321865,False
2.5279999999998326,thumb_ik,-0.00787390541036305,0.022814511778697755,-0.000815580966625689,0.024148819979966003,False
2.5289999999998325,thumb_ik,-0.007874059978674686,0.022810088337594306,-0.0008152688800767659,0.02414468086066668,False
2.5299999999998324,thumb_ik,-0.007874197268246272,0.022805655709023653,-0.0008149409315654187,0.024140526996313087,False
2.5309999999998323,thumb_ik,-0.007874315616655234,0.022801214396391142,-0.0008145986299584254,0.02413635836883488,False
2.531999999999832,thumb_ik,-0.007874415022171483,0.0227967645073317,-0.0008142419976498068,0.024132175077577967,False
2.532999999999832,thumb_ik,-0.00787449543144006,0.02279230632940356,-0.0008138709567743659,0.024127977371661738,False
2.533999999999832,thumb_ik,-0.00787455693144358,0.02278784007209847,-0.0008134854787565336,0.024123765473951838,False
2.534999999999832,thumb_ik,-0.007874599482818767,0.02278336604118006,-0.0008130856490496802,0.024119539660903497,False
2.5359999999998317,thumb_ik,-0.00787462456017303,0.02277888415266463,-0.0008126701975236898,0.024115300289528623,False
2.5369999999998316,thumb_ik,-0.007874630597329998,0.022774395246064102,-0.000812240581880428,0.024111047688377345,False
2.5379999999998315,thumb_ik,-0.007874617666492154,0.02276989971809637,-0.0008117967920475179,0.024106782253075047,False
2.5389999999998314,thumb_ik,-0.00787458582702813,0.02276539799125625,-0.0008113388344535878,0.024102504399995842,False
2.5399999999998313,thumb_ik,-0.007874535147823852,0.022760890507889056,-0.0008108667062167556,0.024098214567093518,False
2.540999999999831,thumb_ik,-0.00787446563452833,0.022756379782844033,-0.0008103799137206026,0.024093915112637095,False
2.541999999999831,thumb_ik,-0.007874377378099068,0.022751865894912293,-0.0008098785349778571,0.0240896061411184,False
2.542999999999831,thumb_ik,-0.0078742704582489,0.02274734897804552,-0.0008093626480963449,0.024085287805520893,False
2.543999999999831,thumb_ik,-0.00787414639725073,0.022742828793228864,-0.0008088310287586963,0.024080960334599187,False
2.5449999999998307,thumb_ik,-0.007874005092907435,0.02273830561081437,-0.000808283904874512,0.024076623956128147,False
2.5459999999998306,thumb_ik,-0.007873845037653537,0.02273378013993195,-0.0008077227603518512,0.024072278894723197,False
2.5469999999998305,thumb_ik,-0.007873666356870437,0.022729252639943562,-0.0008071476076615437,0.024067925434699364,False
2.5479999999998304,thumb_ik,-0.007873469168250852,0.022724723390951676,-0.0008065584627965361,0.024063563877625684,False
2.5489999999998303,thumb_ik,-0.007873253565673768,0.022720192693779506,-0.000805955360457071,0.024059194537534207,False
2.54999999999983,thumb_ik,-0.007873019663365566,0.022715660853085975,-0.0008053383149691298,0.02405481773811061,False
2.55099999999983,thumb_ik,-0.007872767627770214,0.022711128164620717,-0.0008047072921618381,0.02405043381015722,False
2.55199999999983,thumb_ik,-0.00787249794904979,0.022706594833443686,-0.0008040619658131083,0.02404604309512964,False
2.55299999999983,thumb_ik,-0.007872210214501879,0.022702061327525003,-0.0008034028205596705,0.024041645914373192,False
2.5539999999998297,thumb_ik,-0.007871904518955072,0.022697527966163852,-0.0008027298839704024,0.024037242599702545,False
2.5549999999998296,thumb_ik,-0.007871582366512309,0.02269299465637674,-0.0008020419162365275,0.024032833512978264,False
2.5559999999998295,thumb_ik,-0.007871242285708263,0.02268846216701692,-0.0008013403532440046,0.02402841894478738,False
2.5569999999998294,thumb_ik,-0.007870885791341736,0.022683930391373133,-0.0008006239449328267,0.024023999247465164,False
2.5579999999998293,thumb_ik,-0.007870511878867323,0.02267939994760823,-0.0007998937084319861,0.02401957470821981,False
2.558999999999829,thumb_ik,-0.00787012016114777,0.022674871267297517,-0.0007991501066306438,0.024015145621718532,False
2.559999999999829,thumb_ik,-0.007869710819528614,0.02267034460656034,-0.000798393088543084,0.02401071228612426,False
2.560999999999829,thumb_ik,-0.00786928391811928,0.022665820250134472,-0.0007976227099096705,0.02400627499181704,False
2.561999999999829,thumb_ik,-0.00786884095675261,0.022661298057230828,-0.0007968377345892348,0.024001834055267242,False
2.5629999999998287,thumb_ik,-0.007868380497512997,0.02265677873133766,-0.0007960395725140137,0.023997389715038713,False
2.5639999999998286,thumb_ik,-0.00786790267985088,0.02265226250936367,-0.0007952282128720102,0.023992942238985092,False
2.5649999999998285,thumb_ik,-0.007867407620050781,0.022647749626179534,-0.0007944036663069948,0.023988491886218904,False
2.5659999999998284,thumb_ik,-0.007866896660416331,0.022643239953068023,-0.0007935648384500872,0.023984038938233695,False
2.5669999999998283,thumb_ik,-0.007866368527813722,0.022638734111401826,-0.0007927129936828557,0.02397958360506872,False
2.567999999999828,thumb_ik,-0.007865823416464815,0.022634232288631123,-0.0007918480738225431,0.02397512612452194,False
2.568999999999828,thumb_ik,-0.00786526138785093,0.022629734702941967,-0.0007909701408000749,0.023970666723902193,False
2.569999999999828,thumb_ik,-0.007864682551234431,0.022625241551184325,-0.0007900792138542008,0.023966205624697735,False
2.570999999999828,thumb_ik,-0.007864087023559854,0.022620753020071327,-0.0007891753054864309,0.02396174304118918,False
2.5719999999998278,thumb_ik,-0.007863475923938643,0.022616266244127478,-0.0007882578669260697,0.023957276616852624,False
2.5729999999998276,thumb_ik,-0.007862849038035871,0.022611783309277433,-0.0007873278916815038,0.0239528082827396,False
2.5739999999998275,thumb_ik,-0.007862204958207261,0.0226073080757834,-0.0007863871998357481,0.023948341280061666,False
2.5749999999998274,thumb_ik,-0.007861543891263173,0.022602843324391164,-0.0007854360828117753,0.0239438783103618,False
2.5759999999998273,thumb_ik,-0.007860866337771943,0.02259839123534045,-0.0007844745168148551,0.023939421594377758,False
2.576999999999827,thumb_ik,-0.007860171931277193,0.022593953800712024,-0.000783503228316329,0.02393497291510332,False
2.577999999999827,thumb_ik,-0.007859460870417487,0.022589532454897962,-0.0007825224111502743,0.0239305336971089,False
2.578999999999827,thumb_ik,-0.007858734586933105,0.02258512792616979,-0.0007815311314782886,0.023926105066616733,False
2.579999999999827,thumb_ik,-0.007857991730311042,0.02258074147926202,-0.0007805309660765779,0.02392168782456425,False
2.5809999999998268,thumb_ik,-0.007857232473229059,0.02257637367167868,-0.0007795221113320074,0.0239172825593479,False
2.5819999999998267,thumb_ik,-0.007856457007246492,0.022572024818668546,-0.0007785047199829302,0.02391288963551534,False
2.5829999999998265,thumb_ik,-0.00785566554329345,0.022567695077377173,-0.0007774789613318317,0.023908509275337,False
2.5839999999998264,thumb_ik,-0.00785485833291616,0.02256338444051198,-0.0007764449704011599,0.023904141558160622,False
2.5849999999998263,thumb_ik,-0.007854035512615529,0.022559092803756065,-0.000775402987741116,0.023899786437441284,False
2.585999999999826,thumb_ik,-0.007853196421779646,0.022554810924639332,-0.0007743540793549754,0.02389543500599008,False
2.586999999999826,thumb_ik,-0.00785234127532572,0.022550540709825942,-0.0007732982931443512,0.02389108913507044,False
2.587999999999826,thumb_ik,-0.007851470321202633,0.02254628390987641,-0.000772235598714123,0.02388675055693844,False
2.588999999999826,thumb_ik,-0.007850584979124067,0.0225420417363211,-0.0007711648781442079,0.023882420845169235,False
2.5899999999998258,thumb_ik,-0.007849683908054197,0.02253781600615415,-0.0007700875046521317,0.02387810131791145,False
2.5909999999998257,thumb_ik,-0.007848767293176573,0.02253360784876693,-0.000769003470560168,0.023873793101268647,False
2.5919999999998256,thumb_ik,-0.0078478353240313,0.02252941815536741,-0.0007679127748616808,0.023869497098227853,False
2.5929999999998254,thumb_ik,-0.007846888174990338,0.02252524758560298,-0.0007668154432311815,0.023865213989141053,False
2.5939999999998253,thumb_ik,-0.007845926040670095,0.02252109657598028,-0.0007657115048944896,0.023860944250574483,False
2.5949999999998252,thumb_ik,-0.007844949105558469,0.02251696536034435,-0.0007646010176860403,0.023856688165459945,False
2.595999999999825,thumb_ik,-0.007843957579971889,0.02251285397826633,-0.0007634840349609248,0.0238524458417744,False
2.596999999999825,thumb_ik,-0.007842951683309507,0.022508762301154367,-0.0007623606192881695,0.023848217232121084,False
2.597999999999825,thumb_ik,-0.007841931618665074,0.022504690061905377,-0.0007612308632939033,0.023844002154031797,False
2.598999999999825,thumb_ik,-0.007840897611254186,0.022500636864395657,-0.0007600948523935613,0.023839800310367695,False
2.5999999999998247,thumb_ik,-0.007839849871066493,0.022496602219000447,-0.0007589526954548294,0.023835611311538357,False
2.6009999999998246,thumb_ik,-0.007838788630687543,0.022492585550459854,-0.0007578044878012967,0.02383143469418246,False
2.6019999999998245,thumb_ik,-0.007837714117345712,0.022488586225465734,-0.0007566503337608811,0.023827269938728354,False
2.6029999999998243,thumb_ik,-0.007836627691809914,0.022484603231011202,-0.0007554893103912733,0.023823116507588945,False
2.6039999999998242,thumb_ik,-0.00783552827919376,0.02248063625379494,-0.0007543227047937702,0.023818973792597616,False
2.604999999999824,thumb_ik,-0.007834416107343284,0.02247668458018723,-0.0007531506177099155,0.023814841198571596,False
2.605999999999824,thumb_ik,-0.007833291393642722,0.022472747499545795,-0.0007519731542769102,0.023810718129884535,False
2.606999999999824,thumb_ik,-0.007832155587806006,0.022468823916841227,-0.0007507891836345051,0.023806603994603676,False
2.607999999999824,thumb_ik,-0.007831007515541236,0.02246491357643908,-0.0007496000836865677,0.02380249820902846,False
2.6089999999998237,thumb_ik,-0.007829847344141064,0.022461015846941657,-0.0007484059993073285,0.023798400237178052,False
2.6099999999998236,thumb_ik,-0.007828675283077124,0.02245713011390904,-0.0007472070232074808,0.02379430957133309,False
2.6109999999998235,thumb_ik,-0.007827491589591881,0.02245325191622269,-0.0007460023666241086,0.023790222061374253,False
2.6119999999998234,thumb_ik,-0.007826296372400177,0.022449381726437276,-0.0007447922795951502,0.02378613819743938,False
2.6129999999998232,thumb_ik,-0.007825089802556445,0.022445519822865592,-0.0007435769222841025,0.023782058304025716,False
2.613999999999823,thumb_ik,-0.007823872040496574,0.022441666359798468,-0.0007423564364415977,0.023777982584510835,False
2.614999999999823,thumb_ik,-0.007822643664740517,0.02243782513617651,-0.0007411313799105083,0.023773914832635946,False
2.615999999999823,thumb_ik,-0.007821404353874406,0.022433995329118467,-0.0007399021989293042,0.023769854180404542,False
2.616999999999823,thumb_ik,-0.007820155545709057,0.02243017574814689,-0.0007386677384227831,0.02376579994192553,False
2.6179999999998227,thumb_ik,-0.007818895955105903,0.022426366146471338,-0.000737429317173053,0.02376175150299728,False
2.6189999999998226,thumb_ik,-0.00781762574555303,0.022422565957886165,-0.0007361869318297208,0.023757708383425495,False
2.6199999999998225,thumb_ik,-0.007816345485144205,0.022418770666039103,-0.0007349393812711921,0.023753666470962602,False
2.6209999999998224,thumb_ik,-0.007815054895895096,0.022414981060670885,-0.0007336871357572494,0.023749626434730803,False
2.6219999999998223,thumb_ik,-0.007813755288945581,0.022411197291658816,-0.0007324292006647345,0.02374558881761341,False
2.622999999999822,thumb_ik,-0.007812445803281123,0.02240742001310729,-0.0007311665470643679,0.023741553984365726,False
2.623999999999822,thumb_ik,-0.007811185535501447,0.02240377546469026,-0.0007299074798961767,0.02373766078347849,False
2.624999999999822,thumb_ik,-0.007809966225384241,0.02240024345510705,-0.000728649819232239,0.02373388737330604,False
2.625999999999822,thumb_ik,-0.0078087814614129225,0.02239680892224763,-0.0007273917374118408,0.023730217372612335,False
2.6269999999998217,thumb_ik,-0.007807623863022098,0.0223934555304037,-0.0007261327134099049,0.023726632919486998,False
2.6279999999998216,thumb_ik,-0.007806489212670617,0.02239016501189446,-0.000724869675402931,0.023723115291498384,False
2.6289999999998215,thumb_ik,-0.007805371388488816,0.022386925897877233,-0.0007236029345298947,0.023719651660092867,False
2.6299999999998214,thumb_ik,-0.007804266179205974,0.022383727807872053,-0.0007223318042819567,0.023716230822124332,False
2.6309999999998213,thumb_ik,-0.007803169953547143,0.02238056173943964,-0.0007210557234260846,0.023712843069802828,False
2.631999999999821,thumb_ik,-0.007802079564241088,0.022377419953387212,-0.0007197742560795979,0.02370948005074585,False
2.632999999999821,thumb_ik,-0.007800992314835498,0.022374295852144913,-0.000718487047189454,0.023706134640898557,False
2.633999999999821,thumb_ik,-0.0077999058862518456,0.02237118387439077,-0.0007171938240514604,0.023702800820946147,False
2.634999999999821,thumb_ik,-0.007798819304368015,0.02236807905006083,-0.000715893449668905,0.0236994735461198,False
2.6359999999998207,thumb_ik,-0.007797729729044203,0.022364977930022137,-0.000714586685110468,0.02369614865053252,False
2.6369999999998206,thumb_ik,-0.007796636149547301,0.022361877306384864,-0.0007132730517287085,0.02369282276050198,False
2.6379999999998205,thumb_ik,-0.0077955370049201805,0.022358774873192183,-0.0007119528121436493,0.023689493194914264,False
2.6389999999998204,thumb_ik,-0.0077944313340698596,0.0223556687614182,-0.0007106258649690785,0.02368615787146034,False
2.6399999999998203,thumb_ik,-0.007793318418959805,0.022352557571123602,-0.0007092920815973507,0.023682815229754885,False
2.64099999999982,thumb_ik,-0.0077921975982108704,0.022349440361159698,-0.0007079514338654697,0.023679464164108727,False
2.64199999999982,thumb_ik,-0.007791068766279857,0.022346316413138875,-0.0007066035137421635,0.02367610395066414,False
2.64299999999982,thumb_ik,-0.007789931197320174,0.02234318558368291,-0.0007052485963994284,0.02367273422460112,False
2.64399999999982,thumb_ik,-0.007788784585980452,0.022340047925086648,-0.0007038866677918608,0.02366935493550828,False
2.6449999999998197,thumb_ik,-0.007787628770920638,0.022336903714490056,-0.0007025176649593269,0.023665966291145823,False
2.6459999999998196,thumb_ik,-0.007786463660821127,0.02233375342475702,-0.0007011415320107538,0.023662568707286287,False
2.6469999999998195,thumb_ik,-0.00778528924046086,0.022330597671384206,-0.0006997582044983644,0.023659162759143194,False
2.6479999999998194,thumb_ik,-0.007784105534330871,0.022327437189950672,-0.0006983676321653323,0.023655749148789373,False
2.6489999999998193,thumb_ik,-0.00778291266056165,0.02232427277199528,-0.0006969697654936637,0.023652328661981525,False
2.649999999999819,thumb_ik,-0.0077817107021718734,0.022321105289070525,-0.0006955645732198874,0.023648902149012902,False
2.650999999999819,thumb_ik,-0.007780500490569886,0.02231793477652806,-0.0006941521181303249,0.023645469919970373,False
2.651999999999819,thumb_ik,-0.007779281717342115,0.022314762434088045,-0.0006927326836210987,0.02364203301534192,False
2.652999999999819,thumb_ik,-0.007778054500183443,0.02231158929095564,-0.0006913061933754745,0.02363859244432946,False
2.6539999999998187,thumb_ik,-0.007776819026337756,0.02230841630876132,-0.0006898725349675679,0.023635149174226076,False
2.6549999999998186,thumb_ik,-0.007775575434867274,0.02230524441712571,-0.0006884316609393516,0.023631704128200592,False
2.6559999999998185,thumb_ik,-0.00777432385935288,0.022302074490228405,-0.0006869835465289735,0.02362825817598499,False
2.6569999999998184,thumb_ik,-0.007772988847840612,0.022298910567175742,-0.000685520020651878,0.023624790069125927,False
2.6579999999998183,thumb_ik,-0.007771583819864869,0.022295753299577822,-0.0006840430137841393,0.02362130489853445,False
2.658999999999818,thumb_ik,-0.007770195491697843,0.022292600343148394,-0.0006825622161654131,0.023617829265567106,False
2.659999999999818,thumb_ik,-0.007768844244213743,0.022289451225844067,-0.0006810796426324761,0.023614369488083795,False
2.660999999999818,thumb_ik,-0.007767522877847474,0.022286306608585563,-0.0006795941962252985,0.023610923789240255,False
2.661999999999818,thumb_ik,-0.007766225577160113,0.02228316690175819,-0.0006781046994843477,0.023607490609347075,False
2.6629999999998177,thumb_ik,-0.007764947099582101,0.022280032513009196,-0.0006766104640019421,0.02360406858912362,False
2.6639999999998176,thumb_ik,-0.007763625503390256,0.02227691051074461,-0.0006751041991868052,0.023600643816226178,False
2.6649999999998175,thumb_ik,-0.007762267383859656,0.022273800195947213,-0.0006735868957067452,0.023597217832057607,False
2.6659999999998174,thumb_ik,-0.007760879443621346,0.022270701350515232,-0.0006720583355002176,0.023593792632567164,False
2.6669999999998173,thumb_ik,-0.0077594663193790575,0.02226761414858111,-0.0006705192986156162,0.023590369932696763,False
2.667999999999817,thumb_ik,-0.00775803119618744,0.022264538976713738,-0.0006689711290337567,0.023586951186155947,False
2.668999999999817,thumb_ik,-0.007756577496332309,0.02226147589480093,-0.0006674142914533873,0.023583537591036846,False
2.669999999999817,thumb_ik,-0.007755084258620384,0.022258427436743555,-0.0006658243956414837,0.02358012395940512,False
2.670999999999817,thumb_ik,-0.007753557827095955,0.022255392644135535,-0.0006642051321913561,0.023576711585384262,False
2.6719999999998167,thumb_ik,-0.00775200336848024,0.02225237081348913,-0.0006625608120114819,0.023573301632897444,False
2.6729999999998166,thumb_ik,-0.007750426691008935,0.022249360819734554,-0.0006608938284816263,0.02356989502377912,False
2.6739999999998165,thumb_ik,-0.007748831519264324,0.02224636200166956,-0.00065920732706393,0.023566492452703397,False
2.6749999999998164,thumb_ik,-0.0077472211205610875,0.022243373681316597,-0.0006575038837740195,0.023563094431223026,False
2.6759999999998163,thumb_ik,-0.007745594914354961,0.022240395052984238,-0.0006557859177589095,0.02355970008000989,False
2.676999999999816,thumb_ik,-0.007743956736970384,0.022237425208517334,-0.0006540543571162127,0.023556309833047576,False
2.677999999999816,thumb_ik,-0.007742307479697105,0.022234464517219,-0.0006523110121013469,0.02355292438603226,False
2.678999999999816,thumb_ik,-0.007740651345817237,0.02223151386298805,-0.0006505574047149798,0.023549546000603952,False
2.679999999999816,thumb_ik,-0.00773898972918366,0.02222857267746503,-0.0006487948621228569,0.023546174637908215,False
2.6809999999998158,thumb_ik,-0.00773731841259373,0.022225639842257908,-0.0006470152494633154,0.023542807635213395,False
2.6819999999998156,thumb_ik,-0.007735639029865168,0.022222715177383903,-0.0006452214104665545,0.023539445442151495,False
2.6829999999998155,thumb_ik,-0.007733956223266711,0.022219798978644775,-0.0006434147554888331,0.023536089905979923,False
2.6839999999998154,thumb_ik,-0.007732269784119741,0.02221689108262813,-0.0006415980164932722,0.02353274088172775,False
2.6849999999998153,thumb_ik,-0.007730581391708027,0.02221399072147208,-0.0006397716618408954,0.02352939821174279,False
2.685999999999815,thumb_ik,-0.007728890585667905,0.02221109770191096,-0.0006379377563651041,0.02352606162089304,False
2.686999999999815,thumb_ik,-0.00772719778459674,0.022208211629357835,-0.0006360971746522982,0.023522730899966145,False
2.687999999999815,thumb_ik,-0.007725503298028111,0.022205332007096096,-0.0006342506586367071,0.023519405703613997,False
2.688999999999815,thumb_ik,-0.007723807265230961,0.02220246240377706,-0.0006323966113418143,0.023516089405672982,False
2.6899999999998148,thumb_ik,-0.00772210944390421,0.022199602353730974,-0.0006305361231322727,0.023512781518356927,False
2.6909999999998147,thumb_ik,-0.007720410243805043,0.022196751331373707,-0.0006286695084871778,0.023509481690381685,False
2.6919999999998145,thumb_ik,-0.007718709295088708,0.022193909165264605,-0.0006267976545817865,0.023506189663956477,False
2.6929999999998144,thumb_ik,-0.00771700743984037,0.02219107537055369,-0.0006249201882006679,0.023502905249559402,False
2.6939999999998143,thumb_ik,-0.007715304642436985,0.0221882497530609,-0.0006230374785456128,0.02349962826364471,False
2.694999999999814,thumb_ik,-0.007713599718372696,0.022185432501021993,-0.0006211508737563494,0.023496358532348167,False
2.695999999999814,thumb_ik,-0.007711892613045515,0.022182623430349796,-0.0006192606129270459,0.023493095871650726,False
2.696999999999814,thumb_ik,-0.007710184164710185,0.02217982205050635,-0.0006173660577186053,0.023489840078108205,False
2.697999999999814,thumb_ik,-0.007708473309987848,0.022177028465880197,-0.0006154682824669883,0.023486590930869012,False
2.6989999999998138,thumb_ik,-0.0077067600047431295,0.022174242427954308,-0.0006135673853883764,0.023483348184635208,False
2.6999999999998137,thumb_ik,-0.00770504435485142,0.02217146355262682,-0.0006116633995586485,0.02348011151357776,False
2.7009999999998136,thumb_ik,-0.007703325242676612,0.022168690663185747,-0.0006097562714782838,0.023476879439676062,False
2.7019999999998134,thumb_ik,-0.007701603769805443,0.022165923334485124,-0.0006078451488466668,0.023473651902129116,False
2.7029999999998133,thumb_ik,-0.007699878949821451,0.022163161779375634,-0.0006059310717270276,0.023470428806571998,False
2.703999999999813,thumb_ik,-0.0076981516929741645,0.022160404957835514,-0.0006040133565850848,0.023467209453154735,False
2.704999999999813,thumb_ik,-0.0076964219733132305,0.022157653217088125,-0.0006020921984970957,0.023463994167565026,False
2.705999999999813,thumb_ik,-0.00769468889299893,0.022154906673047897,-0.0006001684470622846,0.02346078278780042,False
2.706999999999813,thumb_ik,-0.007692952619149485,0.02215216526816033,-0.0005982419502096985,0.023457575311599418,False
2.707999999999813,thumb_ik,-0.007691213218881762,0.022149428743632932,-0.0005963126436861893,0.023454371516128808,False
2.7089999999998127,thumb_ik,-0.007689470773588433,0.022146697293834436,-0.0005943803145254355,0.02345117160742507,False
2.7099999999998126,thumb_ik,-0.007687725337064952,0.022143970588143394,-0.0005924449157933311,0.0234479752909491,False
2.7109999999998124,thumb_ik,-0.0076859769626310415,0.022141248315871553,-0.0005905063906569523,0.023444782290577722,False
2.7119999999998123,thumb_ik,-0.007684225755338267,0.02213853018041423,-0.000588564637047595,0.0234415923593108,False
2.7129999999998122,thumb_ik,-0.007682471594987,0.022135815763692404,-0.000586619503714983,0.02343840506037162,False
2.713999999999812,thumb_ik,-0.007680714656273499,0.0221331050649361,-0.0005846711072158596,0.023435220454482767,False
2.714999999999812,thumb_ik,-0.007678955027709239,0.02213039786933417,-0.0005827193446832704,0.023432038366460555,False
2.715999999999812,thumb_ik,-0.007677192999445442,0.022127693918434388,-0.0005807639162073927,0.023428858641107997,False
2.716999999999812,thumb_ik,-0.007675429257461647,0.02212499282245199,-0.0005788041961325742,0.02342568112088336,False
2.7179999999998117,thumb_ik,-0.007673662768996836,0.0221222948032906,-0.000576841101665039,0.023422505700982477,False
2.7189999999998116,thumb_ik,-0.007671893462127197,0.0221195998103291,-0.000574874616093804,0.023419332310883032,False
2.7199999999998115,thumb_ik,-0.007670121365727062,0.02211690776265464,-0.0005729046833587541,0.023416160883521667,False
2.7209999999998113,thumb_ik,-0.00766834655522132,0.02211421859294878,-0.0005709313953388938,0.023412991383543448,False
2.7219999999998112,thumb_ik,-0.007666569087020361,0.02211153228126514,-0.0005689546520780027,0.023409823809409754,False
2.722999999999811,thumb_ik,-0.0076647897901374745,0.022108848579096688,-0.0005669735323033283,0.023406658176825537,False
2.723999999999811,thumb_ik,-0.007663008691731907,0.022106167463606677,-0.0005649879809874539,0.02340349447320296,False
2.724999999999811,thumb_ik,-0.007661225582516348,0.022103488789071743,-0.0005629979014619181,0.023400332491481265,False
2.725999999999811,thumb_ik,-0.007659439540217014,0.022100813156887444,-0.0005610044054103376,0.02339717252594379,False
2.7269999999998107,thumb_ik,-0.0076576506260737365,0.022098140526615115,-0.0005590074150739442,0.02339401455789802,False
2.7279999999998106,thumb_ik,-0.0076558588716467285,0.022095471012142195,-0.0005570068435442263,0.023390858704518378,False
2.7289999999998105,thumb_ik,-0.00765406526874185,0.02209280433694466,-0.0005550017425346616,0.023387705008035685,False
2.7299999999998104,thumb_ik,-0.007652268783394714,0.022090140888097604,-0.0005529930419651587,0.023384553519231036,False
2.7309999999998102,thumb_ik,-0.007650469455744033,0.022087480639257487,-0.0005509806983898073,0.023381404226710697,False
2.73199999999981,thumb_ik,-0.0076486678866383995,0.02208482327972243,-0.0005489653118624996,0.023378257049025096,False
2.73299999999981,thumb_ik,-0.007646864023634653,0.022082168935799104,-0.0005469467278616386,0.023375112085896987,False
2.73399999999981,thumb_ik,-0.007645057547017886,0.02207951729830239,-0.0005449248668929381,0.02337196894003173,False
2.73499999999981,thumb_ik,-0.00764325921800782,0.02207704666933935,-0.0005428656819397859,0.023368998786051514,False
2.7359999999998097,thumb_ik,-0.007641466488930285,0.022074720197746922,-0.0005407753233365245,0.023366166135260404,False
2.7369999999998096,thumb_ik,-0.007639680324203674,0.022072544871780758,-0.0005386505483784068,0.02336347784440639,False
2.7379999999998095,thumb_ik,-0.007637895472705644,0.022070482243671224,-0.0005364974780638111,0.023360896028709024,False
2.7389999999998094,thumb_ik,-0.007636108351663534,0.022068500174541816,-0.0005343225214710541,0.023358389312387293,False
2.7399999999998093,thumb_ik,-0.007634317547216982,0.022066570389002754,-0.0005321295148873438,0.023355930616551602,False
2.740999999999809,thumb_ik,-0.007632520020194211,0.02206466945964057,-0.0005299233996153285,0.023353496933678275,False
2.741999999999809,thumb_ik,-0.007630714002211242,0.022062777597534305,-0.0005277076144529144,0.023351069072489076,False
2.742999999999809,thumb_ik,-0.007628899048959484,0.022060878330439224,-0.0005254841148528561,0.023348631372408543,False
2.743999999999809,thumb_ik,-0.007627073035207155,0.02205895907663892,-0.0005232562331659238,0.023346171328823096,False
2.7449999999998087,thumb_ik,-0.00762523527500461,0.022057009900424057,-0.0005210258170772128,0.023343679372554802,False
2.7459999999998086,thumb_ik,-0.0076233852658458,0.022055023516727293,-0.0005187944300013118,0.023341148491355542,False
2.7469999999998085,thumb_ik,-0.007621525944736154,0.022052997120725504,-0.0005165634485140083,0.02333857702451789,False
2.7479999999998084,thumb_ik,-0.007619656593042631,0.022050927646493454,-0.0005143332937425464,0.023335961848696945,False
2.7489999999998083,thumb_ik,-0.007617777359385389,0.022048813103169668,-0.0005121043499429732,0.023333301138520918,False
2.749999999999808,thumb_ik,-0.007615887993442913,0.022046653134765115,-0.0005098773656557823,0.023330594490953812,False
2.750999999999808,thumb_ik,-0.007613988769646196,0.022044448497521893,-0.0005076525920463641,0.023327842714198948,False
2.751999999999808,thumb_ik,-0.0076120801115162895,0.022042200833591555,-0.0005054301380501523,0.023325047499136536,False
2.752999999999808,thumb_ik,-0.00761016261581049,0.022039912503200643,-0.0005032099380398447,0.023322211268007192,False
2.7539999999998077,thumb_ik,-0.007608237779247823,0.022037586149928318,-0.0005009910865598627,0.023319336986498965,False
2.7549999999998076,thumb_ik,-0.0076063060819731715,0.022035225141025086,-0.0004987735912800814,0.02331642799237663,False
2.7559999999998075,thumb_ik,-0.007604368256487984,0.02203283300237535,-0.000496557194059305,0.023313487850122612,False
2.7569999999998074,thumb_ik,-0.0076024241032352086,0.022030413790313813,-0.0004943424867263034,0.02331052033979687,False
2.7579999999998073,thumb_ik,-0.007600474941467192,0.022027970290667262,-0.0004921284233052603,0.023307528501482416,False
2.758999999999807,thumb_ik,-0.007598520544315826,0.022025506483604476,-0.0004899155655108678,0.02330451603408709,False
2.759999999999807,thumb_ik,-0.007596562556061642,0.02202302559028345,-0.00048770269057155785,0.023301486491913517,False
2.760999999999807,thumb_ik,-0.00759460066292679,0.022020531258855627,-0.0004854903664845006,0.023298443232274448,False
2.761999999999807,thumb_ik,-0.007592635824962876,0.02201802641199739,-0.0004832785509968941,0.023295389329388298,False
2.7629999999998067,thumb_ik,-0.007590669476955386,0.02201551363042832,-0.00048106600783420425,0.02329232766435873,False
2.7639999999998066,thumb_ik,-0.007588704225206744,0.02201303884147532,-0.00047884516437192784,0.02328930234132002,False
2.7649999999998065,thumb_ik,-0.007586739823516264,0.02201059548758509,-0.00047661715580482253,0.023286307109136824,False
2.7659999999998064,thumb_ik,-0.007584776346882927,0.02200817752983167,-0.00047438268449108423,0.023283336301917028,False
2.7669999999998063,thumb_ik,-0.007582813122470236,0.022005779850010718,-0.00047214291535873157,0.023280384889214526,False
2.767999999999806,thumb_ik,-0.007580849803525136,0.0220033978738972,-0.0004698985867673984,0.023277448451719893,False
2.768999999999806,thumb_ik,-0.007578885603081023,0.02200103268270419,-0.0004676487277864884,0.0232745277379071,False
2.769999999999806,thumb_ik,-0.007576920036972731,0.021998680070303075,-0.0004653941553424447,0.023271618633048614,False
2.770999999999806,thumb_ik,-0.007574953694402989,0.02199633644683946,-0.0004631346737938441,0.023268717933762006,False
2.7719999999998057,thumb_ik,-0.007572985378129907,0.02199399941559947,-0.000460871695749307,0.0232658230146862,False
2.7729999999998056,thumb_ik,-0.007571019415093902,0.02199166660445971,-0.0004586044539786026,0.023262933028116776,False
2.7739999999998055,thumb_ik,-0.007569055820306023,0.021989336089286812,-0.0004563327206578184,0.023260046156670947,False
2.7749999999998054,thumb_ik,-0.007567084137860655,0.02198700653946041,-0.00045406017032166915,0.02325715781332727,False
2.7759999999998053,thumb_ik,-0.007565103178695659,0.02198467576538482,-0.00045178656224883346,0.023254265537987612,False
2.776999999999805,thumb_ik,-0.0075631139996905905,0.0219823436317078,-0.0004495119128900306,0.023251369548364893,False
2.777999999999805,thumb_ik,-0.007561118374886017,0.021980009772352413,-0.00044723540770334747,0.02324847006109542,False
2.778999999999805,thumb_ik,-0.007559116193071674,0.021977674465477173,-0.0004449579018443728,0.02324556732078741,False
2.779999999999805,thumb_ik,-0.007557108126458295,0.021975337957724286,-0.000442679370996818,0.02324266177994005,False
2.7809999999998047,thumb_ik,-0.007555094796176165,0.021973000648144947,-0.0004403997131085767,0.023239754016983326,False
2.7819999999998046,thumb_ik,-0.007553076840711978,0.021970662791995943,-0.00043811884392792877,0.02323684448032261,False
2.7829999999998045,thumb_ik,-0.0075510546746247326,0.02196832495486309,-0.00043583666020676273,0.023233933838590754,False
2.7839999999998044,thumb_ik,-0.007549028771132879,0.021965987487162844,-0.00043355306234902843,0.02323102257610411,False
2.7849999999998043,thumb_ik,-0.007546999385652953,0.021963650884000957,-0.0004312680119396388,0.023228111244340217,False
2.785999999999804,thumb_ik,-0.007544966848114898,0.021961315607045714,-0.0004289814232109994,0.02322520038649576,False
2.786999999999804,thumb_ik,-0.00754293234099733,0.021958981905782105,-0.0004266923781377635,0.023222290606761644,False
2.787999999999804,thumb_ik,-0.007540895981272874,0.021956650219585816,-0.00042440089924187727,0.023219382360194094,False
2.788999999999804,thumb_ik,-0.007538857060056178,0.021954321195369636,-0.0004221077847084906,0.023216476044036632,False
2.7899999999998037,thumb_ik,-0.007536815769087504,0.021951995117047443,-0.0004198129433224361,0.023213571988460153,False
2.7909999999998036,thumb_ik,-0.0075347723183748355,0.021949672260060366,-0.0004175162685544839,0.02321067052129944,False
2.7919999999998035,thumb_ik,-0.007532726848405252,0.02194735289344381,-0.00041521767360390427,0.023207771942142887,False
2.7929999999998034,thumb_ik,-0.007530679576842836,0.021945035711107494,-0.00041291673146407956,0.023204875079990927,False
2.7939999999998033,thumb_ik,-0.007528630516271298,0.021942721413232655,-0.0004106134010084597,0.023201980601542577,False
2.794999999999803,thumb_ik,-0.007526579722192547,0.021940410459677248,-0.0004083076606301063,0.02319908896054679,False
2.795999999999803,thumb_ik,-0.007524527270478809,0.02193810320668288,-0.0004059994438532881,0.023196200518612056,False
2.796999999999803,thumb_ik,-0.007522473140232286,0.021935799961307748,-0.000403688764204848,0.02319331556087595,False
2.797999999999803,thumb_ik,-0.007520418012859048,0.02193350112679973,-0.00040137567004240593,0.023190434691828483,False
2.7989999999998028,thumb_ik,-0.007518361786988795,0.02193120684746326,-0.0003990601108906644,0.02318755801541803,False
2.7999999999998026,thumb_ik,-0.007516304373934288,0.021928917227331438,-0.000396742037488549,0.02318468560168733,False
2.8009999999998025,thumb_ik,-0.007514245704590458,0.02192663212204475,-0.00039442148220243667,0.02318181729351829,False
2.8019999999998024,thumb_ik,-0.007512185704345878,0.021924351623844318,-0.0003920983925000329,0.023178953154358473,False
2.8029999999998023,thumb_ik,-0.007510124302101406,0.021922075827552734,-0.0003897727146102009,0.023176093251258734,False
2.803999999999802,thumb_ik,-0.007508061463167959,0.02191980477251486,-0.0003874443827813351,0.02317323761043376,False
2.804999999999802,thumb_ik,-0.007505997083698937,0.021917538511131665,-0.0003851134054358579,0.023170386249315805,False
2.805999999999802,thumb_ik,-0.007503931336168376,0.02191527720567682,-0.0003827794480993178,0.023167539373128838,False
2.806999999999802,thumb_ik,-0.007501863947994611,0.021913020842869793,-0.0003804427369582253,0.02316469688621829,False
2.8079999999998018,thumb_ik,-0.007499795656369435,0.021910769176527345,-0.00037810252973927844,0.023161858783727913,False
2.8089999999998017,thumb_ik,-0.0074977255594612935,0.02190852247680085,-0.0003757596071205932,0.023159025043464815,False
2.8099999999998015,thumb_ik,-0.007495654410986416,0.021906280506753792,-0.00037341322457502824,0.02315619567471757,False
2.8109999999998014,thumb_ik,-0.007493581294143542,0.021904043619039595,-0.0003710641781246686,0.02315337072870848,False
2.8119999999998013,thumb_ik,-0.007491507025791835,0.0219018115582683,-0.0003687116770586356,0.023150550217050626,False
2.812999999999801,thumb_ik,-0.007489383912361688,0.021899605005832073,-0.0003663403029397494,0.02314773803238159,False
2.813999999999801,thumb_ik,-0.0074872199940581585,0.021897419820341546,-0.00036395315618662286,0.023144932921216457,False
2.814999999999801,thumb_ik,-0.00748502208058241,0.021895252469942728,-0.00036155280300994436,0.02314213379744192,False
2.815999999999801,thumb_ik,-0.007482795713676771,0.021893099968022744,-0.00035914118729931874,0.02313933966851413,False
2.8169999999998008,thumb_ik,-0.007480545845584788,0.021890959777085953,-0.0003567202098196144,0.02313654977342094,False
2.8179999999998007,thumb_ik,-0.007478276646982113,0.021888829783901192,-0.0003542914831475563,0.023133763493483474,False
2.8189999999998006,thumb_ik,-0.007475991675200452,0.021886708165611307,-0.00035185635349842606,0.02313098028073606,False
2.8199999999998004,thumb_ik,-0.0074736939081339465,0.021884593503932778,-0.0003494159370922671,0.023128199777802623,False
2.8209999999998003,thumb_ik,-0.007471386629400778,0.02188248440238645,-0.00034697041792950203,0.023125421731453745,False
2.8219999999998002,thumb_ik,-0.0074690713238186185,0.021880380158549234,-0.0003445211439259063,0.02312264598054333,False
2.8229999999998,thumb_ik,-0.007466750259849914,0.021878279915308746,-0.00034206827815080193,0.023119872452124123,False
2.8239999999998,thumb_ik,-0.007464424055910759,0.02187618342378818,-0.0003396131322859902,0.023117101132220385,False
2.8249999999998,thumb_ik,-0.0074620940131007035,0.021874090284499423,-0.00033715605334360896,0.0231143320699321,False
2.8259999999998,thumb_ik,-0.007459761123591951,0.021872000228538815,-0.000334697387882308,0.023111565337720227,False
2.8269999999997997,thumb_ik,-0.007457426269900855,0.021869913090767176,-0.0003322373588552016,0.0231088010686694,False
2.8279999999997996,thumb_ik,-0.007455090189035896,0.021867828841802953,-0.00032977613770938247,0.023106039476337152,False
2.8289999999997995,thumb_ik,-0.007452753754360414,0.021865747478667222,-0.0003273141453713109,0.023103280846532064,False
2.8299999999997993,thumb_ik,-0.007450417425048192,0.021863668996469313,-0.00032485138249295845,0.023100525323363163,False
2.8309999999997992,thumb_ik,-0.0074480815116560045,0.02186159344785825,-0.0003223878825175004,0.023097773057818904,False
2.831999999999799,thumb_ik,-0.007445746311971424,0.02185952086725676,-0.0003199236307220299,0.023095024178765525,False
2.832999999999799,thumb_ik,-0.007443412020590304,0.021857451365324743,-0.0003174586021082275,0.023092278853760997,False
2.833999999999799,thumb_ik,-0.007441078785180966,0.021855385061744115,-0.0003149927538499582,0.02308953724350828,False
2.834999999999799,thumb_ik,-0.007438746692946502,0.021853322114661067,-0.00031252604556800123,0.023086799525662175,False
2.8359999999997987,thumb_ik,-0.007436415805379723,0.02185126261384379,-0.0003100584157648169,0.023084065804594635,False
2.8369999999997986,thumb_ik,-0.007434086132914269,0.021849206640763244,-0.0003075898082720782,0.023081336160467696,False
2.8379999999997985,thumb_ik,-0.007431757674840972,0.02184715426413436,-0.00030512015475249454,0.023078610657647443,False
2.8389999999997984,thumb_ik,-0.007429430398569872,0.021845105544663262,-0.0003026493929221795,0.02307588934276874,False
2.8399999999997982,thumb_ik,-0.0074271042450507335,0.021843060535137362,-0.0003001774664996744,0.02307317224657069,False
2.840999999999798,thumb_ik,-0.00742477915161624,0.021841019228177105,-0.00029770432011940254,0.02307045934172302,False
2.841999999999798,thumb_ik,-0.0074224558101909505,0.0218389820755768,-0.00029522971199740997,0.023067751276066077,False
2.842999999999798,thumb_ik,-0.007420134504640477,0.021836948855880625,-0.0002927531370248669,0.023065047925390058,False
2.843999999999798,thumb_ik,-0.0074178142106882256,0.02183491976501921,-0.0002902753171400707,0.02306234915547103,False
2.8449999999997977,thumb_ik,-0.007415495431936314,0.021832894512602063,-0.0002877955572365594,0.023059654845253925,False
2.8459999999997976,thumb_ik,-0.007413177257249451,0.02183087331556552,-0.00028531447327004647,0.02305696491553753,False
2.8469999999997975,thumb_ik,-0.007410859540138898,0.02182885609760017,-0.00028283199605511414,0.023054279246842578,False
2.8479999999997974,thumb_ik,-0.0074085428820560295,0.02182684255257951,-0.00028034736833305873,0.023051597734154782,False
2.8489999999997973,thumb_ik,-0.007406227061940898,0.021824832647364636,-0.0002778606099148283,0.023048920276165678,False
2.849999999999797,thumb_ik,-0.00740391113105128,0.02182282659230704,-0.0002753724284018412,0.02304624677661706,False
2.850999999999797,thumb_ik,-0.007401595499395883,0.021820824468365835,-0.00027288285178165075,0.02304357744506497,False
2.851999999999797,thumb_ik,-0.007399280603971395,0.021818825996334404,-0.00027039120809385295,0.02304091215034769,False
2.852999999999797,thumb_ik,-0.007396965564706301,0.02181683133150769,-0.00026789807810283575,0.023038250764612266,False
2.8539999999997967,thumb_ik,-0.00739465085031675,0.021814840210949968,-0.0002654028046988957,0.023035593182640465,False
2.8549999999997966,thumb_ik,-0.007392335589520516,0.021812852814657294,-0.0002629060011776242,0.023032939303255447,False
2.8559999999997965,thumb_ik,-0.007390019680287532,0.02181086909025516,-0.00026040757996808814,0.023030289044104285,False
2.8569999999997964,thumb_ik,-0.007387703012208591,0.021808889001248374,-0.0002579074776158617,0.02302764233551447,False
2.8579999999997963,thumb_ik,-0.007385386210315814,0.02180691228737873,-0.0002554049589839867,0.023024999124387085,False
2.858999999999796,thumb_ik,-0.007383063208961649,0.02180493789922948,-0.0002528933875003622,0.023022356399860954,False
2.859999999999796,thumb_ik,-0.007380735574520805,0.02180296565332833,-0.0002503732860774377,0.023019714500479647,False
2.860999999999796,thumb_ik,-0.007378403247434717,0.021800995928628372,-0.00024784627945375476,0.023017073787518365,False
2.861999999999796,thumb_ik,-0.0073760674719943325,0.021799028638554346,-0.0002453124720371534,0.023014434582341196,False
2.8629999999997957,thumb_ik,-0.007373728557784551,0.021797063912944947,-0.00024277257171333513,0.023011797117793095,False
2.8639999999997956,thumb_ik,-0.007371399782797952,0.021795256976150826,-0.00024020196064850757,0.023009312427714663,False
2.8649999999997955,thumb_ik,-0.007369078196732312,0.021793574489468545,-0.00023760599336798,0.023006948061523806,False
2.8659999999997954,thumb_ik,-0.007366761476947384,0.021791986495802634,-0.00023498871664157442,0.023004674955070095,False
2.8669999999997953,thumb_ik,-0.00736444662165886,0.021790466821711693,-0.0002323543260171479,0.023002467408610748,False
2.867999999999795,thumb_ik,-0.007362130203080283,0.021788993006980242,-0.0002297070734514524,0.02300030310071879,False
2.868999999999795,thumb_ik,-0.007359809821770549,0.021787545696345417,-0.00022705002031681715,0.022998162965652186,False
2.869999999999795,thumb_ik,-0.007357484149391663,0.02178610846913083,-0.00022438508866627974,0.02299603104679804,False
2.870999999999795,thumb_ik,-0.007355150775105193,0.021784668349478523,-0.00022171512246026495,0.0229938943116826,False
2.8719999999997947,thumb_ik,-0.007352808989590745,0.021783214645387988,-0.00021904133601956255,0.022991742418340927,False
2.8729999999997946,thumb_ik,-0.007350457143823,0.02178173952141299,-0.00021636581198742483,0.02298956743756742,False
2.8739999999997945,thumb_ik,-0.007348095329686652,0.021780236857724372,-0.0002136890132763171,0.022987363605840777,False
2.8749999999997944,thumb_ik,-0.007345722471247651,0.021778702894504162,-0.00021101251192671977,0.022985127031884472,False
2.8759999999997943,thumb_ik,-0.007343338739139976,0.021777135182053403,-0.0002083367332208763,0.02298285545291514,False
2.876999999999794,thumb_ik,-0.00734094400646465,0.02177553294527952,-0.0002056623825456745,0.02298054809991697,False
2.877999999999794,thumb_ik,-0.007338542092970746,0.02177393321534779,-0.00020298345621206845,0.022978241229481097,False
2.878999999999794,thumb_ik,-0.007336132733901782,0.021772329070752647,-0.00020030127242680676,0.022975928213116916,False
2.879999999999794,thumb_ik,-0.007333715721614717,0.021770715148558495,-0.00019761696549236776,0.02297360391471446,False
2.8809999999997937,thumb_ik,-0.007331291016788075,0.021769087440397406,-0.00019493141175152065,0.022971264532362885,False
2.8819999999997936,thumb_ik,-0.007328858707174035,0.02176744313452529,-0.0001922452900601189,0.022968907436272695,False
2.8829999999997935,thumb_ik,-0.007326418942017562,0.02176578046782099,-0.00018955915863059017,0.02296653100844688,False
2.8839999999997934,thumb_ik,-0.007323971987180086,0.021764098545132157,-0.00018687341409322905,0.022964134488896316,False
2.8849999999997933,thumb_ik,-0.007321518197887469,0.02176239719381491,-0.00018418832398022986,0.022961717829510297,False
2.885999999999793,thumb_ik,-0.007319058657894631,0.021760676615669355,-0.00018150343323541235,0.022959281563361644,False
2.886999999999793,thumb_ik,-0.007316593042334174,0.021758937984344,-0.00017881955125415364,0.022956826705482877,False
2.887999999999793,thumb_ik,-0.007314121859562997,0.02175718251704438,-0.0001761366861298512,0.02295435457138187,False
2.888999999999793,thumb_ik,-0.007311645595425076,0.021755411695704163,-0.00017345482801795972,0.0229518667201612,False
2.8899999999997927,thumb_ik,-0.007309165446872712,0.021753626940272733,-0.00017077326675959612,0.022949364873454718,False
2.8909999999997926,thumb_ik,-0.0073066811820999555,0.02175183021723648,-0.00016809259236769472,0.02294685082567855,False
2.8919999999997925,thumb_ik,-0.007304156347178278,0.021750025708122886,-0.00016537244606737098,0.02294431664473687,False
2.8929999999997924,thumb_ik,-0.007301607357251147,0.02174830199523302,-0.00016260543192836777,0.022941851498992256,False
2.8939999999997923,thumb_ik,-0.007299038437755367,0.021746641438243994,-0.00015980032934838004,0.022939440100068723,False
2.894999999999792,thumb_ik,-0.007296452776138232,0.021745028462874724,-0.00015696479731576451,0.02293706877334686,False
2.895999999999792,thumb_ik,-0.007293853031958439,0.021743449434868292,-0.00015410524198411144,0.022934725500953584,False
2.896999999999792,thumb_ik,-0.007291241316964958,0.021741892650434677,-0.00015122712477012162,0.022932399909484147,False
2.897999999999792,thumb_ik,-0.007288619346119962,0.021740348229897052,-0.0001483350627518691,0.022930083218790632,False
2.8989999999997917,thumb_ik,-0.007285988518573344,0.021738808001503573,-0.00014543295444444104,0.02292776815922685,False
2.8999999999997916,thumb_ik,-0.007283350031377089,0.02173726535119981,-0.0001425240409889776,0.02292544886649534,False
2.9009999999997915,thumb_ik,-0.00728070483529962,0.02173571507049739,-0.00013961096818294189,0.022923120724435395,False
2.9019999999997914,thumb_ik,-0.007278044774793019,0.021734154824572832,-0.00013669772363225294,0.02292077895600498,False
2.9029999999997913,thumb_ik,-0.007275372071777281,0.021732581579695917,-0.00013378600622649534,0.022918421402801658,False
2.903999999999791,thumb_ik,-0.007272688625645188,0.02173099329140145,-0.00013087715652218904,0.02291604673818377,False
2.904999999999791,thumb_ik,-0.007269996085800257,0.02172938875088784,-0.00012797220063297254,0.02291365434536571,False
2.905999999999791,thumb_ik,-0.007267295887934511,0.02172776744947369,-0.00012507190839350715,0.02291124420112246,False
2.906999999999791,thumb_ik,-0.007264589310704353,0.02172612944307753,-0.0001221768159231397,0.022908816765710736,False
2.9079999999997908,thumb_ik,-0.007261877473548853,0.02172447524512923,-0.00011928729000661165,0.022906372881244776,False
2.9089999999997906,thumb_ik,-0.007259161389547575,0.02172280569135808,-0.0001164035265581384,0.022903913660442234,False
2.9099999999997905,thumb_ik,-0.007256441939680627,0.021721121906856516,-0.00011352562442245792,0.022901440447794512,False
2.9109999999997904,thumb_ik,-0.007253719924995461,0.021719425187870053,-0.00011065356747463548,0.022898954724042648,False
2.9119999999997903,thumb_ik,-0.0072509960344489255,0.02171771694894406,-0.00010778728419411077,0.022896458046271703,False
2.91299999999979,thumb_ik,-0.00724827087600903,0.0217159986568487,-0.00010492664264371773,0.02289395199515784,False
2.91399999999979,thumb_ik,-0.007245544994594372,0.02171427177827394,-0.0001020714538398533,0.02289143813112502,False
2.91499999999979,thumb_ik,-0.007242818860717579,0.021712537747508157,-9.92214996030083e-05,0.022888917960273182,False
2.91599999999979,thumb_ik,-0.007240092878573967,0.02171079793605249,-9.637653955385864e-05,0.022886392908185747,False
2.9169999999997898,thumb_ik,-0.007237367384455282,0.021709053632649328,-9.353632507025714e-05,0.022883864300570603,False
2.9179999999997897,thumb_ik,-0.007234642666630195,0.021707306022819034,-9.07005913557482e-05,0.02288133335012219,False
2.9189999999997895,thumb_ik,-0.0072319189562686514,0.02170555618432818,-8.786907540302494e-05,0.022878801149436946,False
2.9199999999997894,thumb_ik,-0.007229196440232691,0.0217038050759686,-8.504150452849635e-05,0.022876268664373697,False
2.9209999999997893,thumb_ik,-0.007226475257632439,0.021702053542194955,-8.22176227366321e-05,0.02287373673746725,False
2.921999999999789,thumb_ik,-0.007223755491115258,0.02170030231798753,-7.939719631986503e-05,0.022871206089803316,False
2.922999999999789,thumb_ik,-0.007221037205630179,0.021698552022180198,-7.65799830113427e-05,0.022868677326818743,False
2.923999999999789,thumb_ik,-0.007218320417684998,0.02169680317188949,-7.376575922983172e-05,0.022866150942371495,False
2.924999999999789,thumb_ik,-0.0072156051304175794,0.02169505618691582,-7.095430579092538e-05,0.02286362733393486,False
2.9259999999997888,thumb_ik,-0.0072128913176143505,0.021693311400918194,-6.814541882812011e-05,0.022861106808180372,False
2.9269999999997887,thumb_ik,-0.0072101789307880415,0.021691569069388128,-6.53389065634058e-05,0.02285858959075836,False
2.9279999999997885,thumb_ik,-0.00720746791455594,0.021689829375076575,-6.253457787524022e-05,0.022856075836256717,False
2.9289999999997884,thumb_ik,-0.007204758181600837,0.02168809244621442,-5.973226845665258e-05,0.022853565637658866,False
2.9299999999997883,thumb_ik,-0.007202049638548466,0.021686358358053187,-5.693181878828682e-05,0.022851059035896126,False
2.930999999999788,thumb_ik,-0.007199342169967343,0.02168462714807888,-5.4133090890865626e-05,0.022848556029276754,False
2.931999999999788,thumb_ik,-0.007196635675269028,0.021682898810899617,-5.133593586877094e-05,0.02284605658017546,False
2.932999999999788,thumb_ik,-0.007193930035319179,0.021681173318116226,-4.854022642801839e-05,0.022843560623441436,False
2.933999999999788,thumb_ik,-0.0071912251428378204,0.02167945061559068,-4.574582949152042e-05,0.022841068073313334,False
2.934999999999788,thumb_ik,-0.007188520881410879,0.02167773063623575,-4.295262689098939e-05,0.022838578828986517,False
2.9359999999997877,thumb_ik,-0.00718581712785879,0.021676013305126085,-4.016051396657852e-05,0.022836092780200247,False
2.9369999999997876,thumb_ik,-0.007183113766232763,0.02167429853919342,-3.736938695906092e-05,0.02283360981132432,False
2.9379999999997874,thumb_ik,-0.007180410688071612,0.021672586251021572,-3.457914321616448e-05,0.022831129805037854,False
2.9389999999997873,thumb_ik,-0.007177707771747643,0.021670876358642815,-3.178970091255798e-05,0.0228286526451579,False
2.9399999999997872,thumb_ik,-0.007175004911198865,0.02166916875397927,-2.9000963684210068e-05,0.022826178195660657,False
2.940999999999787,thumb_ik,-0.007172301987211624,0.02166746336857156,-2.6212866363613946e-05,0.022823706354107198,False
2.941999999999787,thumb_ik,-0.007169598918975631,0.021665760129104414,-2.342531621267116e-05,0.022821237025549397,False
2.942999999999787,thumb_ik,-0.0071668956675436934,0.021664058966764432,-2.0638236108354996e-05,0.02281877013253985,False
2.943999999999787,thumb_ik,-0.007164192146508042,0.021662359822060356,-1.7851546795982776e-05,0.022816305591620772,False
2.9449999999997867,thumb_ik,-0.00716148853315933,0.021660662558107086,-1.5064929905442975e-05,0.0228138433285334,False
2.9459999999997866,thumb_ik,-0.007158784705495372,0.02165896715309293,-1.2278351113108321e-05,0.022811383284586203,False
2.9469999999997865,thumb_ik,-0.007156080553715416,0.02165727358008787,-9.49178187746244e-06,0.022808925400113863,False
2.9479999999997863,thumb_ik,-0.007153375976397966,0.02165558181730992,-6.7051936950800195e-06,0.022806469623015618,False
2.9489999999997862,thumb_ik,-0.007150670884288085,0.021653891847311077,-3.918552133531927e-06,0.022804015909166114,False
2.949999999999786,thumb_ik,-0.007147965183807059,0.02165220366004196,-1.1318358914026716e-06,0.022801564220156143,False
2.950999999999786,thumb_ik,-0.007145258809554883,0.021650517239619887,1.654992767604474e-06,0.022799114520910692,False
2.951999999999786,thumb_ik,-0.00714255169057848,0.021648832581969507,4.441963915621794e-06,0.022796666785865286,False
2.952999999999786,thumb_ik,-0.00713984374810088,0.021647149685572256,7.229089439432512e-06,0.022794220989465735,False
2.9539999999997857,thumb_ik,-0.007137133309088578,0.021645469212669133,1.0016988667461979e-05,0.02279177723759977,False
2.9549999999997856,thumb_ik,-0.007134420602307651,0.02164379101037399,1.2805574900680294e-05,0.022789335457931333,False
2.9559999999997855,thumb_ik,-0.00713170582101616,0.021642114950161384,1.559478311210713e-05,0.022786895590026626,False
2.9569999999997854,thumb_ik,-0.007128989102199307,0.021640440933055616,1.838454151066593e-05,0.02278445758379409,False
2.9579999999997852,thumb_ik,-0.007126270573367954,0.02163876887359345,2.1174808140150825e-05,0.022782021398948478,False
2.958999999999785,thumb_ik,-0.007123550325149983,0.02163709870707904,2.3965538825106852e-05,0.022779587003321132,False
2.959999999999785,thumb_ik,-0.0071208284345669615,0.02163543038075258,2.6756703818624217e-05,0.022777154371785083,False
2.960999999999785,thumb_ik,-0.007118104973437275,0.021633763850095244,2.954829063019082e-05,0.022774723485391418,False
2.961999999999785,thumb_ik,-0.007115392085776967,0.021632095132204918,3.235056220452989e-05,0.022772294370615714,False
2.9629999999997847,thumb_ik,-0.007112689465366001,0.021630424290689745,3.5163219045133975e-05,0.022769866992979188,False
2.9639999999997846,thumb_ik,-0.00710999892416489,0.02162875068818633,3.79877397726526e-05,0.022767441316531804,False
2.9649999999997845,thumb_ik,-0.007107320693705996,0.021627074195559856,4.0824291975070925e-05,0.02276501729246538,False
2.9659999999997844,thumb_ik,-0.007104655427076195,0.021625394290376507,4.367334574544371e-05,0.02276259463050864,False
2.9669999999997843,thumb_ik,-0.007102003463415135,0.021623710849440966,4.65351949126315e-05,0.02276017332137339,False
2.967999999999784,thumb_ik,-0.0070993647122826326,0.021622023880586594,4.940977854828166e-05,0.022757753345549664,False
2.968999999999784,thumb_ik,-0.007096739455856482,0.021620333262793293,5.229735613032291e-05,0.022755334678092837,False
2.969999999999784,thumb_ik,-0.007094127924359206,0.021618638886401212,5.519814762259059e-05,0.0227529172886312,False
2.970999999999784,thumb_ik,-0.00709152893026499,0.021616936200126724,5.811167354707533e-05,0.022750496482840478,False
2.9719999999997837,thumb_ik,-0.0070889429067510085,0.0216152260582015,6.103823944098377e-05,0.022748073209592996,False
2.9729999999997836,thumb_ik,-0.007086370207459863,0.021613509233009906,6.397808943255437e-05,0.02274564831519442,False
2.9739999999997835,thumb_ik,-0.007083811155690747,0.021611786440121183,6.693145151034571e-05,0.022743222582608993,False
2.9749999999997834,thumb_ik,-0.007081266022914881,0.021610058253675554,6.989852313440265e-05,0.02274079664431473,False
2.9759999999997833,thumb_ik,-0.007078735023268917,0.02160832516444164,7.28794621000263e-05,0.022738371035716076,False
2.976999999999783,thumb_ik,-0.007076218341606336,0.021606587576296382,7.587441265471603e-05,0.02273594620060372,False
2.977999999999783,thumb_ik,-0.00707371622014713,0.021604844638203724,7.888371665875499e-05,0.02273352140881053,False
2.978999999999783,thumb_ik,-0.0070712287323424355,0.02160309690214099,8.190742961037764e-05,0.022731097210108978,False
2.979999999999783,thumb_ik,-0.007068755909253446,0.02160134479609717,8.494558018796658e-05,0.022728674023270105,False
2.9809999999997827,thumb_ik,-0.007066297767658519,0.0215995886378514,8.799819525505403e-05,0.02272625215797764,False
2.9819999999997826,thumb_ik,-0.007063854293504576,0.021597828661698695,9.106528194562438e-05,0.02272383183500381,False
2.9829999999997825,thumb_ik,-0.007061425442873484,0.02159606503151358,9.41468281308519e-05,0.022721413198915946,False
2.9839999999997824,thumb_ik,-0.0070590111723544124,0.02159429784788068,9.724282781812046e-05,0.02271899633438878,False
2.9849999999997823,thumb_ik,-0.00705653839008534,0.021592556146337122,0.00010037539833538875,0.02271658623570144,False
2.985999999999782,thumb_ik,-0.007054020030649297,0.021590833926503836,0.00010353997487474315,0.022714181225856844,False
2.986999999999782,thumb_ik,-0.007051466958685693,0.02158912607351486,0.00010673269263816385,0.022711779823590073,False
2.987999999999782,thumb_ik,-0.007048888299847622,0.02158742824890872,0.0001099502964974873,0.02270938074305882,False
2.988999999999782,thumb_ik,-0.007046291697765231,0.0215857368002271,0.00011319004209211017,0.022706982888184474,False
2.9899999999997817,thumb_ik,-0.007043683560943592,0.021584048670790223,0.00011644963750410964,0.022704585344106663,False
2.9909999999997816,thumb_ik,-0.0070410692368683275,0.02158236132771528,0.00011972716101909045,0.022702187363148937,False
2.9919999999997815,thumb_ik,-0.007038453173406081,0.02158067269515107,0.00012302100268299365,0.02269978835180122,False
2.9929999999997814,thumb_ik,-0.007035839261223892,0.02157898137017457,0.00012632971603085755,0.022697388181931264,False
2.9939999999997813,thumb_ik,-0.00703323053650956,0.0215772859403513,0.0001296522270557987,0.02269498645144678,False
2.994999999999781,thumb_ik,-0.007030629490503912,0.02157558529312459,0.00013298764199924304,0.022692582873850255,False
2.995999999999781,thumb_ik,-0.0070280376481419715,0.021573878256974044,0.00013633504756211529,0.02269017680573759,False
2.996999999999781,thumb_ik,-0.007025456763243662,0.021572164217557935,0.00013969388155091883,0.02268776820540169,False
2.997999999999781,thumb_ik,-0.007022888249618386,0.021570442732359904,0.00014306368653461618,0.022685357088991373,False
2.9989999999997807,thumb_ik,-0.007020333248562133,0.021568713501014317,0.00014644410527875698,0.02268294352339826,False
2.9999999999997806,thumb_ik,-0.0070177926630898835,0.02156697634201482,0.00014983485578476743,0.022680527614743737,False
